{
  "type": "FeatureCollection",
  "features": [
    {
      "type": "Feature",
      "geometry": {
        "type": "LineString",
        "coordinates": [
          [
            225012.17584009294,
            1936026.903116108
          ],
          [
            225016.55553000164,
            1936022.3141378758
          ]
        ]
      },
      "properties": {
        "edge_id": "1428964117_7694521070_0",
        "width_dir_m": 3.5,
        "lanes_effective": 1
      }
    },
    {
      "type": "Feature",
      "geometry": {
        "type": "LineString",
        "coordinates": [
          [
            225012.17584009294,
            1936026.903116108
          ],
          [
            224977.58180438972,
            1936061.8370506563
          ]
        ]
      },
      "properties": {
        "edge_id": "1428964117_1431247190_0",
        "width_dir_m": 1.75,
        "lanes_effective": 1
      }
    },
    {
      "type": "Feature",
      "geometry": {
        "type": "LineString",
        "coordinates": [
          [
            225012.17584009294,
            1936026.903116108
          ],
          [
            225037.52784594585,
            1936050.8446444832
          ],
          [
            225051.80028837145,
            1936064.9476885435
          ],
          [
            225076.1872830841,
            1936089.046337513
          ],
          [
            225092.08451013657,
            1936104.6334363697
          ],
          [
            225101.3471936584,
            1936113.7214459407
          ],
          [
            225129.65355986147,
            1936140.8123327498
          ]
        ]
      },
      "properties": {
        "edge_id": "1428964117_2710750961_0",
        "width_dir_m": 3.5,
        "lanes_effective": 1
      }
    },
    {
      "type": "Feature",
      "geometry": {
        "type": "LineString",
        "coordinates": [
          [
            225016.55553000164,
            1936022.3141378758
          ],
          [
            225050.45040588564,
            1935987.5337626778
          ]
        ]
      },
      "properties": {
        "edge_id": "7694521070_1431243012_0",
        "width_dir_m": 3.5,
        "lanes_effective": 1
      }
    },
    {
      "type": "Feature",
      "geometry": {
        "type": "LineString",
        "coordinates": [
          [
            225016.55553000164,
            1936022.3141378758
          ],
          [
            225012.17584009294,
            1936026.903116108
          ]
        ]
      },
      "properties": {
        "edge_id": "7694521070_1428964117_0",
        "width_dir_m": 3.5,
        "lanes_effective": 1
      }
    },
    {
      "type": "Feature",
      "geometry": {
        "type": "LineString",
        "coordinates": [
          [
            225016.55553000164,
            1936022.3141378758
          ],
          [
            225000.91694587516,
            1936007.0004248263
          ],
          [
            224898.3741390973,
            1935905.9896614489
          ]
        ]
      },
      "properties": {
        "edge_id": "7694521070_7694521080_0",
        "width_dir_m": 7.0,
        "lanes_effective": 2
      }
    },
    {
      "type": "Feature",
      "geometry": {
        "type": "LineString",
        "coordinates": [
          [
            224977.58180438972,
            1936061.8370506563
          ],
          [
            225012.17584009294,
            1936026.903116108
          ]
        ]
      },
      "properties": {
        "edge_id": "1431247190_1428964117_0",
        "width_dir_m": 1.75,
        "lanes_effective": 1
      }
    },
    {
      "type": "Feature",
      "geometry": {
        "type": "LineString",
        "coordinates": [
          [
            224977.58180438972,
            1936061.8370506563
          ],
          [
            225015.58540266933,
            1936099.4716909481
          ]
        ]
      },
      "properties": {
        "edge_id": "1431247190_1431248495_0",
        "width_dir_m": 1.75,
        "lanes_effective": 1
      }
    },
    {
      "type": "Feature",
      "geometry": {
        "type": "LineString",
        "coordinates": [
          [
            224977.58180438972,
            1936061.8370506563
          ],
          [
            224938.5669551157,
            1936099.8877242168
          ],
          [
            224913.1821545678,
            1936127.4538942673
          ]
        ]
      },
      "properties": {
        "edge_id": "1431247190_2710761000_0",
        "width_dir_m": 1.75,
        "lanes_effective": 1
      }
    },
    {
      "type": "Feature",
      "geometry": {
        "type": "LineString",
        "coordinates": [
          [
            225129.65355986147,
            1936140.8123327498
          ],
          [
            225094.3497861789,
            1936177.47225019
          ]
        ]
      },
      "properties": {
        "edge_id": "2710750961_1431247191_0",
        "width_dir_m": 1.75,
        "lanes_effective": 1
      }
    },
    {
      "type": "Feature",
      "geometry": {
        "type": "LineString",
        "coordinates": [
          [
            225129.65355986147,
            1936140.8123327498
          ],
          [
            225167.18016110983,
            1936175.4414402635
          ]
        ]
      },
      "properties": {
        "edge_id": "2710750961_1431239091_0",
        "width_dir_m": 3.5,
        "lanes_effective": 1
      }
    },
    {
      "type": "Feature",
      "geometry": {
        "type": "LineString",
        "coordinates": [
          [
            225133.88875797135,
            1936278.0663264063
          ],
          [
            225166.31803786394,
            1936310.6273188952
          ]
        ]
      },
      "properties": {
        "edge_id": "1428964135_3602321310_0",
        "width_dir_m": 1.75,
        "lanes_effective": 1
      }
    },
    {
      "type": "Feature",
      "geometry": {
        "type": "LineString",
        "coordinates": [
          [
            225133.88875797135,
            1936278.0663264063
          ],
          [
            225164.36434688547,
            1936243.498686326
          ]
        ]
      },
      "properties": {
        "edge_id": "1428964135_3602321103_0",
        "width_dir_m": 1.75,
        "lanes_effective": 1
      }
    },
    {
      "type": "Feature",
      "geometry": {
        "type": "LineString",
        "coordinates": [
          [
            225133.88875797135,
            1936278.0663264063
          ],
          [
            225090.5658155759,
            1936319.696951292
          ],
          [
            225060.8081297733,
            1936349.991331962
          ]
        ]
      },
      "properties": {
        "edge_id": "1428964135_3602321375_0",
        "width_dir_m": 1.75,
        "lanes_effective": 1
      }
    },
    {
      "type": "Feature",
      "geometry": {
        "type": "LineString",
        "coordinates": [
          [
            225166.31803786394,
            1936310.6273188952
          ],
          [
            225198.7830934971,
            1936342.7005887392
          ]
        ]
      },
      "properties": {
        "edge_id": "3602321310_1428964153_0",
        "width_dir_m": 1.75,
        "lanes_effective": 1
      }
    },
    {
      "type": "Feature",
      "geometry": {
        "type": "LineString",
        "coordinates": [
          [
            225166.31803786394,
            1936310.6273188952
          ],
          [
            225133.88875797135,
            1936278.0663264063
          ]
        ]
      },
      "properties": {
        "edge_id": "3602321310_1428964135_0",
        "width_dir_m": 1.75,
        "lanes_effective": 1
      }
    },
    {
      "type": "Feature",
      "geometry": {
        "type": "LineString",
        "coordinates": [
          [
            225166.31803786394,
            1936310.6273188952
          ],
          [
            225125.67038226582,
            1936352.8416797968
          ],
          [
            225097.5374304254,
            1936381.485984599
          ]
        ]
      },
      "properties": {
        "edge_id": "3602321310_3602321528_0",
        "width_dir_m": 1.75,
        "lanes_effective": 1
      }
    },
    {
      "type": "Feature",
      "geometry": {
        "type": "LineString",
        "coordinates": [
          [
            225164.36434688547,
            1936243.498686326
          ],
          [
            225132.53159238986,
            1936212.6128847853
          ]
        ]
      },
      "properties": {
        "edge_id": "3602321103_1431193620_0",
        "width_dir_m": 1.75,
        "lanes_effective": 1
      }
    },
    {
      "type": "Feature",
      "geometry": {
        "type": "LineString",
        "coordinates": [
          [
            225164.36434688547,
            1936243.498686326
          ],
          [
            225222.38692033873,
            1936299.8098691772
          ]
        ]
      },
      "properties": {
        "edge_id": "3602321103_1431204354_0",
        "width_dir_m": 1.75,
        "lanes_effective": 1
      }
    },
    {
      "type": "Feature",
      "geometry": {
        "type": "LineString",
        "coordinates": [
          [
            225164.36434688547,
            1936243.498686326
          ],
          [
            225133.88875797135,
            1936278.0663264063
          ]
        ]
      },
      "properties": {
        "edge_id": "3602321103_1428964135_0",
        "width_dir_m": 1.75,
        "lanes_effective": 1
      }
    },
    {
      "type": "Feature",
      "geometry": {
        "type": "LineString",
        "coordinates": [
          [
            225060.8081297733,
            1936349.991331962
          ],
          [
            225046.1791338807,
            1936336.2253889348
          ],
          [
            225040.34607228782,
            1936332.3954282007
          ],
          [
            225034.0723798761,
            1936325.8582282593
          ],
          [
            225027.78272524284,
            1936318.1473587044
          ]
        ]
      },
      "properties": {
        "edge_id": "3602321375_3602321322_0",
        "width_dir_m": 1.75,
        "lanes_effective": 1
      }
    },
    {
      "type": "Feature",
      "geometry": {
        "type": "LineString",
        "coordinates": [
          [
            225060.8081297733,
            1936349.991331962
          ],
          [
            225067.1749203452,
            1936353.2160228847
          ],
          [
            225085.05714350083,
            1936370.2157771017
          ],
          [
            225097.5374304254,
            1936381.485984599
          ]
        ]
      },
      "properties": {
        "edge_id": "3602321375_3602321528_0",
        "width_dir_m": 1.75,
        "lanes_effective": 1
      }
    },
    {
      "type": "Feature",
      "geometry": {
        "type": "LineString",
        "coordinates": [
          [
            225060.8081297733,
            1936349.991331962
          ],
          [
            225090.5658155759,
            1936319.696951292
          ],
          [
            225133.88875797135,
            1936278.0663264063
          ]
        ]
      },
      "properties": {
        "edge_id": "3602321375_1428964135_0",
        "width_dir_m": 1.75,
        "lanes_effective": 1
      }
    },
    {
      "type": "Feature",
      "geometry": {
        "type": "LineString",
        "coordinates": [
          [
            225198.7830934971,
            1936342.7005887392
          ],
          [
            225235.09680750623,
            1936377.2576411825
          ]
        ]
      },
      "properties": {
        "edge_id": "1428964153_1428964157_0",
        "width_dir_m": 1.75,
        "lanes_effective": 1
      }
    },
    {
      "type": "Feature",
      "geometry": {
        "type": "LineString",
        "coordinates": [
          [
            225198.7830934971,
            1936342.7005887392
          ],
          [
            225166.31803786394,
            1936310.6273188952
          ]
        ]
      },
      "properties": {
        "edge_id": "1428964153_3602321310_0",
        "width_dir_m": 1.75,
        "lanes_effective": 1
      }
    },
    {
      "type": "Feature",
      "geometry": {
        "type": "LineString",
        "coordinates": [
          [
            225198.7830934971,
            1936342.7005887392
          ],
          [
            225169.5904137396,
            1936371.5695897406
          ],
          [
            225138.0930166475,
            1936402.873118109
          ],
          [
            225128.67504676548,
            1936412.059995348
          ]
        ]
      },
      "properties": {
        "edge_id": "1428964153_1428964161_0",
        "width_dir_m": 1.75,
        "lanes_effective": 1
      }
    },
    {
      "type": "Feature",
      "geometry": {
        "type": "LineString",
        "coordinates": [
          [
            225235.09680750623,
            1936377.2576411825
          ],
          [
            225165.9690744439,
            1936446.0277314885
          ]
        ]
      },
      "properties": {
        "edge_id": "1428964157_1428964164_0",
        "width_dir_m": 1.75,
        "lanes_effective": 1
      }
    },
    {
      "type": "Feature",
      "geometry": {
        "type": "LineString",
        "coordinates": [
          [
            225235.09680750623,
            1936377.2576411825
          ],
          [
            225273.58673081192,
            1936412.438565691
          ]
        ]
      },
      "properties": {
        "edge_id": "1428964157_1428964162_0",
        "width_dir_m": 1.75,
        "lanes_effective": 1
      }
    },
    {
      "type": "Feature",
      "geometry": {
        "type": "LineString",
        "coordinates": [
          [
            225235.09680750623,
            1936377.2576411825
          ],
          [
            225198.7830934971,
            1936342.7005887392
          ]
        ]
      },
      "properties": {
        "edge_id": "1428964157_1428964153_0",
        "width_dir_m": 1.75,
        "lanes_effective": 1
      }
    },
    {
      "type": "Feature",
      "geometry": {
        "type": "LineString",
        "coordinates": [
          [
            225128.67504676548,
            1936412.059995348
          ],
          [
            225097.5374304254,
            1936381.485984599
          ]
        ]
      },
      "properties": {
        "edge_id": "1428964161_3602321528_0",
        "width_dir_m": 1.75,
        "lanes_effective": 1
      }
    },
    {
      "type": "Feature",
      "geometry": {
        "type": "LineString",
        "coordinates": [
          [
            225128.67504676548,
            1936412.059995348
          ],
          [
            225165.9690744439,
            1936446.0277314885
          ]
        ]
      },
      "properties": {
        "edge_id": "1428964161_1428964164_0",
        "width_dir_m": 1.75,
        "lanes_effective": 1
      }
    },
    {
      "type": "Feature",
      "geometry": {
        "type": "LineString",
        "coordinates": [
          [
            225128.67504676548,
            1936412.059995348
          ],
          [
            225096.29830123205,
            1936445.1142442944
          ]
        ]
      },
      "properties": {
        "edge_id": "1428964161_1431193623_0",
        "width_dir_m": 1.75,
        "lanes_effective": 1
      }
    },
    {
      "type": "Feature",
      "geometry": {
        "type": "LineString",
        "coordinates": [
          [
            225128.67504676548,
            1936412.059995348
          ],
          [
            225138.0930166475,
            1936402.873118109
          ],
          [
            225169.5904137396,
            1936371.5695897406
          ],
          [
            225198.7830934971,
            1936342.7005887392
          ]
        ]
      },
      "properties": {
        "edge_id": "1428964161_1428964153_0",
        "width_dir_m": 1.75,
        "lanes_effective": 1
      }
    },
    {
      "type": "Feature",
      "geometry": {
        "type": "LineString",
        "coordinates": [
          [
            225165.9690744439,
            1936446.0277314885
          ],
          [
            225235.09680750623,
            1936377.2576411825
          ]
        ]
      },
      "properties": {
        "edge_id": "1428964164_1428964157_0",
        "width_dir_m": 1.75,
        "lanes_effective": 1
      }
    },
    {
      "type": "Feature",
      "geometry": {
        "type": "LineString",
        "coordinates": [
          [
            225165.9690744439,
            1936446.0277314885
          ],
          [
            225128.67504676548,
            1936412.059995348
          ]
        ]
      },
      "properties": {
        "edge_id": "1428964164_1428964161_0",
        "width_dir_m": 1.75,
        "lanes_effective": 1
      }
    },
    {
      "type": "Feature",
      "geometry": {
        "type": "LineString",
        "coordinates": [
          [
            225165.9690744439,
            1936446.0277314885
          ],
          [
            225204.35963292216,
            1936484.8422800342
          ]
        ]
      },
      "properties": {
        "edge_id": "1428964164_1428964186_0",
        "width_dir_m": 1.75,
        "lanes_effective": 1
      }
    },
    {
      "type": "Feature",
      "geometry": {
        "type": "LineString",
        "coordinates": [
          [
            225273.58673081192,
            1936412.438565691
          ],
          [
            225240.91917397582,
            1936447.5674117594
          ]
        ]
      },
      "properties": {
        "edge_id": "1428964162_11878442973_0",
        "width_dir_m": 1.75,
        "lanes_effective": 1
      }
    },
    {
      "type": "Feature",
      "geometry": {
        "type": "LineString",
        "coordinates": [
          [
            225273.58673081192,
            1936412.438565691
          ],
          [
            225310.44355909736,
            1936447.0990826683
          ]
        ]
      },
      "properties": {
        "edge_id": "1428964162_1428964168_0",
        "width_dir_m": 1.75,
        "lanes_effective": 1
      }
    },
    {
      "type": "Feature",
      "geometry": {
        "type": "LineString",
        "coordinates": [
          [
            225273.58673081192,
            1936412.438565691
          ],
          [
            225235.09680750623,
            1936377.2576411825
          ]
        ]
      },
      "properties": {
        "edge_id": "1428964162_1428964157_0",
        "width_dir_m": 1.75,
        "lanes_effective": 1
      }
    },
    {
      "type": "Feature",
      "geometry": {
        "type": "LineString",
        "coordinates": [
          [
            225097.5374304254,
            1936381.485984599
          ],
          [
            225128.67504676548,
            1936412.059995348
          ]
        ]
      },
      "properties": {
        "edge_id": "3602321528_1428964161_0",
        "width_dir_m": 1.75,
        "lanes_effective": 1
      }
    },
    {
      "type": "Feature",
      "geometry": {
        "type": "LineString",
        "coordinates": [
          [
            225097.5374304254,
            1936381.485984599
          ],
          [
            225085.05714350083,
            1936370.2157771017
          ],
          [
            225067.1749203452,
            1936353.2160228847
          ],
          [
            225060.8081297733,
            1936349.991331962
          ]
        ]
      },
      "properties": {
        "edge_id": "3602321528_3602321375_0",
        "width_dir_m": 1.75,
        "lanes_effective": 1
      }
    },
    {
      "type": "Feature",
      "geometry": {
        "type": "LineString",
        "coordinates": [
          [
            225097.5374304254,
            1936381.485984599
          ],
          [
            225125.67038226582,
            1936352.8416797968
          ],
          [
            225166.31803786394,
            1936310.6273188952
          ]
        ]
      },
      "properties": {
        "edge_id": "3602321528_3602321310_0",
        "width_dir_m": 1.75,
        "lanes_effective": 1
      }
    },
    {
      "type": "Feature",
      "geometry": {
        "type": "LineString",
        "coordinates": [
          [
            225096.29830123205,
            1936445.1142442944
          ],
          [
            225128.67504676548,
            1936412.059995348
          ]
        ]
      },
      "properties": {
        "edge_id": "1431193623_1428964161_0",
        "width_dir_m": 1.75,
        "lanes_effective": 1
      }
    },
    {
      "type": "Feature",
      "geometry": {
        "type": "LineString",
        "coordinates": [
          [
            225096.29830123205,
            1936445.1142442944
          ],
          [
            225064.92024087318,
            1936478.1439091996
          ]
        ]
      },
      "properties": {
        "edge_id": "1431193623_1428964174_0",
        "width_dir_m": 1.75,
        "lanes_effective": 1
      }
    },
    {
      "type": "Feature",
      "geometry": {
        "type": "LineString",
        "coordinates": [
          [
            225096.29830123205,
            1936445.1142442944
          ],
          [
            225031.2468778412,
            1936382.2211224576
          ],
          [
            224995.9695520386,
            1936348.104341177
          ]
        ]
      },
      "properties": {
        "edge_id": "1431193623_1431193621_0",
        "width_dir_m": 1.75,
        "lanes_effective": 1
      }
    },
    {
      "type": "Feature",
      "geometry": {
        "type": "LineString",
        "coordinates": [
          [
            225240.91917397582,
            1936447.5674117594
          ],
          [
            225273.58673081192,
            1936412.438565691
          ]
        ]
      },
      "properties": {
        "edge_id": "11878442973_1428964162_0",
        "width_dir_m": 1.75,
        "lanes_effective": 1
      }
    },
    {
      "type": "Feature",
      "geometry": {
        "type": "LineString",
        "coordinates": [
          [
            225240.91917397582,
            1936447.5674117594
          ],
          [
            225270.6385484382,
            1936477.8064841384
          ]
        ]
      },
      "properties": {
        "edge_id": "11878442973_11878442974_0",
        "width_dir_m": 1.75,
        "lanes_effective": 1
      }
    },
    {
      "type": "Feature",
      "geometry": {
        "type": "LineString",
        "coordinates": [
          [
            225240.91917397582,
            1936447.5674117594
          ],
          [
            225222.81011736032,
            1936467.0386324965
          ],
          [
            225204.35963292216,
            1936484.8422800342
          ]
        ]
      },
      "properties": {
        "edge_id": "11878442973_1428964186_0",
        "width_dir_m": 1.75,
        "lanes_effective": 1
      }
    },
    {
      "type": "Feature",
      "geometry": {
        "type": "LineString",
        "coordinates": [
          [
            225310.44355909736,
            1936447.0990826683
          ],
          [
            225273.58673081192,
            1936412.438565691
          ]
        ]
      },
      "properties": {
        "edge_id": "1428964168_1428964162_0",
        "width_dir_m": 1.75,
        "lanes_effective": 1
      }
    },
    {
      "type": "Feature",
      "geometry": {
        "type": "LineString",
        "coordinates": [
          [
            225204.35963292216,
            1936484.8422800342
          ],
          [
            225165.9690744439,
            1936446.0277314885
          ]
        ]
      },
      "properties": {
        "edge_id": "1428964186_1428964164_0",
        "width_dir_m": 1.75,
        "lanes_effective": 1
      }
    },
    {
      "type": "Feature",
      "geometry": {
        "type": "LineString",
        "coordinates": [
          [
            225204.35963292216,
            1936484.8422800342
          ],
          [
            225222.81011736032,
            1936467.0386324965
          ],
          [
            225240.91917397582,
            1936447.5674117594
          ]
        ]
      },
      "properties": {
        "edge_id": "1428964186_11878442973_0",
        "width_dir_m": 1.75,
        "lanes_effective": 1
      }
    },
    {
      "type": "Feature",
      "geometry": {
        "type": "LineString",
        "coordinates": [
          [
            225064.92024087318,
            1936478.1439091996
          ],
          [
            225096.29830123205,
            1936445.1142442944
          ]
        ]
      },
      "properties": {
        "edge_id": "1428964174_1431193623_0",
        "width_dir_m": 1.75,
        "lanes_effective": 1
      }
    },
    {
      "type": "Feature",
      "geometry": {
        "type": "LineString",
        "coordinates": [
          [
            225064.92024087318,
            1936478.1439091996
          ],
          [
            225009.41369345953,
            1936423.216488672
          ]
        ]
      },
      "properties": {
        "edge_id": "1428964174_2023660448_0",
        "width_dir_m": 1.75,
        "lanes_effective": 1
      }
    },
    {
      "type": "Feature",
      "geometry": {
        "type": "LineString",
        "coordinates": [
          [
            225009.41369345953,
            1936423.216488672
          ],
          [
            225064.92024087318,
            1936478.1439091996
          ]
        ]
      },
      "properties": {
        "edge_id": "2023660448_1428964174_0",
        "width_dir_m": 1.75,
        "lanes_effective": 1
      }
    },
    {
      "type": "Feature",
      "geometry": {
        "type": "LineString",
        "coordinates": [
          [
            225132.53159238986,
            1936212.6128847853
          ],
          [
            225167.18016110983,
            1936175.4414402635
          ]
        ]
      },
      "properties": {
        "edge_id": "1431193620_1431239091_0",
        "width_dir_m": 1.75,
        "lanes_effective": 1
      }
    },
    {
      "type": "Feature",
      "geometry": {
        "type": "LineString",
        "coordinates": [
          [
            225132.53159238986,
            1936212.6128847853
          ],
          [
            225067.5580564164,
            1936276.6534040745
          ]
        ]
      },
      "properties": {
        "edge_id": "1431193620_3602321160_0",
        "width_dir_m": 1.75,
        "lanes_effective": 1
      }
    },
    {
      "type": "Feature",
      "geometry": {
        "type": "LineString",
        "coordinates": [
          [
            225132.53159238986,
            1936212.6128847853
          ],
          [
            225164.36434688547,
            1936243.498686326
          ]
        ]
      },
      "properties": {
        "edge_id": "1431193620_3602321103_0",
        "width_dir_m": 1.75,
        "lanes_effective": 1
      }
    },
    {
      "type": "Feature",
      "geometry": {
        "type": "LineString",
        "coordinates": [
          [
            225167.18016110983,
            1936175.4414402635
          ],
          [
            225132.53159238986,
            1936212.6128847853
          ]
        ]
      },
      "properties": {
        "edge_id": "1431239091_1431193620_0",
        "width_dir_m": 1.75,
        "lanes_effective": 1
      }
    },
    {
      "type": "Feature",
      "geometry": {
        "type": "LineString",
        "coordinates": [
          [
            225167.18016110983,
            1936175.4414402635
          ],
          [
            225170.36590415658,
            1936172.1422756233
          ]
        ]
      },
      "properties": {
        "edge_id": "1431239091_7694521072_0",
        "width_dir_m": 3.5,
        "lanes_effective": 1
      }
    },
    {
      "type": "Feature",
      "geometry": {
        "type": "LineString",
        "coordinates": [
          [
            225167.18016110983,
            1936175.4414402635
          ],
          [
            225200.63347601023,
            1936209.062802009
          ],
          [
            225233.9356758395,
            1936242.520140388
          ],
          [
            225254.73167668935,
            1936265.1505395686
          ]
        ]
      },
      "properties": {
        "edge_id": "1431239091_1431204353_0",
        "width_dir_m": 3.5,
        "lanes_effective": 1
      }
    },
    {
      "type": "Feature",
      "geometry": {
        "type": "LineString",
        "coordinates": [
          [
            225067.5580564164,
            1936276.6534040745
          ],
          [
            225132.53159238986,
            1936212.6128847853
          ]
        ]
      },
      "properties": {
        "edge_id": "3602321160_1431193620_0",
        "width_dir_m": 1.75,
        "lanes_effective": 1
      }
    },
    {
      "type": "Feature",
      "geometry": {
        "type": "LineString",
        "coordinates": [
          [
            225067.5580564164,
            1936276.6534040745
          ],
          [
            225029.05874217313,
            1936242.3920863164
          ]
        ]
      },
      "properties": {
        "edge_id": "3602321160_3602321094_0",
        "width_dir_m": 1.75,
        "lanes_effective": 1
      }
    },
    {
      "type": "Feature",
      "geometry": {
        "type": "LineString",
        "coordinates": [
          [
            225067.5580564164,
            1936276.6534040745
          ],
          [
            225035.1609469992,
            1936309.7855261904
          ],
          [
            225027.78272524284,
            1936318.1473587044
          ]
        ]
      },
      "properties": {
        "edge_id": "3602321160_3602321322_0",
        "width_dir_m": 1.75,
        "lanes_effective": 1
      }
    },
    {
      "type": "Feature",
      "geometry": {
        "type": "LineString",
        "coordinates": [
          [
            224995.9695520386,
            1936348.104341177
          ],
          [
            225027.78272524284,
            1936318.1473587044
          ]
        ]
      },
      "properties": {
        "edge_id": "1431193621_3602321322_0",
        "width_dir_m": 1.75,
        "lanes_effective": 1
      }
    },
    {
      "type": "Feature",
      "geometry": {
        "type": "LineString",
        "coordinates": [
          [
            224995.9695520386,
            1936348.104341177
          ],
          [
            225031.2468778412,
            1936382.2211224576
          ],
          [
            225096.29830123205,
            1936445.1142442944
          ]
        ]
      },
      "properties": {
        "edge_id": "1431193621_1431193623_0",
        "width_dir_m": 1.75,
        "lanes_effective": 1
      }
    },
    {
      "type": "Feature",
      "geometry": {
        "type": "LineString",
        "coordinates": [
          [
            224995.9695520386,
            1936348.104341177
          ],
          [
            224952.75094515394,
            1936308.3036860484
          ],
          [
            224927.61167555448,
            1936283.5841877523
          ]
        ]
      },
      "properties": {
        "edge_id": "1431193621_3602321164_0",
        "width_dir_m": 1.75,
        "lanes_effective": 1
      }
    },
    {
      "type": "Feature",
      "geometry": {
        "type": "LineString",
        "coordinates": [
          [
            225027.78272524284,
            1936318.1473587044
          ],
          [
            224960.84258225723,
            1936247.6940790091
          ]
        ]
      },
      "properties": {
        "edge_id": "3602321322_3602321104_0",
        "width_dir_m": 1.75,
        "lanes_effective": 1
      }
    },
    {
      "type": "Feature",
      "geometry": {
        "type": "LineString",
        "coordinates": [
          [
            225027.78272524284,
            1936318.1473587044
          ],
          [
            224995.9695520386,
            1936348.104341177
          ]
        ]
      },
      "properties": {
        "edge_id": "3602321322_1431193621_0",
        "width_dir_m": 1.75,
        "lanes_effective": 1
      }
    },
    {
      "type": "Feature",
      "geometry": {
        "type": "LineString",
        "coordinates": [
          [
            225027.78272524284,
            1936318.1473587044
          ],
          [
            225035.1609469992,
            1936309.7855261904
          ],
          [
            225067.5580564164,
            1936276.6534040745
          ]
        ]
      },
      "properties": {
        "edge_id": "3602321322_3602321160_0",
        "width_dir_m": 1.75,
        "lanes_effective": 1
      }
    },
    {
      "type": "Feature",
      "geometry": {
        "type": "LineString",
        "coordinates": [
          [
            225027.78272524284,
            1936318.1473587044
          ],
          [
            225034.0723798761,
            1936325.8582282593
          ],
          [
            225040.34607228782,
            1936332.3954282007
          ],
          [
            225046.1791338807,
            1936336.2253889348
          ],
          [
            225060.8081297733,
            1936349.991331962
          ]
        ]
      },
      "properties": {
        "edge_id": "3602321322_3602321375_0",
        "width_dir_m": 1.75,
        "lanes_effective": 1
      }
    },
    {
      "type": "Feature",
      "geometry": {
        "type": "LineString",
        "coordinates": [
          [
            224927.61167555448,
            1936283.5841877523
          ],
          [
            224960.84258225723,
            1936247.6940790091
          ]
        ]
      },
      "properties": {
        "edge_id": "3602321164_3602321104_0",
        "width_dir_m": 1.75,
        "lanes_effective": 1
      }
    },
    {
      "type": "Feature",
      "geometry": {
        "type": "LineString",
        "coordinates": [
          [
            224927.61167555448,
            1936283.5841877523
          ],
          [
            224887.07998229016,
            1936245.2421363436
          ]
        ]
      },
      "properties": {
        "edge_id": "3602321164_3504789174_0",
        "width_dir_m": 1.75,
        "lanes_effective": 1
      }
    },
    {
      "type": "Feature",
      "geometry": {
        "type": "LineString",
        "coordinates": [
          [
            224927.61167555448,
            1936283.5841877523
          ],
          [
            224952.75094515394,
            1936308.3036860484
          ],
          [
            224995.9695520386,
            1936348.104341177
          ]
        ]
      },
      "properties": {
        "edge_id": "3602321164_1431193621_0",
        "width_dir_m": 1.75,
        "lanes_effective": 1
      }
    },
    {
      "type": "Feature",
      "geometry": {
        "type": "LineString",
        "coordinates": [
          [
            225254.73167668935,
            1936265.1505395686
          ],
          [
            225222.38692033873,
            1936299.8098691772
          ]
        ]
      },
      "properties": {
        "edge_id": "1431204353_1431204354_0",
        "width_dir_m": 1.75,
        "lanes_effective": 1
      }
    },
    {
      "type": "Feature",
      "geometry": {
        "type": "LineString",
        "coordinates": [
          [
            225254.73167668935,
            1936265.1505395686
          ],
          [
            225266.39529782656,
            1936276.5426838943
          ]
        ]
      },
      "properties": {
        "edge_id": "1431204353_1431228389_0",
        "width_dir_m": 3.5,
        "lanes_effective": 1
      }
    },
    {
      "type": "Feature",
      "geometry": {
        "type": "LineString",
        "coordinates": [
          [
            225222.38692033873,
            1936299.8098691772
          ],
          [
            225164.36434688547,
            1936243.498686326
          ]
        ]
      },
      "properties": {
        "edge_id": "1431204354_3602321103_0",
        "width_dir_m": 1.75,
        "lanes_effective": 1
      }
    },
    {
      "type": "Feature",
      "geometry": {
        "type": "LineString",
        "coordinates": [
          [
            225222.38692033873,
            1936299.8098691772
          ],
          [
            225254.73167668935,
            1936265.1505395686
          ]
        ]
      },
      "properties": {
        "edge_id": "1431204354_1431204353_0",
        "width_dir_m": 1.75,
        "lanes_effective": 1
      }
    },
    {
      "type": "Feature",
      "geometry": {
        "type": "LineString",
        "coordinates": [
          [
            225222.38692033873,
            1936299.8098691772
          ],
          [
            225267.33163358393,
            1936343.120303772
          ],
          [
            225314.58821488806,
            1936389.2233782017
          ]
        ]
      },
      "properties": {
        "edge_id": "1431204354_3504843538_0",
        "width_dir_m": 1.75,
        "lanes_effective": 1
      }
    },
    {
      "type": "Feature",
      "geometry": {
        "type": "LineString",
        "coordinates": [
          [
            225266.39529782656,
            1936276.5426838943
          ],
          [
            225270.5423338777,
            1936272.820723201
          ]
        ]
      },
      "properties": {
        "edge_id": "1431228389_7694521075_0",
        "width_dir_m": 1.75,
        "lanes_effective": 1
      }
    },
    {
      "type": "Feature",
      "geometry": {
        "type": "LineString",
        "coordinates": [
          [
            225266.39529782656,
            1936276.5426838943
          ],
          [
            225275.50851730414,
            1936284.0269941138
          ],
          [
            225302.703209606,
            1936309.8928255616
          ],
          [
            225331.0028219683,
            1936338.0914473815
          ],
          [
            225372.0613223596,
            1936380.8789838532
          ],
          [
            225386.68547778646,
            1936400.5699867187
          ],
          [
            225401.54004378634,
            1936420.014230963
          ],
          [
            225415.87983165827,
            1936442.2451426587
          ]
        ]
      },
      "properties": {
        "edge_id": "1431228389_2249842372_0",
        "width_dir_m": 3.5,
        "lanes_effective": 1
      }
    },
    {
      "type": "Feature",
      "geometry": {
        "type": "LineString",
        "coordinates": [
          [
            225314.58821488806,
            1936389.2233782017
          ],
          [
            225267.33163358393,
            1936343.120303772
          ],
          [
            225222.38692033873,
            1936299.8098691772
          ]
        ]
      },
      "properties": {
        "edge_id": "3504843538_1431204354_0",
        "width_dir_m": 1.75,
        "lanes_effective": 1
      }
    },
    {
      "type": "Feature",
      "geometry": {
        "type": "LineString",
        "coordinates": [
          [
            224875.11417288042,
            1936163.2215936775
          ],
          [
            224913.1821545678,
            1936127.4538942673
          ]
        ]
      },
      "properties": {
        "edge_id": "1431204546_2710761000_0",
        "width_dir_m": 1.75,
        "lanes_effective": 1
      }
    },
    {
      "type": "Feature",
      "geometry": {
        "type": "LineString",
        "coordinates": [
          [
            224875.11417288042,
            1936163.2215936775
          ],
          [
            224912.97813354584,
            1936199.960916935
          ]
        ]
      },
      "properties": {
        "edge_id": "1431204546_3504789176_0",
        "width_dir_m": 1.75,
        "lanes_effective": 1
      }
    },
    {
      "type": "Feature",
      "geometry": {
        "type": "LineString",
        "coordinates": [
          [
            224913.1821545678,
            1936127.4538942673
          ],
          [
            224875.11417288042,
            1936163.2215936775
          ]
        ]
      },
      "properties": {
        "edge_id": "2710761000_1431204546_0",
        "width_dir_m": 1.75,
        "lanes_effective": 1
      }
    },
    {
      "type": "Feature",
      "geometry": {
        "type": "LineString",
        "coordinates": [
          [
            224913.1821545678,
            1936127.4538942673
          ],
          [
            224876.17191391793,
            1936091.7660848598
          ]
        ]
      },
      "properties": {
        "edge_id": "2710761000_3602320855_0",
        "width_dir_m": 1.75,
        "lanes_effective": 1
      }
    },
    {
      "type": "Feature",
      "geometry": {
        "type": "LineString",
        "coordinates": [
          [
            224913.1821545678,
            1936127.4538942673
          ],
          [
            224938.5669551157,
            1936099.8877242168
          ],
          [
            224977.58180438972,
            1936061.8370506563
          ]
        ]
      },
      "properties": {
        "edge_id": "2710761000_1431247190_0",
        "width_dir_m": 1.75,
        "lanes_effective": 1
      }
    },
    {
      "type": "Feature",
      "geometry": {
        "type": "LineString",
        "coordinates": [
          [
            224912.97813354584,
            1936199.960916935
          ],
          [
            224948.4077069686,
            1936164.7607402352
          ]
        ]
      },
      "properties": {
        "edge_id": "3504789176_3602320979_0",
        "width_dir_m": 1.75,
        "lanes_effective": 1
      }
    },
    {
      "type": "Feature",
      "geometry": {
        "type": "LineString",
        "coordinates": [
          [
            224912.97813354584,
            1936199.960916935
          ],
          [
            224875.11417288042,
            1936163.2215936775
          ]
        ]
      },
      "properties": {
        "edge_id": "3504789176_1431204546_0",
        "width_dir_m": 1.75,
        "lanes_effective": 1
      }
    },
    {
      "type": "Feature",
      "geometry": {
        "type": "LineString",
        "coordinates": [
          [
            224912.97813354584,
            1936199.960916935
          ],
          [
            224960.84258225723,
            1936247.6940790091
          ]
        ]
      },
      "properties": {
        "edge_id": "3504789176_3602321104_0",
        "width_dir_m": 1.75,
        "lanes_effective": 1
      }
    },
    {
      "type": "Feature",
      "geometry": {
        "type": "LineString",
        "coordinates": [
          [
            225371.50139653048,
            1936105.6548701485
          ],
          [
            225468.7204214303,
            1936196.7728616474
          ]
        ]
      },
      "properties": {
        "edge_id": "1431224451_2249842334_0",
        "width_dir_m": 1.75,
        "lanes_effective": 1
      }
    },
    {
      "type": "Feature",
      "geometry": {
        "type": "LineString",
        "coordinates": [
          [
            225371.50139653048,
            1936105.6548701485
          ],
          [
            225405.98961826088,
            1936072.2846211835
          ]
        ]
      },
      "properties": {
        "edge_id": "1431224451_3602320840_0",
        "width_dir_m": 1.75,
        "lanes_effective": 1
      }
    },
    {
      "type": "Feature",
      "geometry": {
        "type": "LineString",
        "coordinates": [
          [
            225371.50139653048,
            1936105.6548701485
          ],
          [
            225338.39432932466,
            1936073.2578022552
          ],
          [
            225304.09806011087,
            1936040.943370463
          ]
        ]
      },
      "properties": {
        "edge_id": "1431224451_1431224453_0",
        "width_dir_m": 1.75,
        "lanes_effective": 1
      }
    },
    {
      "type": "Feature",
      "geometry": {
        "type": "LineString",
        "coordinates": [
          [
            225468.7204214303,
            1936196.7728616474
          ],
          [
            225371.50139653048,
            1936105.6548701485
          ]
        ]
      },
      "properties": {
        "edge_id": "2249842334_1431224451_0",
        "width_dir_m": 1.75,
        "lanes_effective": 1
      }
    },
    {
      "type": "Feature",
      "geometry": {
        "type": "LineString",
        "coordinates": [
          [
            225468.7204214303,
            1936196.7728616474
          ],
          [
            225433.12245125015,
            1936232.926685886
          ]
        ]
      },
      "properties": {
        "edge_id": "2249842334_1431225442_0",
        "width_dir_m": 1.75,
        "lanes_effective": 1
      }
    },
    {
      "type": "Feature",
      "geometry": {
        "type": "LineString",
        "coordinates": [
          [
            225468.7204214303,
            1936196.7728616474
          ],
          [
            225496.1615984281,
            1936223.5879809933
          ],
          [
            225521.13423398975,
            1936249.3956389115
          ],
          [
            225541.56474421703,
            1936280.359171332
          ],
          [
            225560.07377561182,
            1936309.122842592
          ],
          [
            225571.46280101978,
            1936330.0538925154
          ]
        ]
      },
      "properties": {
        "edge_id": "2249842334_2249842362_0",
        "width_dir_m": 1.75,
        "lanes_effective": 1
      }
    },
    {
      "type": "Feature",
      "geometry": {
        "type": "LineString",
        "coordinates": [
          [
            225405.98961826088,
            1936072.2846211835
          ],
          [
            225453.8151320704,
            1936025.6324200903
          ]
        ]
      },
      "properties": {
        "edge_id": "3602320840_2249842313_0",
        "width_dir_m": 1.75,
        "lanes_effective": 1
      }
    },
    {
      "type": "Feature",
      "geometry": {
        "type": "LineString",
        "coordinates": [
          [
            225405.98961826088,
            1936072.2846211835
          ],
          [
            225371.50139653048,
            1936105.6548701485
          ]
        ]
      },
      "properties": {
        "edge_id": "3602320840_1431224451_0",
        "width_dir_m": 1.75,
        "lanes_effective": 1
      }
    },
    {
      "type": "Feature",
      "geometry": {
        "type": "LineString",
        "coordinates": [
          [
            225405.98961826088,
            1936072.2846211835
          ],
          [
            225472.58167629194,
            1936139.1115399715
          ]
        ]
      },
      "properties": {
        "edge_id": "3602320840_3602320950_0",
        "width_dir_m": 1.75,
        "lanes_effective": 1
      }
    },
    {
      "type": "Feature",
      "geometry": {
        "type": "LineString",
        "coordinates": [
          [
            225304.09806011087,
            1936040.943370463
          ],
          [
            225268.87714713393,
            1936006.2826947675
          ]
        ]
      },
      "properties": {
        "edge_id": "1431224453_3602320527_0",
        "width_dir_m": 1.75,
        "lanes_effective": 1
      }
    },
    {
      "type": "Feature",
      "geometry": {
        "type": "LineString",
        "coordinates": [
          [
            225304.09806011087,
            1936040.943370463
          ],
          [
            225337.4281403689,
            1936004.4546843213
          ]
        ]
      },
      "properties": {
        "edge_id": "1431224453_3602320529_0",
        "width_dir_m": 3.5,
        "lanes_effective": 1
      }
    },
    {
      "type": "Feature",
      "geometry": {
        "type": "LineString",
        "coordinates": [
          [
            225304.09806011087,
            1936040.943370463
          ],
          [
            225272.8531803661,
            1936071.3350405323
          ]
        ]
      },
      "properties": {
        "edge_id": "1431224453_1431225448_0",
        "width_dir_m": 3.5,
        "lanes_effective": 1
      }
    },
    {
      "type": "Feature",
      "geometry": {
        "type": "LineString",
        "coordinates": [
          [
            225304.09806011087,
            1936040.943370463
          ],
          [
            225338.39432932466,
            1936073.2578022552
          ],
          [
            225371.50139653048,
            1936105.6548701485
          ]
        ]
      },
      "properties": {
        "edge_id": "1431224453_1431224451_0",
        "width_dir_m": 1.75,
        "lanes_effective": 1
      }
    },
    {
      "type": "Feature",
      "geometry": {
        "type": "LineString",
        "coordinates": [
          [
            225150.872427064,
            1935885.6355388563
          ],
          [
            225184.33494096238,
            1935850.2854673974
          ]
        ]
      },
      "properties": {
        "edge_id": "1431224452_2249842298_0",
        "width_dir_m": 3.5,
        "lanes_effective": 1
      }
    },
    {
      "type": "Feature",
      "geometry": {
        "type": "LineString",
        "coordinates": [
          [
            225150.872427064,
            1935885.6355388563
          ],
          [
            225114.34578794905,
            1935849.5531253752
          ]
        ]
      },
      "properties": {
        "edge_id": "1431224452_3602319973_0",
        "width_dir_m": 1.75,
        "lanes_effective": 1
      }
    },
    {
      "type": "Feature",
      "geometry": {
        "type": "LineString",
        "coordinates": [
          [
            225150.872427064,
            1935885.6355388563
          ],
          [
            225185.33480094536,
            1935919.1878590574
          ]
        ]
      },
      "properties": {
        "edge_id": "1431224452_2249842303_0",
        "width_dir_m": 1.75,
        "lanes_effective": 1
      }
    },
    {
      "type": "Feature",
      "geometry": {
        "type": "LineString",
        "coordinates": [
          [
            225150.872427064,
            1935885.6355388563
          ],
          [
            225136.2469889153,
            1935901.0837188251
          ],
          [
            225114.36617135943,
            1935922.9982912592
          ]
        ]
      },
      "properties": {
        "edge_id": "1431224452_3602320083_0",
        "width_dir_m": 3.5,
        "lanes_effective": 1
      }
    },
    {
      "type": "Feature",
      "geometry": {
        "type": "LineString",
        "coordinates": [
          [
            225184.33494096238,
            1935850.2854673974
          ],
          [
            225150.872427064,
            1935885.6355388563
          ]
        ]
      },
      "properties": {
        "edge_id": "2249842298_1431224452_0",
        "width_dir_m": 3.5,
        "lanes_effective": 1
      }
    },
    {
      "type": "Feature",
      "geometry": {
        "type": "LineString",
        "coordinates": [
          [
            225184.33494096238,
            1935850.2854673974
          ],
          [
            225150.42687248974,
            1935816.0832867234
          ]
        ]
      },
      "properties": {
        "edge_id": "2249842298_2249842295_0",
        "width_dir_m": 1.75,
        "lanes_effective": 1
      }
    },
    {
      "type": "Feature",
      "geometry": {
        "type": "LineString",
        "coordinates": [
          [
            225184.33494096238,
            1935850.2854673974
          ],
          [
            225219.01279032015,
            1935813.6454059856
          ],
          [
            225252.68850495818,
            1935780.673583716
          ],
          [
            225285.83868841513,
            1935753.600545826
          ],
          [
            225290.27819240984,
            1935751.0595955935
          ],
          [
            225309.59775948466,
            1935747.1094814597
          ]
        ]
      },
      "properties": {
        "edge_id": "2249842298_3602318986_0",
        "width_dir_m": 3.5,
        "lanes_effective": 1
      }
    },
    {
      "type": "Feature",
      "geometry": {
        "type": "LineString",
        "coordinates": [
          [
            225114.34578794905,
            1935849.5531253752
          ],
          [
            225150.872427064,
            1935885.6355388563
          ]
        ]
      },
      "properties": {
        "edge_id": "3602319973_1431224452_0",
        "width_dir_m": 1.75,
        "lanes_effective": 1
      }
    },
    {
      "type": "Feature",
      "geometry": {
        "type": "LineString",
        "coordinates": [
          [
            225114.34578794905,
            1935849.5531253752
          ],
          [
            225073.37209928775,
            1935889.7452622154
          ]
        ]
      },
      "properties": {
        "edge_id": "3602319973_3602320043_0",
        "width_dir_m": 1.75,
        "lanes_effective": 1
      }
    },
    {
      "type": "Feature",
      "geometry": {
        "type": "LineString",
        "coordinates": [
          [
            225114.34578794905,
            1935849.5531253752
          ],
          [
            225045.89151407348,
            1935781.9218100766
          ]
        ]
      },
      "properties": {
        "edge_id": "3602319973_2249842285_0",
        "width_dir_m": 1.75,
        "lanes_effective": 1
      }
    },
    {
      "type": "Feature",
      "geometry": {
        "type": "LineString",
        "coordinates": [
          [
            225185.33480094536,
            1935919.1878590574
          ],
          [
            225150.872427064,
            1935885.6355388563
          ]
        ]
      },
      "properties": {
        "edge_id": "2249842303_1431224452_0",
        "width_dir_m": 1.75,
        "lanes_effective": 1
      }
    },
    {
      "type": "Feature",
      "geometry": {
        "type": "LineString",
        "coordinates": [
          [
            225185.33480094536,
            1935919.1878590574
          ],
          [
            225217.40172149625,
            1935886.7139958236
          ]
        ]
      },
      "properties": {
        "edge_id": "2249842303_3602320042_0",
        "width_dir_m": 1.75,
        "lanes_effective": 1
      }
    },
    {
      "type": "Feature",
      "geometry": {
        "type": "LineString",
        "coordinates": [
          [
            225185.33480094536,
            1935919.1878590574
          ],
          [
            225188.85643040098,
            1935922.6173750428
          ],
          [
            225268.87714713393,
            1936006.2826947675
          ]
        ]
      },
      "properties": {
        "edge_id": "2249842303_3602320527_0",
        "width_dir_m": 1.75,
        "lanes_effective": 1
      }
    },
    {
      "type": "Feature",
      "geometry": {
        "type": "LineString",
        "coordinates": [
          [
            225114.36617135943,
            1935922.9982912592
          ],
          [
            225154.08824324055,
            1935960.410493599
          ]
        ]
      },
      "properties": {
        "edge_id": "3602320083_3602320147_0",
        "width_dir_m": 1.75,
        "lanes_effective": 1
      }
    },
    {
      "type": "Feature",
      "geometry": {
        "type": "LineString",
        "coordinates": [
          [
            225114.36617135943,
            1935922.9982912592
          ],
          [
            225136.2469889153,
            1935901.0837188251
          ],
          [
            225150.872427064,
            1935885.6355388563
          ]
        ]
      },
      "properties": {
        "edge_id": "3602320083_1431224452_0",
        "width_dir_m": 3.5,
        "lanes_effective": 1
      }
    },
    {
      "type": "Feature",
      "geometry": {
        "type": "LineString",
        "coordinates": [
          [
            225114.36617135943,
            1935922.9982912592
          ],
          [
            225076.29792872583,
            1935961.1464952948
          ],
          [
            225050.45040588564,
            1935987.5337626778
          ]
        ]
      },
      "properties": {
        "edge_id": "3602320083_1431243012_0",
        "width_dir_m": 3.5,
        "lanes_effective": 1
      }
    },
    {
      "type": "Feature",
      "geometry": {
        "type": "LineString",
        "coordinates": [
          [
            225268.87714713393,
            1936006.2826947675
          ],
          [
            225304.09806011087,
            1936040.943370463
          ]
        ]
      },
      "properties": {
        "edge_id": "3602320527_1431224453_0",
        "width_dir_m": 1.75,
        "lanes_effective": 1
      }
    },
    {
      "type": "Feature",
      "geometry": {
        "type": "LineString",
        "coordinates": [
          [
            225268.87714713393,
            1936006.2826947675
          ],
          [
            225234.24433865806,
            1936038.3926747688
          ]
        ]
      },
      "properties": {
        "edge_id": "3602320527_3602320588_0",
        "width_dir_m": 1.75,
        "lanes_effective": 1
      }
    },
    {
      "type": "Feature",
      "geometry": {
        "type": "LineString",
        "coordinates": [
          [
            225268.87714713393,
            1936006.2826947675
          ],
          [
            225188.85643040098,
            1935922.6173750428
          ],
          [
            225185.33480094536,
            1935919.1878590574
          ]
        ]
      },
      "properties": {
        "edge_id": "3602320527_2249842303_0",
        "width_dir_m": 1.75,
        "lanes_effective": 1
      }
    },
    {
      "type": "Feature",
      "geometry": {
        "type": "LineString",
        "coordinates": [
          [
            225337.4281403689,
            1936004.4546843213
          ],
          [
            225369.46033074887,
            1935970.9848521024
          ]
        ]
      },
      "properties": {
        "edge_id": "3602320529_2249842309_0",
        "width_dir_m": 3.5,
        "lanes_effective": 1
      }
    },
    {
      "type": "Feature",
      "geometry": {
        "type": "LineString",
        "coordinates": [
          [
            225337.4281403689,
            1936004.4546843213
          ],
          [
            225304.09806011087,
            1936040.943370463
          ]
        ]
      },
      "properties": {
        "edge_id": "3602320529_1431224453_0",
        "width_dir_m": 3.5,
        "lanes_effective": 1
      }
    },
    {
      "type": "Feature",
      "geometry": {
        "type": "LineString",
        "coordinates": [
          [
            225337.4281403689,
            1936004.4546843213
          ],
          [
            225217.40172149625,
            1935886.7139958236
          ]
        ]
      },
      "properties": {
        "edge_id": "3602320529_3602320042_0",
        "width_dir_m": 1.75,
        "lanes_effective": 1
      }
    },
    {
      "type": "Feature",
      "geometry": {
        "type": "LineString",
        "coordinates": [
          [
            225272.8531803661,
            1936071.3350405323
          ],
          [
            225305.6183192989,
            1936104.3679018547
          ]
        ]
      },
      "properties": {
        "edge_id": "1431225448_3602320883_0",
        "width_dir_m": 1.75,
        "lanes_effective": 1
      }
    },
    {
      "type": "Feature",
      "geometry": {
        "type": "LineString",
        "coordinates": [
          [
            225272.8531803661,
            1936071.3350405323
          ],
          [
            225304.09806011087,
            1936040.943370463
          ]
        ]
      },
      "properties": {
        "edge_id": "1431225448_1431224453_0",
        "width_dir_m": 3.5,
        "lanes_effective": 1
      }
    },
    {
      "type": "Feature",
      "geometry": {
        "type": "LineString",
        "coordinates": [
          [
            225272.8531803661,
            1936071.3350405323
          ],
          [
            225232.3041841766,
            1936109.915329598
          ],
          [
            225203.81762352306,
            1936137.6007375545
          ]
        ]
      },
      "properties": {
        "edge_id": "1431225448_1431240714_0",
        "width_dir_m": 3.5,
        "lanes_effective": 1
      }
    },
    {
      "type": "Feature",
      "geometry": {
        "type": "LineString",
        "coordinates": [
          [
            225433.12245125015,
            1936232.926685886
          ],
          [
            225369.6398923979,
            1936168.9148850031
          ]
        ]
      },
      "properties": {
        "edge_id": "1431225442_3602320993_0",
        "width_dir_m": 1.75,
        "lanes_effective": 1
      }
    },
    {
      "type": "Feature",
      "geometry": {
        "type": "LineString",
        "coordinates": [
          [
            225433.12245125015,
            1936232.926685886
          ],
          [
            225468.7204214303,
            1936196.7728616474
          ]
        ]
      },
      "properties": {
        "edge_id": "1431225442_2249842334_0",
        "width_dir_m": 1.75,
        "lanes_effective": 1
      }
    },
    {
      "type": "Feature",
      "geometry": {
        "type": "LineString",
        "coordinates": [
          [
            225433.12245125015,
            1936232.926685886
          ],
          [
            225390.71005977894,
            1936276.703703605
          ]
        ]
      },
      "properties": {
        "edge_id": "1431225442_1431228387_0",
        "width_dir_m": 1.75,
        "lanes_effective": 1
      }
    },
    {
      "type": "Feature",
      "geometry": {
        "type": "LineString",
        "coordinates": [
          [
            225369.6398923979,
            1936168.9148850031
          ],
          [
            225337.45667643566,
            1936136.460989577
          ]
        ]
      },
      "properties": {
        "edge_id": "3602320993_1431225451_0",
        "width_dir_m": 1.75,
        "lanes_effective": 1
      }
    },
    {
      "type": "Feature",
      "geometry": {
        "type": "LineString",
        "coordinates": [
          [
            225369.6398923979,
            1936168.9148850031
          ],
          [
            225433.12245125015,
            1936232.926685886
          ]
        ]
      },
      "properties": {
        "edge_id": "3602320993_1431225442_0",
        "width_dir_m": 1.75,
        "lanes_effective": 1
      }
    },
    {
      "type": "Feature",
      "geometry": {
        "type": "LineString",
        "coordinates": [
          [
            225369.6398923979,
            1936168.9148850031
          ],
          [
            225356.35133422673,
            1936181.8530260362
          ],
          [
            225326.3968162125,
            1936213.3456294273
          ]
        ]
      },
      "properties": {
        "edge_id": "3602320993_1431228391_0",
        "width_dir_m": 1.75,
        "lanes_effective": 1
      }
    },
    {
      "type": "Feature",
      "geometry": {
        "type": "LineString",
        "coordinates": [
          [
            225390.71005977894,
            1936276.703703605
          ],
          [
            225326.3968162125,
            1936213.3456294273
          ]
        ]
      },
      "properties": {
        "edge_id": "1431228387_1431228391_0",
        "width_dir_m": 1.75,
        "lanes_effective": 1
      }
    },
    {
      "type": "Feature",
      "geometry": {
        "type": "LineString",
        "coordinates": [
          [
            225390.71005977894,
            1936276.703703605
          ],
          [
            225433.12245125015,
            1936232.926685886
          ]
        ]
      },
      "properties": {
        "edge_id": "1431228387_1431225442_0",
        "width_dir_m": 1.75,
        "lanes_effective": 1
      }
    },
    {
      "type": "Feature",
      "geometry": {
        "type": "LineString",
        "coordinates": [
          [
            225390.71005977894,
            1936276.703703605
          ],
          [
            225333.84169796715,
            1936335.0738789376
          ]
        ]
      },
      "properties": {
        "edge_id": "1431228387_2249842360_0",
        "width_dir_m": 1.75,
        "lanes_effective": 1
      }
    },
    {
      "type": "Feature",
      "geometry": {
        "type": "LineString",
        "coordinates": [
          [
            225305.6183192989,
            1936104.3679018547
          ],
          [
            225272.8531803661,
            1936071.3350405323
          ]
        ]
      },
      "properties": {
        "edge_id": "3602320883_1431225448_0",
        "width_dir_m": 1.75,
        "lanes_effective": 1
      }
    },
    {
      "type": "Feature",
      "geometry": {
        "type": "LineString",
        "coordinates": [
          [
            225305.6183192989,
            1936104.3679018547
          ],
          [
            225337.45667643566,
            1936136.460989577
          ]
        ]
      },
      "properties": {
        "edge_id": "3602320883_1431225451_0",
        "width_dir_m": 1.75,
        "lanes_effective": 1
      }
    },
    {
      "type": "Feature",
      "geometry": {
        "type": "LineString",
        "coordinates": [
          [
            225305.6183192989,
            1936104.3679018547
          ],
          [
            225203.20833214972,
            1936205.38433887
          ]
        ]
      },
      "properties": {
        "edge_id": "3602320883_7694521073_0",
        "width_dir_m": 1.75,
        "lanes_effective": 1
      }
    },
    {
      "type": "Feature",
      "geometry": {
        "type": "LineString",
        "coordinates": [
          [
            225203.81762352306,
            1936137.6007375545
          ],
          [
            225170.36590415658,
            1936172.1422756233
          ]
        ]
      },
      "properties": {
        "edge_id": "1431240714_7694521072_0",
        "width_dir_m": 3.5,
        "lanes_effective": 1
      }
    },
    {
      "type": "Feature",
      "geometry": {
        "type": "LineString",
        "coordinates": [
          [
            225203.81762352306,
            1936137.6007375545
          ],
          [
            225169.22527454043,
            1936102.2783012332
          ]
        ]
      },
      "properties": {
        "edge_id": "1431240714_3602320877_0",
        "width_dir_m": 1.75,
        "lanes_effective": 1
      }
    },
    {
      "type": "Feature",
      "geometry": {
        "type": "LineString",
        "coordinates": [
          [
            225203.81762352306,
            1936137.6007375545
          ],
          [
            225232.3041841766,
            1936109.915329598
          ],
          [
            225272.8531803661,
            1936071.3350405323
          ]
        ]
      },
      "properties": {
        "edge_id": "1431240714_1431225448_0",
        "width_dir_m": 3.5,
        "lanes_effective": 1
      }
    },
    {
      "type": "Feature",
      "geometry": {
        "type": "LineString",
        "coordinates": [
          [
            225337.45667643566,
            1936136.460989577
          ],
          [
            225305.6183192989,
            1936104.3679018547
          ]
        ]
      },
      "properties": {
        "edge_id": "1431225451_3602320883_0",
        "width_dir_m": 1.75,
        "lanes_effective": 1
      }
    },
    {
      "type": "Feature",
      "geometry": {
        "type": "LineString",
        "coordinates": [
          [
            225337.45667643566,
            1936136.460989577
          ],
          [
            225369.6398923979,
            1936168.9148850031
          ]
        ]
      },
      "properties": {
        "edge_id": "1431225451_3602320993_0",
        "width_dir_m": 1.75,
        "lanes_effective": 1
      }
    },
    {
      "type": "Feature",
      "geometry": {
        "type": "LineString",
        "coordinates": [
          [
            225337.45667643566,
            1936136.460989577
          ],
          [
            225286.02621199324,
            1936189.153762399
          ],
          [
            225236.80056314426,
            1936239.0703036163
          ]
        ]
      },
      "properties": {
        "edge_id": "1431225451_7694521074_0",
        "width_dir_m": 1.75,
        "lanes_effective": 1
      }
    },
    {
      "type": "Feature",
      "geometry": {
        "type": "LineString",
        "coordinates": [
          [
            225236.80056314426,
            1936239.0703036163
          ],
          [
            225286.02621199324,
            1936189.153762399
          ],
          [
            225337.45667643566,
            1936136.460989577
          ]
        ]
      },
      "properties": {
        "edge_id": "7694521074_1431225451_0",
        "width_dir_m": 1.75,
        "lanes_effective": 1
      }
    },
    {
      "type": "Feature",
      "geometry": {
        "type": "LineString",
        "coordinates": [
          [
            225236.80056314426,
            1936239.0703036163
          ],
          [
            225218.57798010646,
            1936220.4803306456
          ],
          [
            225203.20833214972,
            1936205.38433887
          ]
        ]
      },
      "properties": {
        "edge_id": "7694521074_7694521073_0",
        "width_dir_m": 7.0,
        "lanes_effective": 2
      }
    },
    {
      "type": "Feature",
      "geometry": {
        "type": "LineString",
        "coordinates": [
          [
            225326.3968162125,
            1936213.3456294273
          ],
          [
            225390.71005977894,
            1936276.703703605
          ]
        ]
      },
      "properties": {
        "edge_id": "1431228391_1431228387_0",
        "width_dir_m": 1.75,
        "lanes_effective": 1
      }
    },
    {
      "type": "Feature",
      "geometry": {
        "type": "LineString",
        "coordinates": [
          [
            225326.3968162125,
            1936213.3456294273
          ],
          [
            225270.5423338777,
            1936272.820723201
          ]
        ]
      },
      "properties": {
        "edge_id": "1431228391_7694521075_0",
        "width_dir_m": 1.75,
        "lanes_effective": 1
      }
    },
    {
      "type": "Feature",
      "geometry": {
        "type": "LineString",
        "coordinates": [
          [
            225326.3968162125,
            1936213.3456294273
          ],
          [
            225356.35133422673,
            1936181.8530260362
          ],
          [
            225369.6398923979,
            1936168.9148850031
          ]
        ]
      },
      "properties": {
        "edge_id": "1431228391_3602320993_0",
        "width_dir_m": 1.75,
        "lanes_effective": 1
      }
    },
    {
      "type": "Feature",
      "geometry": {
        "type": "LineString",
        "coordinates": [
          [
            225333.84169796715,
            1936335.0738789376
          ],
          [
            225390.71005977894,
            1936276.703703605
          ]
        ]
      },
      "properties": {
        "edge_id": "2249842360_1431228387_0",
        "width_dir_m": 1.75,
        "lanes_effective": 1
      }
    },
    {
      "type": "Feature",
      "geometry": {
        "type": "LineString",
        "coordinates": [
          [
            225333.84169796715,
            1936335.0738789376
          ],
          [
            225305.72080718953,
            1936307.5151403726
          ]
        ]
      },
      "properties": {
        "edge_id": "2249842360_3602321319_0",
        "width_dir_m": 7.0,
        "lanes_effective": 2
      }
    },
    {
      "type": "Feature",
      "geometry": {
        "type": "LineString",
        "coordinates": [
          [
            225270.5423338777,
            1936272.820723201
          ],
          [
            225326.3968162125,
            1936213.3456294273
          ]
        ]
      },
      "properties": {
        "edge_id": "7694521075_1431228391_0",
        "width_dir_m": 1.75,
        "lanes_effective": 1
      }
    },
    {
      "type": "Feature",
      "geometry": {
        "type": "LineString",
        "coordinates": [
          [
            225270.5423338777,
            1936272.820723201
          ],
          [
            225266.39529782656,
            1936276.5426838943
          ]
        ]
      },
      "properties": {
        "edge_id": "7694521075_1431228389_0",
        "width_dir_m": 1.75,
        "lanes_effective": 1
      }
    },
    {
      "type": "Feature",
      "geometry": {
        "type": "LineString",
        "coordinates": [
          [
            225270.5423338777,
            1936272.820723201
          ],
          [
            225253.61781159957,
            1936255.9074766566
          ],
          [
            225236.80056314426,
            1936239.0703036163
          ]
        ]
      },
      "properties": {
        "edge_id": "7694521075_7694521074_0",
        "width_dir_m": 7.0,
        "lanes_effective": 2
      }
    },
    {
      "type": "Feature",
      "geometry": {
        "type": "LineString",
        "coordinates": [
          [
            225415.87983165827,
            1936442.2451426587
          ],
          [
            225422.38634487847,
            1936451.0716736005
          ]
        ]
      },
      "properties": {
        "edge_id": "2249842372_6150664066_0",
        "width_dir_m": 3.5,
        "lanes_effective": 1
      }
    },
    {
      "type": "Feature",
      "geometry": {
        "type": "LineString",
        "coordinates": [
          [
            225170.36590415658,
            1936172.1422756233
          ],
          [
            225203.81762352306,
            1936137.6007375545
          ]
        ]
      },
      "properties": {
        "edge_id": "7694521072_1431240714_0",
        "width_dir_m": 3.5,
        "lanes_effective": 1
      }
    },
    {
      "type": "Feature",
      "geometry": {
        "type": "LineString",
        "coordinates": [
          [
            225170.36590415658,
            1936172.1422756233
          ],
          [
            225167.18016110983,
            1936175.4414402635
          ]
        ]
      },
      "properties": {
        "edge_id": "7694521072_1431239091_0",
        "width_dir_m": 3.5,
        "lanes_effective": 1
      }
    },
    {
      "type": "Feature",
      "geometry": {
        "type": "LineString",
        "coordinates": [
          [
            225170.36590415658,
            1936172.1422756233
          ],
          [
            225106.4984072381,
            1936110.3844830077
          ],
          [
            225055.904540363,
            1936061.2041181398
          ]
        ]
      },
      "properties": {
        "edge_id": "7694521072_7694521071_0",
        "width_dir_m": 7.0,
        "lanes_effective": 2
      }
    },
    {
      "type": "Feature",
      "geometry": {
        "type": "LineString",
        "coordinates": [
          [
            225092.21645402082,
            1936023.6445035408
          ],
          [
            225125.0632927433,
            1936057.1854400148
          ]
        ]
      },
      "properties": {
        "edge_id": "1431240713_3602320815_0",
        "width_dir_m": 1.75,
        "lanes_effective": 1
      }
    },
    {
      "type": "Feature",
      "geometry": {
        "type": "LineString",
        "coordinates": [
          [
            225092.21645402082,
            1936023.6445035408
          ],
          [
            225154.08824324055,
            1935960.410493599
          ]
        ]
      },
      "properties": {
        "edge_id": "1431240713_3602320147_0",
        "width_dir_m": 1.75,
        "lanes_effective": 1
      }
    },
    {
      "type": "Feature",
      "geometry": {
        "type": "LineString",
        "coordinates": [
          [
            225092.21645402082,
            1936023.6445035408
          ],
          [
            225055.904540363,
            1936061.2041181398
          ]
        ]
      },
      "properties": {
        "edge_id": "1431240713_7694521071_0",
        "width_dir_m": 1.75,
        "lanes_effective": 1
      }
    },
    {
      "type": "Feature",
      "geometry": {
        "type": "LineString",
        "coordinates": [
          [
            225125.0632927433,
            1936057.1854400148
          ],
          [
            225169.22527454043,
            1936102.2783012332
          ]
        ]
      },
      "properties": {
        "edge_id": "3602320815_3602320877_0",
        "width_dir_m": 1.75,
        "lanes_effective": 1
      }
    },
    {
      "type": "Feature",
      "geometry": {
        "type": "LineString",
        "coordinates": [
          [
            225125.0632927433,
            1936057.1854400148
          ],
          [
            225092.21645402082,
            1936023.6445035408
          ]
        ]
      },
      "properties": {
        "edge_id": "3602320815_1431240713_0",
        "width_dir_m": 1.75,
        "lanes_effective": 1
      }
    },
    {
      "type": "Feature",
      "geometry": {
        "type": "LineString",
        "coordinates": [
          [
            225125.0632927433,
            1936057.1854400148
          ],
          [
            225187.70556140848,
            1935993.5645303924
          ]
        ]
      },
      "properties": {
        "edge_id": "3602320815_3602320501_0",
        "width_dir_m": 1.75,
        "lanes_effective": 1
      }
    },
    {
      "type": "Feature",
      "geometry": {
        "type": "LineString",
        "coordinates": [
          [
            225154.08824324055,
            1935960.410493599
          ],
          [
            225187.70556140848,
            1935993.5645303924
          ]
        ]
      },
      "properties": {
        "edge_id": "3602320147_3602320501_0",
        "width_dir_m": 1.75,
        "lanes_effective": 1
      }
    },
    {
      "type": "Feature",
      "geometry": {
        "type": "LineString",
        "coordinates": [
          [
            225154.08824324055,
            1935960.410493599
          ],
          [
            225114.36617135943,
            1935922.9982912592
          ]
        ]
      },
      "properties": {
        "edge_id": "3602320147_3602320083_0",
        "width_dir_m": 1.75,
        "lanes_effective": 1
      }
    },
    {
      "type": "Feature",
      "geometry": {
        "type": "LineString",
        "coordinates": [
          [
            225154.08824324055,
            1935960.410493599
          ],
          [
            225092.21645402082,
            1936023.6445035408
          ]
        ]
      },
      "properties": {
        "edge_id": "3602320147_1431240713_0",
        "width_dir_m": 1.75,
        "lanes_effective": 1
      }
    },
    {
      "type": "Feature",
      "geometry": {
        "type": "LineString",
        "coordinates": [
          [
            225055.904540363,
            1936061.2041181398
          ],
          [
            225092.21645402082,
            1936023.6445035408
          ]
        ]
      },
      "properties": {
        "edge_id": "7694521071_1431240713_0",
        "width_dir_m": 1.75,
        "lanes_effective": 1
      }
    },
    {
      "type": "Feature",
      "geometry": {
        "type": "LineString",
        "coordinates": [
          [
            225055.904540363,
            1936061.2041181398
          ],
          [
            225016.55553000164,
            1936022.3141378758
          ]
        ]
      },
      "properties": {
        "edge_id": "7694521071_7694521070_0",
        "width_dir_m": 7.0,
        "lanes_effective": 2
      }
    },
    {
      "type": "Feature",
      "geometry": {
        "type": "LineString",
        "coordinates": [
          [
            225169.22527454043,
            1936102.2783012332
          ],
          [
            225203.81762352306,
            1936137.6007375545
          ]
        ]
      },
      "properties": {
        "edge_id": "3602320877_1431240714_0",
        "width_dir_m": 1.75,
        "lanes_effective": 1
      }
    },
    {
      "type": "Feature",
      "geometry": {
        "type": "LineString",
        "coordinates": [
          [
            225169.22527454043,
            1936102.2783012332
          ],
          [
            225125.0632927433,
            1936057.1854400148
          ]
        ]
      },
      "properties": {
        "edge_id": "3602320877_3602320815_0",
        "width_dir_m": 1.75,
        "lanes_effective": 1
      }
    },
    {
      "type": "Feature",
      "geometry": {
        "type": "LineString",
        "coordinates": [
          [
            225169.22527454043,
            1936102.2783012332
          ],
          [
            225199.04052106314,
            1936073.8328090427
          ],
          [
            225234.24433865806,
            1936038.3926747688
          ]
        ]
      },
      "properties": {
        "edge_id": "3602320877_3602320588_0",
        "width_dir_m": 1.75,
        "lanes_effective": 1
      }
    },
    {
      "type": "Feature",
      "geometry": {
        "type": "LineString",
        "coordinates": [
          [
            225050.45040588564,
            1935987.5337626778
          ],
          [
            225016.55553000164,
            1936022.3141378758
          ]
        ]
      },
      "properties": {
        "edge_id": "1431243012_7694521070_0",
        "width_dir_m": 3.5,
        "lanes_effective": 1
      }
    },
    {
      "type": "Feature",
      "geometry": {
        "type": "LineString",
        "coordinates": [
          [
            225050.45040588564,
            1935987.5337626778
          ],
          [
            225014.18142511317,
            1935951.6473635824
          ]
        ]
      },
      "properties": {
        "edge_id": "1431243012_3602320126_0",
        "width_dir_m": 1.75,
        "lanes_effective": 1
      }
    },
    {
      "type": "Feature",
      "geometry": {
        "type": "LineString",
        "coordinates": [
          [
            225050.45040588564,
            1935987.5337626778
          ],
          [
            225076.29792872583,
            1935961.1464952948
          ],
          [
            225114.36617135943,
            1935922.9982912592
          ]
        ]
      },
      "properties": {
        "edge_id": "1431243012_3602320083_0",
        "width_dir_m": 3.5,
        "lanes_effective": 1
      }
    },
    {
      "type": "Feature",
      "geometry": {
        "type": "LineString",
        "coordinates": [
          [
            225014.18142511317,
            1935951.6473635824
          ],
          [
            225050.45040588564,
            1935987.5337626778
          ]
        ]
      },
      "properties": {
        "edge_id": "3602320126_1431243012_0",
        "width_dir_m": 1.75,
        "lanes_effective": 1
      }
    },
    {
      "type": "Feature",
      "geometry": {
        "type": "LineString",
        "coordinates": [
          [
            225014.18142511317,
            1935951.6473635824
          ],
          [
            224978.8509364208,
            1935916.0140371504
          ]
        ]
      },
      "properties": {
        "edge_id": "3602320126_3602320069_0",
        "width_dir_m": 1.75,
        "lanes_effective": 1
      }
    },
    {
      "type": "Feature",
      "geometry": {
        "type": "LineString",
        "coordinates": [
          [
            225014.18142511317,
            1935951.6473635824
          ],
          [
            225073.37209928775,
            1935889.7452622154
          ]
        ]
      },
      "properties": {
        "edge_id": "3602320126_3602320043_0",
        "width_dir_m": 1.75,
        "lanes_effective": 1
      }
    },
    {
      "type": "Feature",
      "geometry": {
        "type": "LineString",
        "coordinates": [
          [
            224932.2454309982,
            1935869.4707287399
          ],
          [
            224978.8509364208,
            1935916.0140371504
          ]
        ]
      },
      "properties": {
        "edge_id": "1431243013_3602320069_0",
        "width_dir_m": 1.75,
        "lanes_effective": 1
      }
    },
    {
      "type": "Feature",
      "geometry": {
        "type": "LineString",
        "coordinates": [
          [
            224932.2454309982,
            1935869.4707287399
          ],
          [
            224979.69908821484,
            1935822.0693237619
          ]
        ]
      },
      "properties": {
        "edge_id": "1431243013_3602319922_0",
        "width_dir_m": 1.75,
        "lanes_effective": 1
      }
    },
    {
      "type": "Feature",
      "geometry": {
        "type": "LineString",
        "coordinates": [
          [
            224932.2454309982,
            1935869.4707287399
          ],
          [
            224898.3741390973,
            1935905.9896614489
          ]
        ]
      },
      "properties": {
        "edge_id": "1431243013_7694521080_0",
        "width_dir_m": 1.75,
        "lanes_effective": 1
      }
    },
    {
      "type": "Feature",
      "geometry": {
        "type": "LineString",
        "coordinates": [
          [
            224978.8509364208,
            1935916.0140371504
          ],
          [
            225014.18142511317,
            1935951.6473635824
          ]
        ]
      },
      "properties": {
        "edge_id": "3602320069_3602320126_0",
        "width_dir_m": 1.75,
        "lanes_effective": 1
      }
    },
    {
      "type": "Feature",
      "geometry": {
        "type": "LineString",
        "coordinates": [
          [
            224978.8509364208,
            1935916.0140371504
          ],
          [
            224932.2454309982,
            1935869.4707287399
          ]
        ]
      },
      "properties": {
        "edge_id": "3602320069_1431243013_0",
        "width_dir_m": 1.75,
        "lanes_effective": 1
      }
    },
    {
      "type": "Feature",
      "geometry": {
        "type": "LineString",
        "coordinates": [
          [
            224978.8509364208,
            1935916.0140371504
          ],
          [
            225027.50293769722,
            1935868.4303330453
          ]
        ]
      },
      "properties": {
        "edge_id": "3602320069_3602320008_0",
        "width_dir_m": 1.75,
        "lanes_effective": 1
      }
    },
    {
      "type": "Feature",
      "geometry": {
        "type": "LineString",
        "coordinates": [
          [
            224979.69908821484,
            1935822.0693237619
          ],
          [
            224992.57839259418,
            1935808.726750542
          ]
        ]
      },
      "properties": {
        "edge_id": "3602319922_3602319895_0",
        "width_dir_m": 1.75,
        "lanes_effective": 1
      }
    },
    {
      "type": "Feature",
      "geometry": {
        "type": "LineString",
        "coordinates": [
          [
            224979.69908821484,
            1935822.0693237619
          ],
          [
            224932.2454309982,
            1935869.4707287399
          ]
        ]
      },
      "properties": {
        "edge_id": "3602319922_1431243013_0",
        "width_dir_m": 1.75,
        "lanes_effective": 1
      }
    },
    {
      "type": "Feature",
      "geometry": {
        "type": "LineString",
        "coordinates": [
          [
            224979.69908821484,
            1935822.0693237619
          ],
          [
            225027.50293769722,
            1935868.4303330453
          ]
        ]
      },
      "properties": {
        "edge_id": "3602319922_3602320008_0",
        "width_dir_m": 1.75,
        "lanes_effective": 1
      }
    },
    {
      "type": "Feature",
      "geometry": {
        "type": "LineString",
        "coordinates": [
          [
            224898.3741390973,
            1935905.9896614489
          ],
          [
            224932.2454309982,
            1935869.4707287399
          ]
        ]
      },
      "properties": {
        "edge_id": "7694521080_1431243013_0",
        "width_dir_m": 1.75,
        "lanes_effective": 1
      }
    },
    {
      "type": "Feature",
      "geometry": {
        "type": "LineString",
        "coordinates": [
          [
            225015.58540266933,
            1936099.4716909481
          ],
          [
            224977.58180438972,
            1936061.8370506563
          ]
        ]
      },
      "properties": {
        "edge_id": "1431248495_1431247190_0",
        "width_dir_m": 1.75,
        "lanes_effective": 1
      }
    },
    {
      "type": "Feature",
      "geometry": {
        "type": "LineString",
        "coordinates": [
          [
            225015.58540266933,
            1936099.4716909481
          ],
          [
            225050.9282206102,
            1936134.473620778
          ]
        ]
      },
      "properties": {
        "edge_id": "1431248495_3602320929_0",
        "width_dir_m": 1.75,
        "lanes_effective": 1
      }
    },
    {
      "type": "Feature",
      "geometry": {
        "type": "LineString",
        "coordinates": [
          [
            225015.58540266933,
            1936099.4716909481
          ],
          [
            224978.87277265766,
            1936134.11329027
          ]
        ]
      },
      "properties": {
        "edge_id": "1431248495_3602320926_0",
        "width_dir_m": 1.75,
        "lanes_effective": 1
      }
    },
    {
      "type": "Feature",
      "geometry": {
        "type": "LineString",
        "coordinates": [
          [
            225094.3497861789,
            1936177.47225019
          ],
          [
            225129.65355986147,
            1936140.8123327498
          ]
        ]
      },
      "properties": {
        "edge_id": "1431247191_2710750961_0",
        "width_dir_m": 1.75,
        "lanes_effective": 1
      }
    },
    {
      "type": "Feature",
      "geometry": {
        "type": "LineString",
        "coordinates": [
          [
            225094.3497861789,
            1936177.47225019
          ],
          [
            225057.27286861907,
            1936140.7551567743
          ],
          [
            225050.9282206102,
            1936134.473620778
          ]
        ]
      },
      "properties": {
        "edge_id": "1431247191_3602320929_0",
        "width_dir_m": 1.75,
        "lanes_effective": 1
      }
    },
    {
      "type": "Feature",
      "geometry": {
        "type": "LineString",
        "coordinates": [
          [
            225094.3497861789,
            1936177.47225019
          ],
          [
            225054.19379028084,
            1936219.126327273
          ],
          [
            225029.05874217313,
            1936242.3920863164
          ]
        ]
      },
      "properties": {
        "edge_id": "1431247191_3602321094_0",
        "width_dir_m": 1.75,
        "lanes_effective": 1
      }
    },
    {
      "type": "Feature",
      "geometry": {
        "type": "LineString",
        "coordinates": [
          [
            225050.9282206102,
            1936134.473620778
          ],
          [
            225015.58540266933,
            1936099.4716909481
          ]
        ]
      },
      "properties": {
        "edge_id": "3602320929_1431248495_0",
        "width_dir_m": 1.75,
        "lanes_effective": 1
      }
    },
    {
      "type": "Feature",
      "geometry": {
        "type": "LineString",
        "coordinates": [
          [
            225050.9282206102,
            1936134.473620778
          ],
          [
            225016.6370865092,
            1936171.3524893336
          ]
        ]
      },
      "properties": {
        "edge_id": "3602320929_3602320992_0",
        "width_dir_m": 1.75,
        "lanes_effective": 1
      }
    },
    {
      "type": "Feature",
      "geometry": {
        "type": "LineString",
        "coordinates": [
          [
            225050.9282206102,
            1936134.473620778
          ],
          [
            225057.27286861907,
            1936140.7551567743
          ],
          [
            225094.3497861789,
            1936177.47225019
          ]
        ]
      },
      "properties": {
        "edge_id": "3602320929_1431247191_0",
        "width_dir_m": 1.75,
        "lanes_effective": 1
      }
    },
    {
      "type": "Feature",
      "geometry": {
        "type": "LineString",
        "coordinates": [
          [
            225029.05874217313,
            1936242.3920863164
          ],
          [
            224988.19724785152,
            1936202.4485445218
          ]
        ]
      },
      "properties": {
        "edge_id": "3602321094_3602321029_0",
        "width_dir_m": 1.75,
        "lanes_effective": 1
      }
    },
    {
      "type": "Feature",
      "geometry": {
        "type": "LineString",
        "coordinates": [
          [
            225029.05874217313,
            1936242.3920863164
          ],
          [
            225067.5580564164,
            1936276.6534040745
          ]
        ]
      },
      "properties": {
        "edge_id": "3602321094_3602321160_0",
        "width_dir_m": 1.75,
        "lanes_effective": 1
      }
    },
    {
      "type": "Feature",
      "geometry": {
        "type": "LineString",
        "coordinates": [
          [
            225029.05874217313,
            1936242.3920863164
          ],
          [
            225054.19379028084,
            1936219.126327273
          ],
          [
            225094.3497861789,
            1936177.47225019
          ]
        ]
      },
      "properties": {
        "edge_id": "3602321094_1431247191_0",
        "width_dir_m": 1.75,
        "lanes_effective": 1
      }
    },
    {
      "type": "Feature",
      "geometry": {
        "type": "LineString",
        "coordinates": [
          [
            224978.87277265766,
            1936134.11329027
          ],
          [
            225015.58540266933,
            1936099.4716909481
          ]
        ]
      },
      "properties": {
        "edge_id": "3602320926_1431248495_0",
        "width_dir_m": 1.75,
        "lanes_effective": 1
      }
    },
    {
      "type": "Feature",
      "geometry": {
        "type": "LineString",
        "coordinates": [
          [
            224978.87277265766,
            1936134.11329027
          ],
          [
            224948.4077069686,
            1936164.7607402352
          ]
        ]
      },
      "properties": {
        "edge_id": "3602320926_3602320979_0",
        "width_dir_m": 1.75,
        "lanes_effective": 1
      }
    },
    {
      "type": "Feature",
      "geometry": {
        "type": "LineString",
        "coordinates": [
          [
            224978.87277265766,
            1936134.11329027
          ],
          [
            225016.6370865092,
            1936171.3524893336
          ]
        ]
      },
      "properties": {
        "edge_id": "3602320926_3602320992_0",
        "width_dir_m": 1.75,
        "lanes_effective": 1
      }
    },
    {
      "type": "Feature",
      "geometry": {
        "type": "LineString",
        "coordinates": [
          [
            225450.19092522754,
            1935734.3369419863
          ],
          [
            225406.73400812357,
            1935751.3611462156
          ]
        ]
      },
      "properties": {
        "edge_id": "2249842278_2249842281_0",
        "width_dir_m": 1.75,
        "lanes_effective": 1
      }
    },
    {
      "type": "Feature",
      "geometry": {
        "type": "LineString",
        "coordinates": [
          [
            225406.73400812357,
            1935751.3611462156
          ],
          [
            225450.19092522754,
            1935734.3369419863
          ]
        ]
      },
      "properties": {
        "edge_id": "2249842281_2249842278_0",
        "width_dir_m": 1.75,
        "lanes_effective": 1
      }
    },
    {
      "type": "Feature",
      "geometry": {
        "type": "LineString",
        "coordinates": [
          [
            225406.73400812357,
            1935751.3611462156
          ],
          [
            225421.9084407254,
            1935794.3452447432
          ]
        ]
      },
      "properties": {
        "edge_id": "2249842281_2249842290_0",
        "width_dir_m": 1.75,
        "lanes_effective": 1
      }
    },
    {
      "type": "Feature",
      "geometry": {
        "type": "LineString",
        "coordinates": [
          [
            225576.85835979012,
            1935740.8354332082
          ],
          [
            225421.9084407254,
            1935794.3452447432
          ]
        ]
      },
      "properties": {
        "edge_id": "2249842279_2249842290_0",
        "width_dir_m": 1.75,
        "lanes_effective": 1
      }
    },
    {
      "type": "Feature",
      "geometry": {
        "type": "LineString",
        "coordinates": [
          [
            225576.85835979012,
            1935740.8354332082
          ],
          [
            225591.10574066668,
            1935782.8797854984
          ]
        ]
      },
      "properties": {
        "edge_id": "2249842279_2249842287_0",
        "width_dir_m": 1.75,
        "lanes_effective": 1
      }
    },
    {
      "type": "Feature",
      "geometry": {
        "type": "LineString",
        "coordinates": [
          [
            225421.9084407254,
            1935794.3452447432
          ],
          [
            225576.85835979012,
            1935740.8354332082
          ]
        ]
      },
      "properties": {
        "edge_id": "2249842290_2249842279_0",
        "width_dir_m": 1.75,
        "lanes_effective": 1
      }
    },
    {
      "type": "Feature",
      "geometry": {
        "type": "LineString",
        "coordinates": [
          [
            225421.9084407254,
            1935794.3452447432
          ],
          [
            225374.19081070396,
            1935810.6300209311
          ]
        ]
      },
      "properties": {
        "edge_id": "2249842290_3602319901_0",
        "width_dir_m": 1.75,
        "lanes_effective": 1
      }
    },
    {
      "type": "Feature",
      "geometry": {
        "type": "LineString",
        "coordinates": [
          [
            225421.9084407254,
            1935794.3452447432
          ],
          [
            225406.73400812357,
            1935751.3611462156
          ]
        ]
      },
      "properties": {
        "edge_id": "2249842290_2249842281_0",
        "width_dir_m": 1.75,
        "lanes_effective": 1
      }
    },
    {
      "type": "Feature",
      "geometry": {
        "type": "LineString",
        "coordinates": [
          [
            225421.9084407254,
            1935794.3452447432
          ],
          [
            225436.2588893792,
            1935835.3471430345
          ]
        ]
      },
      "properties": {
        "edge_id": "2249842290_2466587914_0",
        "width_dir_m": 1.75,
        "lanes_effective": 1
      }
    },
    {
      "type": "Feature",
      "geometry": {
        "type": "LineString",
        "coordinates": [
          [
            225591.10574066668,
            1935782.8797854984
          ],
          [
            225436.2588893792,
            1935835.3471430345
          ]
        ]
      },
      "properties": {
        "edge_id": "2249842287_2466587914_0",
        "width_dir_m": 1.75,
        "lanes_effective": 1
      }
    },
    {
      "type": "Feature",
      "geometry": {
        "type": "LineString",
        "coordinates": [
          [
            225591.10574066668,
            1935782.8797854984
          ],
          [
            225606.8716376588,
            1935826.4096558208
          ]
        ]
      },
      "properties": {
        "edge_id": "2249842287_2249842296_0",
        "width_dir_m": 1.75,
        "lanes_effective": 1
      }
    },
    {
      "type": "Feature",
      "geometry": {
        "type": "LineString",
        "coordinates": [
          [
            225591.10574066668,
            1935782.8797854984
          ],
          [
            225576.85835979012,
            1935740.8354332082
          ]
        ]
      },
      "properties": {
        "edge_id": "2249842287_2249842279_0",
        "width_dir_m": 1.75,
        "lanes_effective": 1
      }
    },
    {
      "type": "Feature",
      "geometry": {
        "type": "LineString",
        "coordinates": [
          [
            225082.85214805853,
            1935750.6104834012
          ],
          [
            225045.89151407348,
            1935781.9218100766
          ]
        ]
      },
      "properties": {
        "edge_id": "2249842280_2249842285_0",
        "width_dir_m": 1.75,
        "lanes_effective": 1
      }
    },
    {
      "type": "Feature",
      "geometry": {
        "type": "LineString",
        "coordinates": [
          [
            225082.85214805853,
            1935750.6104834012
          ],
          [
            225117.8008357212,
            1935783.1705052215
          ]
        ]
      },
      "properties": {
        "edge_id": "2249842280_2249842286_0",
        "width_dir_m": 1.75,
        "lanes_effective": 1
      }
    },
    {
      "type": "Feature",
      "geometry": {
        "type": "LineString",
        "coordinates": [
          [
            225045.89151407348,
            1935781.9218100766
          ],
          [
            225082.85214805853,
            1935750.6104834012
          ]
        ]
      },
      "properties": {
        "edge_id": "2249842285_2249842280_0",
        "width_dir_m": 1.75,
        "lanes_effective": 1
      }
    },
    {
      "type": "Feature",
      "geometry": {
        "type": "LineString",
        "coordinates": [
          [
            225045.89151407348,
            1935781.9218100766
          ],
          [
            225014.23330164043,
            1935750.6460949823
          ]
        ]
      },
      "properties": {
        "edge_id": "2249842285_3602318989_0",
        "width_dir_m": 1.75,
        "lanes_effective": 1
      }
    },
    {
      "type": "Feature",
      "geometry": {
        "type": "LineString",
        "coordinates": [
          [
            225045.89151407348,
            1935781.9218100766
          ],
          [
            225114.34578794905,
            1935849.5531253752
          ]
        ]
      },
      "properties": {
        "edge_id": "2249842285_3602319973_0",
        "width_dir_m": 1.75,
        "lanes_effective": 1
      }
    },
    {
      "type": "Feature",
      "geometry": {
        "type": "LineString",
        "coordinates": [
          [
            225117.8008357212,
            1935783.1705052215
          ],
          [
            225139.52275608008,
            1935761.280270709
          ]
        ]
      },
      "properties": {
        "edge_id": "2249842286_3602319511_0",
        "width_dir_m": 1.75,
        "lanes_effective": 1
      }
    },
    {
      "type": "Feature",
      "geometry": {
        "type": "LineString",
        "coordinates": [
          [
            225117.8008357212,
            1935783.1705052215
          ],
          [
            225082.85214805853,
            1935750.6104834012
          ]
        ]
      },
      "properties": {
        "edge_id": "2249842286_2249842280_0",
        "width_dir_m": 1.75,
        "lanes_effective": 1
      }
    },
    {
      "type": "Feature",
      "geometry": {
        "type": "LineString",
        "coordinates": [
          [
            225117.8008357212,
            1935783.1705052215
          ],
          [
            225150.42687248974,
            1935816.0832867234
          ]
        ]
      },
      "properties": {
        "edge_id": "2249842286_2249842295_0",
        "width_dir_m": 1.75,
        "lanes_effective": 1
      }
    },
    {
      "type": "Feature",
      "geometry": {
        "type": "LineString",
        "coordinates": [
          [
            225014.23330164043,
            1935750.6460949823
          ],
          [
            225045.89151407348,
            1935781.9218100766
          ]
        ]
      },
      "properties": {
        "edge_id": "3602318989_2249842285_0",
        "width_dir_m": 1.75,
        "lanes_effective": 1
      }
    },
    {
      "type": "Feature",
      "geometry": {
        "type": "LineString",
        "coordinates": [
          [
            225014.23330164043,
            1935750.6460949823
          ],
          [
            225004.62079564447,
            1935740.854090603
          ],
          [
            224999.73327322252,
            1935737.7975466447
          ],
          [
            224992.4599369712,
            1935737.4755932721
          ],
          [
            224976.2969776595,
            1935749.2680847857
          ]
        ]
      },
      "properties": {
        "edge_id": "3602318989_3602318982_0",
        "width_dir_m": 1.75,
        "lanes_effective": 1
      }
    },
    {
      "type": "Feature",
      "geometry": {
        "type": "LineString",
        "coordinates": [
          [
            225139.52275608008,
            1935761.280270709
          ],
          [
            225117.8008357212,
            1935783.1705052215
          ]
        ]
      },
      "properties": {
        "edge_id": "3602319511_2249842286_0",
        "width_dir_m": 1.75,
        "lanes_effective": 1
      }
    },
    {
      "type": "Feature",
      "geometry": {
        "type": "LineString",
        "coordinates": [
          [
            225150.42687248974,
            1935816.0832867234
          ],
          [
            225117.8008357212,
            1935783.1705052215
          ]
        ]
      },
      "properties": {
        "edge_id": "2249842295_2249842286_0",
        "width_dir_m": 1.75,
        "lanes_effective": 1
      }
    },
    {
      "type": "Feature",
      "geometry": {
        "type": "LineString",
        "coordinates": [
          [
            225150.42687248974,
            1935816.0832867234
          ],
          [
            225184.33494096238,
            1935850.2854673974
          ]
        ]
      },
      "properties": {
        "edge_id": "2249842295_2249842298_0",
        "width_dir_m": 1.75,
        "lanes_effective": 1
      }
    },
    {
      "type": "Feature",
      "geometry": {
        "type": "LineString",
        "coordinates": [
          [
            225436.2588893792,
            1935835.3471430345
          ],
          [
            225591.10574066668,
            1935782.8797854984
          ]
        ]
      },
      "properties": {
        "edge_id": "2466587914_2249842287_0",
        "width_dir_m": 1.75,
        "lanes_effective": 1
      }
    },
    {
      "type": "Feature",
      "geometry": {
        "type": "LineString",
        "coordinates": [
          [
            225436.2588893792,
            1935835.3471430345
          ],
          [
            225421.9084407254,
            1935794.3452447432
          ]
        ]
      },
      "properties": {
        "edge_id": "2466587914_2249842290_0",
        "width_dir_m": 1.75,
        "lanes_effective": 1
      }
    },
    {
      "type": "Feature",
      "geometry": {
        "type": "LineString",
        "coordinates": [
          [
            225436.2588893792,
            1935835.3471430345
          ],
          [
            225451.7578802131,
            1935879.5450245237
          ]
        ]
      },
      "properties": {
        "edge_id": "2466587914_2466587915_0",
        "width_dir_m": 1.75,
        "lanes_effective": 1
      }
    },
    {
      "type": "Feature",
      "geometry": {
        "type": "LineString",
        "coordinates": [
          [
            225606.8716376588,
            1935826.4096558208
          ],
          [
            225621.44454694784,
            1935871.3067840408
          ]
        ]
      },
      "properties": {
        "edge_id": "2249842296_2249842300_0",
        "width_dir_m": 1.75,
        "lanes_effective": 1
      }
    },
    {
      "type": "Feature",
      "geometry": {
        "type": "LineString",
        "coordinates": [
          [
            225606.8716376588,
            1935826.4096558208
          ],
          [
            225591.10574066668,
            1935782.8797854984
          ]
        ]
      },
      "properties": {
        "edge_id": "2249842296_2249842287_0",
        "width_dir_m": 1.75,
        "lanes_effective": 1
      }
    },
    {
      "type": "Feature",
      "geometry": {
        "type": "LineString",
        "coordinates": [
          [
            225606.8716376588,
            1935826.4096558208
          ],
          [
            225682.09187947027,
            1935800.7047260005
          ]
        ]
      },
      "properties": {
        "edge_id": "2249842296_3602319897_0",
        "width_dir_m": 1.75,
        "lanes_effective": 1
      }
    },
    {
      "type": "Feature",
      "geometry": {
        "type": "LineString",
        "coordinates": [
          [
            225606.8716376588,
            1935826.4096558208
          ],
          [
            225451.7578802131,
            1935879.5450245237
          ]
        ]
      },
      "properties": {
        "edge_id": "2249842296_2466587915_0",
        "width_dir_m": 1.75,
        "lanes_effective": 1
      }
    },
    {
      "type": "Feature",
      "geometry": {
        "type": "LineString",
        "coordinates": [
          [
            225374.19081070396,
            1935810.6300209311
          ],
          [
            225421.9084407254,
            1935794.3452447432
          ]
        ]
      },
      "properties": {
        "edge_id": "3602319901_2249842290_0",
        "width_dir_m": 1.75,
        "lanes_effective": 1
      }
    },
    {
      "type": "Feature",
      "geometry": {
        "type": "LineString",
        "coordinates": [
          [
            225374.19081070396,
            1935810.6300209311
          ],
          [
            225383.2521460313,
            1935844.02915645
          ],
          [
            225410.90270631807,
            1935912.8465167868
          ],
          [
            225415.14586194418,
            1935923.2431304692
          ]
        ]
      },
      "properties": {
        "edge_id": "3602319901_2249842304_0",
        "width_dir_m": 3.5,
        "lanes_effective": 1
      }
    },
    {
      "type": "Feature",
      "geometry": {
        "type": "LineString",
        "coordinates": [
          [
            225621.44454694784,
            1935871.3067840408
          ],
          [
            225634.7213011406,
            1935913.0985261372
          ]
        ]
      },
      "properties": {
        "edge_id": "2249842300_2249842302_0",
        "width_dir_m": 1.75,
        "lanes_effective": 1
      }
    },
    {
      "type": "Feature",
      "geometry": {
        "type": "LineString",
        "coordinates": [
          [
            225621.44454694784,
            1935871.3067840408
          ],
          [
            225606.8716376588,
            1935826.4096558208
          ]
        ]
      },
      "properties": {
        "edge_id": "2249842300_2249842296_0",
        "width_dir_m": 1.75,
        "lanes_effective": 1
      }
    },
    {
      "type": "Feature",
      "geometry": {
        "type": "LineString",
        "coordinates": [
          [
            225621.44454694784,
            1935871.3067840408
          ],
          [
            225469.22758667986,
            1935927.2267394827
          ]
        ]
      },
      "properties": {
        "edge_id": "2249842300_2466587917_0",
        "width_dir_m": 1.75,
        "lanes_effective": 1
      }
    },
    {
      "type": "Feature",
      "geometry": {
        "type": "LineString",
        "coordinates": [
          [
            225621.44454694784,
            1935871.3067840408
          ],
          [
            225697.10806770256,
            1935843.037697786
          ]
        ]
      },
      "properties": {
        "edge_id": "2249842300_3602319971_0",
        "width_dir_m": 1.75,
        "lanes_effective": 1
      }
    },
    {
      "type": "Feature",
      "geometry": {
        "type": "LineString",
        "coordinates": [
          [
            225682.09187947027,
            1935800.7047260005
          ],
          [
            225606.8716376588,
            1935826.4096558208
          ]
        ]
      },
      "properties": {
        "edge_id": "3602319897_2249842296_0",
        "width_dir_m": 1.75,
        "lanes_effective": 1
      }
    },
    {
      "type": "Feature",
      "geometry": {
        "type": "LineString",
        "coordinates": [
          [
            225682.09187947027,
            1935800.7047260005
          ],
          [
            225697.10806770256,
            1935843.037697786
          ]
        ]
      },
      "properties": {
        "edge_id": "3602319897_3602319971_0",
        "width_dir_m": 1.75,
        "lanes_effective": 1
      }
    },
    {
      "type": "Feature",
      "geometry": {
        "type": "LineString",
        "coordinates": [
          [
            225451.7578802131,
            1935879.5450245237
          ],
          [
            225606.8716376588,
            1935826.4096558208
          ]
        ]
      },
      "properties": {
        "edge_id": "2466587915_2249842296_0",
        "width_dir_m": 1.75,
        "lanes_effective": 1
      }
    },
    {
      "type": "Feature",
      "geometry": {
        "type": "LineString",
        "coordinates": [
          [
            225451.7578802131,
            1935879.5450245237
          ],
          [
            225436.2588893792,
            1935835.3471430345
          ]
        ]
      },
      "properties": {
        "edge_id": "2466587915_2466587914_0",
        "width_dir_m": 1.75,
        "lanes_effective": 1
      }
    },
    {
      "type": "Feature",
      "geometry": {
        "type": "LineString",
        "coordinates": [
          [
            225451.7578802131,
            1935879.5450245237
          ],
          [
            225469.22758667986,
            1935927.2267394827
          ]
        ]
      },
      "properties": {
        "edge_id": "2466587915_2466587917_0",
        "width_dir_m": 1.75,
        "lanes_effective": 1
      }
    },
    {
      "type": "Feature",
      "geometry": {
        "type": "LineString",
        "coordinates": [
          [
            225309.59775948466,
            1935747.1094814597
          ],
          [
            225345.93019967852,
            1935739.163108564
          ]
        ]
      },
      "properties": {
        "edge_id": "3602318986_13048084367_0",
        "width_dir_m": 3.5,
        "lanes_effective": 1
      }
    },
    {
      "type": "Feature",
      "geometry": {
        "type": "LineString",
        "coordinates": [
          [
            225309.59775948466,
            1935747.1094814597
          ],
          [
            225322.3360450187,
            1935796.1510829916
          ]
        ]
      },
      "properties": {
        "edge_id": "3602318986_3665228554_0",
        "width_dir_m": 1.75,
        "lanes_effective": 1
      }
    },
    {
      "type": "Feature",
      "geometry": {
        "type": "LineString",
        "coordinates": [
          [
            225309.59775948466,
            1935747.1094814597
          ],
          [
            225290.27819240984,
            1935751.0595955935
          ],
          [
            225285.83868841513,
            1935753.600545826
          ],
          [
            225252.68850495818,
            1935780.673583716
          ],
          [
            225219.01279032015,
            1935813.6454059856
          ],
          [
            225184.33494096238,
            1935850.2854673974
          ]
        ]
      },
      "properties": {
        "edge_id": "3602318986_2249842298_0",
        "width_dir_m": 3.5,
        "lanes_effective": 1
      }
    },
    {
      "type": "Feature",
      "geometry": {
        "type": "LineString",
        "coordinates": [
          [
            225634.7213011406,
            1935913.0985261372
          ],
          [
            225621.44454694784,
            1935871.3067840408
          ]
        ]
      },
      "properties": {
        "edge_id": "2249842302_2249842300_0",
        "width_dir_m": 1.75,
        "lanes_effective": 1
      }
    },
    {
      "type": "Feature",
      "geometry": {
        "type": "LineString",
        "coordinates": [
          [
            225634.7213011406,
            1935913.0985261372
          ],
          [
            225662.49979586108,
            1935903.6629367294
          ]
        ]
      },
      "properties": {
        "edge_id": "2249842302_3602320064_0",
        "width_dir_m": 1.75,
        "lanes_effective": 1
      }
    },
    {
      "type": "Feature",
      "geometry": {
        "type": "LineString",
        "coordinates": [
          [
            225634.7213011406,
            1935913.0985261372
          ],
          [
            225567.72991816298,
            1935938.2490862724
          ]
        ]
      },
      "properties": {
        "edge_id": "2249842302_2249842306_0",
        "width_dir_m": 1.75,
        "lanes_effective": 1
      }
    },
    {
      "type": "Feature",
      "geometry": {
        "type": "LineString",
        "coordinates": [
          [
            225469.22758667986,
            1935927.2267394827
          ],
          [
            225621.44454694784,
            1935871.3067840408
          ]
        ]
      },
      "properties": {
        "edge_id": "2466587917_2249842300_0",
        "width_dir_m": 1.75,
        "lanes_effective": 1
      }
    },
    {
      "type": "Feature",
      "geometry": {
        "type": "LineString",
        "coordinates": [
          [
            225469.22758667986,
            1935927.2267394827
          ],
          [
            225451.7578802131,
            1935879.5450245237
          ]
        ]
      },
      "properties": {
        "edge_id": "2466587917_2466587915_0",
        "width_dir_m": 1.75,
        "lanes_effective": 1
      }
    },
    {
      "type": "Feature",
      "geometry": {
        "type": "LineString",
        "coordinates": [
          [
            225469.22758667986,
            1935927.2267394827
          ],
          [
            225483.8821031124,
            1935967.9365876445
          ]
        ]
      },
      "properties": {
        "edge_id": "2466587917_2249842310_0",
        "width_dir_m": 1.75,
        "lanes_effective": 1
      }
    },
    {
      "type": "Feature",
      "geometry": {
        "type": "LineString",
        "coordinates": [
          [
            225697.10806770256,
            1935843.037697786
          ],
          [
            225621.44454694784,
            1935871.3067840408
          ]
        ]
      },
      "properties": {
        "edge_id": "3602319971_2249842300_0",
        "width_dir_m": 1.75,
        "lanes_effective": 1
      }
    },
    {
      "type": "Feature",
      "geometry": {
        "type": "LineString",
        "coordinates": [
          [
            225697.10806770256,
            1935843.037697786
          ],
          [
            225682.09187947027,
            1935800.7047260005
          ]
        ]
      },
      "properties": {
        "edge_id": "3602319971_3602319897_0",
        "width_dir_m": 1.75,
        "lanes_effective": 1
      }
    },
    {
      "type": "Feature",
      "geometry": {
        "type": "LineString",
        "coordinates": [
          [
            225697.10806770256,
            1935843.037697786
          ],
          [
            225704.65292049904,
            1935863.3897214783
          ]
        ]
      },
      "properties": {
        "edge_id": "3602319971_4208597015_0",
        "width_dir_m": 1.75,
        "lanes_effective": 1
      }
    },
    {
      "type": "Feature",
      "geometry": {
        "type": "LineString",
        "coordinates": [
          [
            225662.49979586108,
            1935903.6629367294
          ],
          [
            225704.47206461616,
            1935888.4534382403
          ]
        ]
      },
      "properties": {
        "edge_id": "3602320064_3602320056_0",
        "width_dir_m": 1.75,
        "lanes_effective": 1
      }
    },
    {
      "type": "Feature",
      "geometry": {
        "type": "LineString",
        "coordinates": [
          [
            225662.49979586108,
            1935903.6629367294
          ],
          [
            225634.7213011406,
            1935913.0985261372
          ]
        ]
      },
      "properties": {
        "edge_id": "3602320064_2249842302_0",
        "width_dir_m": 1.75,
        "lanes_effective": 1
      }
    },
    {
      "type": "Feature",
      "geometry": {
        "type": "LineString",
        "coordinates": [
          [
            225662.49979586108,
            1935903.6629367294
          ],
          [
            225680.952811478,
            1935952.582823206
          ]
        ]
      },
      "properties": {
        "edge_id": "3602320064_3602320149_0",
        "width_dir_m": 1.75,
        "lanes_effective": 1
      }
    },
    {
      "type": "Feature",
      "geometry": {
        "type": "LineString",
        "coordinates": [
          [
            225567.72991816298,
            1935938.2490862724
          ],
          [
            225634.7213011406,
            1935913.0985261372
          ]
        ]
      },
      "properties": {
        "edge_id": "2249842306_2249842302_0",
        "width_dir_m": 1.75,
        "lanes_effective": 1
      }
    },
    {
      "type": "Feature",
      "geometry": {
        "type": "LineString",
        "coordinates": [
          [
            225567.72991816298,
            1935938.2490862724
          ],
          [
            225524.28304446075,
            1935953.633950301
          ]
        ]
      },
      "properties": {
        "edge_id": "2249842306_2249842307_0",
        "width_dir_m": 1.75,
        "lanes_effective": 1
      }
    },
    {
      "type": "Feature",
      "geometry": {
        "type": "LineString",
        "coordinates": [
          [
            225567.72991816298,
            1935938.2490862724
          ],
          [
            225605.50762103772,
            1936051.7471561183
          ]
        ]
      },
      "properties": {
        "edge_id": "2249842306_2249842316_0",
        "width_dir_m": 1.75,
        "lanes_effective": 1
      }
    },
    {
      "type": "Feature",
      "geometry": {
        "type": "LineString",
        "coordinates": [
          [
            225217.40172149625,
            1935886.7139958236
          ],
          [
            225254.16247253312,
            1935851.6404111094
          ]
        ]
      },
      "properties": {
        "edge_id": "3602320042_3182362516_0",
        "width_dir_m": 1.75,
        "lanes_effective": 1
      }
    },
    {
      "type": "Feature",
      "geometry": {
        "type": "LineString",
        "coordinates": [
          [
            225217.40172149625,
            1935886.7139958236
          ],
          [
            225185.33480094536,
            1935919.1878590574
          ]
        ]
      },
      "properties": {
        "edge_id": "3602320042_2249842303_0",
        "width_dir_m": 1.75,
        "lanes_effective": 1
      }
    },
    {
      "type": "Feature",
      "geometry": {
        "type": "LineString",
        "coordinates": [
          [
            225217.40172149625,
            1935886.7139958236
          ],
          [
            225337.4281403689,
            1936004.4546843213
          ]
        ]
      },
      "properties": {
        "edge_id": "3602320042_3602320529_0",
        "width_dir_m": 1.75,
        "lanes_effective": 1
      }
    },
    {
      "type": "Feature",
      "geometry": {
        "type": "LineString",
        "coordinates": [
          [
            225415.14586194418,
            1935923.2431304692
          ],
          [
            225400.44871648581,
            1935938.1161999474
          ]
        ]
      },
      "properties": {
        "edge_id": "2249842304_3602320027_0",
        "width_dir_m": 3.5,
        "lanes_effective": 1
      }
    },
    {
      "type": "Feature",
      "geometry": {
        "type": "LineString",
        "coordinates": [
          [
            225415.14586194418,
            1935923.2431304692
          ],
          [
            225434.51355074567,
            1935972.1726131612
          ],
          [
            225438.67969778203,
            1935983.9434968475
          ]
        ]
      },
      "properties": {
        "edge_id": "2249842304_3602320190_0",
        "width_dir_m": 3.5,
        "lanes_effective": 1
      }
    },
    {
      "type": "Feature",
      "geometry": {
        "type": "LineString",
        "coordinates": [
          [
            225415.14586194418,
            1935923.2431304692
          ],
          [
            225410.90270631807,
            1935912.8465167868
          ],
          [
            225383.2521460313,
            1935844.02915645
          ],
          [
            225374.19081070396,
            1935810.6300209311
          ]
        ]
      },
      "properties": {
        "edge_id": "2249842304_3602319901_0",
        "width_dir_m": 3.5,
        "lanes_effective": 1
      }
    },
    {
      "type": "Feature",
      "geometry": {
        "type": "LineString",
        "coordinates": [
          [
            225400.44871648581,
            1935938.1161999474
          ],
          [
            225415.14586194418,
            1935923.2431304692
          ]
        ]
      },
      "properties": {
        "edge_id": "3602320027_2249842304_0",
        "width_dir_m": 3.5,
        "lanes_effective": 1
      }
    },
    {
      "type": "Feature",
      "geometry": {
        "type": "LineString",
        "coordinates": [
          [
            225400.44871648581,
            1935938.1161999474
          ],
          [
            225369.46033074887,
            1935970.9848521024
          ]
        ]
      },
      "properties": {
        "edge_id": "3602320027_2249842309_0",
        "width_dir_m": 3.5,
        "lanes_effective": 1
      }
    },
    {
      "type": "Feature",
      "geometry": {
        "type": "LineString",
        "coordinates": [
          [
            225400.44871648581,
            1935938.1161999474
          ],
          [
            225387.551714729,
            1935925.8990559876
          ],
          [
            225279.61629050563,
            1935823.6198102597
          ]
        ]
      },
      "properties": {
        "edge_id": "3602320027_3602319934_0",
        "width_dir_m": 1.75,
        "lanes_effective": 1
      }
    },
    {
      "type": "Feature",
      "geometry": {
        "type": "LineString",
        "coordinates": [
          [
            225438.67969778203,
            1935983.9434968475
          ],
          [
            225483.8821031124,
            1935967.9365876445
          ]
        ]
      },
      "properties": {
        "edge_id": "3602320190_2249842310_0",
        "width_dir_m": 1.75,
        "lanes_effective": 1
      }
    },
    {
      "type": "Feature",
      "geometry": {
        "type": "LineString",
        "coordinates": [
          [
            225438.67969778203,
            1935983.9434968475
          ],
          [
            225452.37295672676,
            1936022.7283601612
          ],
          [
            225453.8151320704,
            1936025.6324200903
          ]
        ]
      },
      "properties": {
        "edge_id": "3602320190_2249842313_0",
        "width_dir_m": 3.5,
        "lanes_effective": 1
      }
    },
    {
      "type": "Feature",
      "geometry": {
        "type": "LineString",
        "coordinates": [
          [
            225438.67969778203,
            1935983.9434968475
          ],
          [
            225434.51355074567,
            1935972.1726131612
          ],
          [
            225415.14586194418,
            1935923.2431304692
          ]
        ]
      },
      "properties": {
        "edge_id": "3602320190_2249842304_0",
        "width_dir_m": 3.5,
        "lanes_effective": 1
      }
    },
    {
      "type": "Feature",
      "geometry": {
        "type": "LineString",
        "coordinates": [
          [
            225524.28304446075,
            1935953.633950301
          ],
          [
            225567.72991816298,
            1935938.2490862724
          ]
        ]
      },
      "properties": {
        "edge_id": "2249842307_2249842306_0",
        "width_dir_m": 1.75,
        "lanes_effective": 1
      }
    },
    {
      "type": "Feature",
      "geometry": {
        "type": "LineString",
        "coordinates": [
          [
            225524.28304446075,
            1935953.633950301
          ],
          [
            225483.8821031124,
            1935967.9365876445
          ]
        ]
      },
      "properties": {
        "edge_id": "2249842307_2249842310_0",
        "width_dir_m": 1.75,
        "lanes_effective": 1
      }
    },
    {
      "type": "Feature",
      "geometry": {
        "type": "LineString",
        "coordinates": [
          [
            225524.28304446075,
            1935953.633950301
          ],
          [
            225564.34692328185,
            1936065.6502111135
          ]
        ]
      },
      "properties": {
        "edge_id": "2249842307_3181785758_0",
        "width_dir_m": 1.75,
        "lanes_effective": 1
      }
    },
    {
      "type": "Feature",
      "geometry": {
        "type": "LineString",
        "coordinates": [
          [
            225605.50762103772,
            1936051.7471561183
          ],
          [
            225651.12780558522,
            1936033.6418935747
          ]
        ]
      },
      "properties": {
        "edge_id": "2249842316_2249842314_0",
        "width_dir_m": 1.75,
        "lanes_effective": 1
      }
    },
    {
      "type": "Feature",
      "geometry": {
        "type": "LineString",
        "coordinates": [
          [
            225605.50762103772,
            1936051.7471561183
          ],
          [
            225564.34692328185,
            1936065.6502111135
          ]
        ]
      },
      "properties": {
        "edge_id": "2249842316_3181785758_0",
        "width_dir_m": 1.75,
        "lanes_effective": 1
      }
    },
    {
      "type": "Feature",
      "geometry": {
        "type": "LineString",
        "coordinates": [
          [
            225605.50762103772,
            1936051.7471561183
          ],
          [
            225619.01545109635,
            1936085.5068338674
          ]
        ]
      },
      "properties": {
        "edge_id": "2249842316_12249726309_0",
        "width_dir_m": 1.75,
        "lanes_effective": 1
      }
    },
    {
      "type": "Feature",
      "geometry": {
        "type": "LineString",
        "coordinates": [
          [
            225605.50762103772,
            1936051.7471561183
          ],
          [
            225567.72991816298,
            1935938.2490862724
          ]
        ]
      },
      "properties": {
        "edge_id": "2249842316_2249842306_0",
        "width_dir_m": 1.75,
        "lanes_effective": 1
      }
    },
    {
      "type": "Feature",
      "geometry": {
        "type": "LineString",
        "coordinates": [
          [
            225483.8821031124,
            1935967.9365876445
          ],
          [
            225524.28304446075,
            1935953.633950301
          ]
        ]
      },
      "properties": {
        "edge_id": "2249842310_2249842307_0",
        "width_dir_m": 1.75,
        "lanes_effective": 1
      }
    },
    {
      "type": "Feature",
      "geometry": {
        "type": "LineString",
        "coordinates": [
          [
            225483.8821031124,
            1935967.9365876445
          ],
          [
            225438.67969778203,
            1935983.9434968475
          ]
        ]
      },
      "properties": {
        "edge_id": "2249842310_3602320190_0",
        "width_dir_m": 1.75,
        "lanes_effective": 1
      }
    },
    {
      "type": "Feature",
      "geometry": {
        "type": "LineString",
        "coordinates": [
          [
            225483.8821031124,
            1935967.9365876445
          ],
          [
            225509.29988502094,
            1936039.0545638069
          ]
        ]
      },
      "properties": {
        "edge_id": "2249842310_12249681586_0",
        "width_dir_m": 1.75,
        "lanes_effective": 1
      }
    },
    {
      "type": "Feature",
      "geometry": {
        "type": "LineString",
        "coordinates": [
          [
            225483.8821031124,
            1935967.9365876445
          ],
          [
            225469.22758667986,
            1935927.2267394827
          ]
        ]
      },
      "properties": {
        "edge_id": "2249842310_2466587917_0",
        "width_dir_m": 1.75,
        "lanes_effective": 1
      }
    },
    {
      "type": "Feature",
      "geometry": {
        "type": "LineString",
        "coordinates": [
          [
            225564.34692328185,
            1936065.6502111135
          ],
          [
            225605.50762103772,
            1936051.7471561183
          ]
        ]
      },
      "properties": {
        "edge_id": "3181785758_2249842316_0",
        "width_dir_m": 1.75,
        "lanes_effective": 1
      }
    },
    {
      "type": "Feature",
      "geometry": {
        "type": "LineString",
        "coordinates": [
          [
            225564.34692328185,
            1936065.6502111135
          ],
          [
            225579.0455431518,
            1936110.4127098261
          ]
        ]
      },
      "properties": {
        "edge_id": "3181785758_2249842320_0",
        "width_dir_m": 1.75,
        "lanes_effective": 1
      }
    },
    {
      "type": "Feature",
      "geometry": {
        "type": "LineString",
        "coordinates": [
          [
            225564.34692328185,
            1936065.6502111135
          ],
          [
            225524.28304446075,
            1935953.633950301
          ]
        ]
      },
      "properties": {
        "edge_id": "3181785758_2249842307_0",
        "width_dir_m": 1.75,
        "lanes_effective": 1
      }
    },
    {
      "type": "Feature",
      "geometry": {
        "type": "LineString",
        "coordinates": [
          [
            225564.34692328185,
            1936065.6502111135
          ],
          [
            225523.9119665114,
            1936080.5623517814
          ],
          [
            225512.36098432675,
            1936075.1154759491
          ],
          [
            225504.61785782262,
            1936073.836263526
          ],
          [
            225498.14685239422,
            1936074.6771430557
          ],
          [
            225481.573931592,
            1936081.3141374313
          ]
        ]
      },
      "properties": {
        "edge_id": "3181785758_12025170332_0",
        "width_dir_m": 1.75,
        "lanes_effective": 1
      }
    },
    {
      "type": "Feature",
      "geometry": {
        "type": "LineString",
        "coordinates": [
          [
            225626.7458008335,
            1935971.468923089
          ],
          [
            225651.12780558522,
            1936033.6418935747
          ]
        ]
      },
      "properties": {
        "edge_id": "2249842308_2249842314_0",
        "width_dir_m": 1.75,
        "lanes_effective": 1
      }
    },
    {
      "type": "Feature",
      "geometry": {
        "type": "LineString",
        "coordinates": [
          [
            225651.12780558522,
            1936033.6418935747
          ],
          [
            225687.77299181483,
            1936019.8002728121
          ]
        ]
      },
      "properties": {
        "edge_id": "2249842314_3602320570_0",
        "width_dir_m": 1.75,
        "lanes_effective": 1
      }
    },
    {
      "type": "Feature",
      "geometry": {
        "type": "LineString",
        "coordinates": [
          [
            225651.12780558522,
            1936033.6418935747
          ],
          [
            225605.50762103772,
            1936051.7471561183
          ]
        ]
      },
      "properties": {
        "edge_id": "2249842314_2249842316_0",
        "width_dir_m": 1.75,
        "lanes_effective": 1
      }
    },
    {
      "type": "Feature",
      "geometry": {
        "type": "LineString",
        "coordinates": [
          [
            225651.12780558522,
            1936033.6418935747
          ],
          [
            225626.7458008335,
            1935971.468923089
          ]
        ]
      },
      "properties": {
        "edge_id": "2249842314_2249842308_0",
        "width_dir_m": 1.75,
        "lanes_effective": 1
      }
    },
    {
      "type": "Feature",
      "geometry": {
        "type": "LineString",
        "coordinates": [
          [
            225651.12780558522,
            1936033.6418935747
          ],
          [
            225669.35972531873,
            1936085.0675665322
          ],
          [
            225707.3294829239,
            1936193.1920469909
          ]
        ]
      },
      "properties": {
        "edge_id": "2249842314_2249842333_0",
        "width_dir_m": 1.75,
        "lanes_effective": 1
      }
    },
    {
      "type": "Feature",
      "geometry": {
        "type": "LineString",
        "coordinates": [
          [
            225369.46033074887,
            1935970.9848521024
          ],
          [
            225400.44871648581,
            1935938.1161999474
          ]
        ]
      },
      "properties": {
        "edge_id": "2249842309_3602320027_0",
        "width_dir_m": 3.5,
        "lanes_effective": 1
      }
    },
    {
      "type": "Feature",
      "geometry": {
        "type": "LineString",
        "coordinates": [
          [
            225369.46033074887,
            1935970.9848521024
          ],
          [
            225337.4281403689,
            1936004.4546843213
          ]
        ]
      },
      "properties": {
        "edge_id": "2249842309_3602320529_0",
        "width_dir_m": 3.5,
        "lanes_effective": 1
      }
    },
    {
      "type": "Feature",
      "geometry": {
        "type": "LineString",
        "coordinates": [
          [
            225369.46033074887,
            1935970.9848521024
          ],
          [
            225254.16247253312,
            1935851.6404111094
          ]
        ]
      },
      "properties": {
        "edge_id": "2249842309_3182362516_0",
        "width_dir_m": 1.75,
        "lanes_effective": 1
      }
    },
    {
      "type": "Feature",
      "geometry": {
        "type": "LineString",
        "coordinates": [
          [
            225254.16247253312,
            1935851.6404111094
          ],
          [
            225369.46033074887,
            1935970.9848521024
          ]
        ]
      },
      "properties": {
        "edge_id": "3182362516_2249842309_0",
        "width_dir_m": 1.75,
        "lanes_effective": 1
      }
    },
    {
      "type": "Feature",
      "geometry": {
        "type": "LineString",
        "coordinates": [
          [
            225254.16247253312,
            1935851.6404111094
          ],
          [
            225217.40172149625,
            1935886.7139958236
          ]
        ]
      },
      "properties": {
        "edge_id": "3182362516_3602320042_0",
        "width_dir_m": 1.75,
        "lanes_effective": 1
      }
    },
    {
      "type": "Feature",
      "geometry": {
        "type": "LineString",
        "coordinates": [
          [
            225254.16247253312,
            1935851.6404111094
          ],
          [
            225264.11349435354,
            1935839.4230969134
          ],
          [
            225279.61629050563,
            1935823.6198102597
          ]
        ]
      },
      "properties": {
        "edge_id": "3182362516_3602319934_0",
        "width_dir_m": 1.75,
        "lanes_effective": 1
      }
    },
    {
      "type": "Feature",
      "geometry": {
        "type": "LineString",
        "coordinates": [
          [
            225509.29988502094,
            1936039.0545638069
          ],
          [
            225483.8821031124,
            1935967.9365876445
          ]
        ]
      },
      "properties": {
        "edge_id": "12249681586_2249842310_0",
        "width_dir_m": 1.75,
        "lanes_effective": 1
      }
    },
    {
      "type": "Feature",
      "geometry": {
        "type": "LineString",
        "coordinates": [
          [
            225453.8151320704,
            1936025.6324200903
          ],
          [
            225481.573931592,
            1936081.3141374313
          ]
        ]
      },
      "properties": {
        "edge_id": "2249842313_12025170332_0",
        "width_dir_m": 3.5,
        "lanes_effective": 1
      }
    },
    {
      "type": "Feature",
      "geometry": {
        "type": "LineString",
        "coordinates": [
          [
            225453.8151320704,
            1936025.6324200903
          ],
          [
            225405.98961826088,
            1936072.2846211835
          ]
        ]
      },
      "properties": {
        "edge_id": "2249842313_3602320840_0",
        "width_dir_m": 1.75,
        "lanes_effective": 1
      }
    },
    {
      "type": "Feature",
      "geometry": {
        "type": "LineString",
        "coordinates": [
          [
            225453.8151320704,
            1936025.6324200903
          ],
          [
            225452.37295672676,
            1936022.7283601612
          ],
          [
            225438.67969778203,
            1935983.9434968475
          ]
        ]
      },
      "properties": {
        "edge_id": "2249842313_3602320190_0",
        "width_dir_m": 3.5,
        "lanes_effective": 1
      }
    },
    {
      "type": "Feature",
      "geometry": {
        "type": "LineString",
        "coordinates": [
          [
            225481.573931592,
            1936081.3141374313
          ],
          [
            225453.8151320704,
            1936025.6324200903
          ]
        ]
      },
      "properties": {
        "edge_id": "12025170332_2249842313_0",
        "width_dir_m": 3.5,
        "lanes_effective": 1
      }
    },
    {
      "type": "Feature",
      "geometry": {
        "type": "LineString",
        "coordinates": [
          [
            225481.573931592,
            1936081.3141374313
          ],
          [
            225484.8949872314,
            1936087.9801333577
          ],
          [
            225487.4001293491,
            1936094.0370385004
          ],
          [
            225496.20315971214,
            1936120.9501091777
          ],
          [
            225500.5161372458,
            1936134.1475987486
          ],
          [
            225502.66173275607,
            1936146.5992982187
          ],
          [
            225505.54070177255,
            1936158.2769124564
          ],
          [
            225508.44194244116,
            1936166.8976972534
          ],
          [
            225514.92471940996,
            1936176.3226009957
          ],
          [
            225521.38803593587,
            1936180.398847904
          ],
          [
            225537.53224407748,
            1936189.1610696947
          ],
          [
            225541.04215202056,
            1936190.9517837379
          ],
          [
            225547.92590267956,
            1936193.9038206618
          ]
        ]
      },
      "properties": {
        "edge_id": "12025170332_2249842332_0",
        "width_dir_m": 3.5,
        "lanes_effective": 1
      }
    },
    {
      "type": "Feature",
      "geometry": {
        "type": "LineString",
        "coordinates": [
          [
            225481.573931592,
            1936081.3141374313
          ],
          [
            225498.14685239422,
            1936074.6771430557
          ],
          [
            225504.61785782262,
            1936073.836263526
          ],
          [
            225512.36098432675,
            1936075.1154759491
          ],
          [
            225523.9119665114,
            1936080.5623517814
          ],
          [
            225564.34692328185,
            1936065.6502111135
          ]
        ]
      },
      "properties": {
        "edge_id": "12025170332_3181785758_0",
        "width_dir_m": 1.75,
        "lanes_effective": 1
      }
    },
    {
      "type": "Feature",
      "geometry": {
        "type": "LineString",
        "coordinates": [
          [
            225687.77299181483,
            1936019.8002728121
          ],
          [
            225720.0324621813,
            1936008.5431501253
          ]
        ]
      },
      "properties": {
        "edge_id": "3602320570_3602320541_0",
        "width_dir_m": 1.75,
        "lanes_effective": 1
      }
    },
    {
      "type": "Feature",
      "geometry": {
        "type": "LineString",
        "coordinates": [
          [
            225687.77299181483,
            1936019.8002728121
          ],
          [
            225651.12780558522,
            1936033.6418935747
          ]
        ]
      },
      "properties": {
        "edge_id": "3602320570_2249842314_0",
        "width_dir_m": 1.75,
        "lanes_effective": 1
      }
    },
    {
      "type": "Feature",
      "geometry": {
        "type": "LineString",
        "coordinates": [
          [
            225687.77299181483,
            1936019.8002728121
          ],
          [
            225719.60202466603,
            1936096.700855021
          ],
          [
            225735.75607088534,
            1936142.241029597
          ],
          [
            225743.4963789963,
            1936165.2593201606
          ],
          [
            225745.67003033002,
            1936172.7382570892
          ],
          [
            225744.24684355647,
            1936178.2836589431
          ],
          [
            225738.74963765987,
            1936182.7547230895
          ],
          [
            225707.3294829239,
            1936193.1920469909
          ]
        ]
      },
      "properties": {
        "edge_id": "3602320570_2249842333_0",
        "width_dir_m": 1.75,
        "lanes_effective": 1
      }
    },
    {
      "type": "Feature",
      "geometry": {
        "type": "LineString",
        "coordinates": [
          [
            225687.77299181483,
            1936019.8002728121
          ],
          [
            225664.99378007994,
            1935962.9655249924
          ],
          [
            225664.71313788847,
            1935961.8618953892
          ],
          [
            225664.56341253524,
            1935960.2249209736
          ],
          [
            225665.17151652806,
            1935958.8323785933
          ],
          [
            225665.9453028491,
            1935957.9027122182
          ],
          [
            225680.952811478,
            1935952.582823206
          ]
        ]
      },
      "properties": {
        "edge_id": "3602320570_3602320149_0",
        "width_dir_m": 1.75,
        "lanes_effective": 1
      }
    },
    {
      "type": "Feature",
      "geometry": {
        "type": "LineString",
        "coordinates": [
          [
            225707.3294829239,
            1936193.1920469909
          ],
          [
            225661.99385699566,
            1936211.8803138877
          ]
        ]
      },
      "properties": {
        "edge_id": "2249842333_4208597022_0",
        "width_dir_m": 1.75,
        "lanes_effective": 1
      }
    },
    {
      "type": "Feature",
      "geometry": {
        "type": "LineString",
        "coordinates": [
          [
            225707.3294829239,
            1936193.1920469909
          ],
          [
            225669.35972531873,
            1936085.0675665322
          ],
          [
            225651.12780558522,
            1936033.6418935747
          ]
        ]
      },
      "properties": {
        "edge_id": "2249842333_2249842314_0",
        "width_dir_m": 1.75,
        "lanes_effective": 1
      }
    },
    {
      "type": "Feature",
      "geometry": {
        "type": "LineString",
        "coordinates": [
          [
            225707.3294829239,
            1936193.1920469909
          ],
          [
            225738.74963765987,
            1936182.7547230895
          ],
          [
            225744.24684355647,
            1936178.2836589431
          ],
          [
            225745.67003033002,
            1936172.7382570892
          ],
          [
            225743.4963789963,
            1936165.2593201606
          ],
          [
            225735.75607088534,
            1936142.241029597
          ],
          [
            225719.60202466603,
            1936096.700855021
          ],
          [
            225687.77299181483,
            1936019.8002728121
          ]
        ]
      },
      "properties": {
        "edge_id": "2249842333_3602320570_0",
        "width_dir_m": 1.75,
        "lanes_effective": 1
      }
    },
    {
      "type": "Feature",
      "geometry": {
        "type": "LineString",
        "coordinates": [
          [
            225619.01545109635,
            1936085.5068338674
          ],
          [
            225605.50762103772,
            1936051.7471561183
          ]
        ]
      },
      "properties": {
        "edge_id": "12249726309_2249842316_0",
        "width_dir_m": 1.75,
        "lanes_effective": 1
      }
    },
    {
      "type": "Feature",
      "geometry": {
        "type": "LineString",
        "coordinates": [
          [
            225579.0455431518,
            1936110.4127098261
          ],
          [
            225564.34692328185,
            1936065.6502111135
          ]
        ]
      },
      "properties": {
        "edge_id": "2249842320_3181785758_0",
        "width_dir_m": 1.75,
        "lanes_effective": 1
      }
    },
    {
      "type": "Feature",
      "geometry": {
        "type": "LineString",
        "coordinates": [
          [
            225547.92590267956,
            1936193.9038206618
          ],
          [
            225615.8896531337,
            1936226.3930121642
          ]
        ]
      },
      "properties": {
        "edge_id": "2249842332_2249842344_0",
        "width_dir_m": 3.5,
        "lanes_effective": 1
      }
    },
    {
      "type": "Feature",
      "geometry": {
        "type": "LineString",
        "coordinates": [
          [
            225547.92590267956,
            1936193.9038206618
          ],
          [
            225613.78954238782,
            1936304.2300028293
          ]
        ]
      },
      "properties": {
        "edge_id": "2249842332_2249842352_0",
        "width_dir_m": 1.75,
        "lanes_effective": 1
      }
    },
    {
      "type": "Feature",
      "geometry": {
        "type": "LineString",
        "coordinates": [
          [
            225547.92590267956,
            1936193.9038206618
          ],
          [
            225541.04215202056,
            1936190.9517837379
          ],
          [
            225537.53224407748,
            1936189.1610696947
          ],
          [
            225521.38803593587,
            1936180.398847904
          ],
          [
            225514.92471940996,
            1936176.3226009957
          ],
          [
            225508.44194244116,
            1936166.8976972534
          ],
          [
            225505.54070177255,
            1936158.2769124564
          ],
          [
            225502.66173275607,
            1936146.5992982187
          ],
          [
            225500.5161372458,
            1936134.1475987486
          ],
          [
            225496.20315971214,
            1936120.9501091777
          ],
          [
            225487.4001293491,
            1936094.0370385004
          ],
          [
            225484.8949872314,
            1936087.9801333577
          ],
          [
            225481.573931592,
            1936081.3141374313
          ]
        ]
      },
      "properties": {
        "edge_id": "2249842332_12025170332_0",
        "width_dir_m": 3.5,
        "lanes_effective": 1
      }
    },
    {
      "type": "Feature",
      "geometry": {
        "type": "LineString",
        "coordinates": [
          [
            225615.8896531337,
            1936226.3930121642
          ],
          [
            225547.92590267956,
            1936193.9038206618
          ]
        ]
      },
      "properties": {
        "edge_id": "2249842344_2249842332_0",
        "width_dir_m": 3.5,
        "lanes_effective": 1
      }
    },
    {
      "type": "Feature",
      "geometry": {
        "type": "LineString",
        "coordinates": [
          [
            225615.8896531337,
            1936226.3930121642
          ],
          [
            225661.99385699566,
            1936211.8803138877
          ]
        ]
      },
      "properties": {
        "edge_id": "2249842344_4208597022_0",
        "width_dir_m": 1.75,
        "lanes_effective": 1
      }
    },
    {
      "type": "Feature",
      "geometry": {
        "type": "LineString",
        "coordinates": [
          [
            225615.8896531337,
            1936226.3930121642
          ],
          [
            225648.79850291082,
            1936280.266313006
          ]
        ]
      },
      "properties": {
        "edge_id": "2249842344_2249842347_0",
        "width_dir_m": 1.75,
        "lanes_effective": 1
      }
    },
    {
      "type": "Feature",
      "geometry": {
        "type": "LineString",
        "coordinates": [
          [
            225615.8896531337,
            1936226.3930121642
          ],
          [
            225678.81547669653,
            1936255.7059468436
          ],
          [
            225681.5983626698,
            1936257.174312391
          ]
        ]
      },
      "properties": {
        "edge_id": "2249842344_2249842345_0",
        "width_dir_m": 3.5,
        "lanes_effective": 1
      }
    },
    {
      "type": "Feature",
      "geometry": {
        "type": "LineString",
        "coordinates": [
          [
            225613.78954238782,
            1936304.2300028293
          ],
          [
            225547.92590267956,
            1936193.9038206618
          ]
        ]
      },
      "properties": {
        "edge_id": "2249842352_2249842332_0",
        "width_dir_m": 1.75,
        "lanes_effective": 1
      }
    },
    {
      "type": "Feature",
      "geometry": {
        "type": "LineString",
        "coordinates": [
          [
            225613.78954238782,
            1936304.2300028293
          ],
          [
            225648.79850291082,
            1936280.266313006
          ]
        ]
      },
      "properties": {
        "edge_id": "2249842352_2249842347_0",
        "width_dir_m": 1.75,
        "lanes_effective": 1
      }
    },
    {
      "type": "Feature",
      "geometry": {
        "type": "LineString",
        "coordinates": [
          [
            225613.78954238782,
            1936304.2300028293
          ],
          [
            225571.46280101978,
            1936330.0538925154
          ]
        ]
      },
      "properties": {
        "edge_id": "2249842352_2249842362_0",
        "width_dir_m": 1.75,
        "lanes_effective": 1
      }
    },
    {
      "type": "Feature",
      "geometry": {
        "type": "LineString",
        "coordinates": [
          [
            225661.99385699566,
            1936211.8803138877
          ],
          [
            225707.3294829239,
            1936193.1920469909
          ]
        ]
      },
      "properties": {
        "edge_id": "4208597022_2249842333_0",
        "width_dir_m": 1.75,
        "lanes_effective": 1
      }
    },
    {
      "type": "Feature",
      "geometry": {
        "type": "LineString",
        "coordinates": [
          [
            225661.99385699566,
            1936211.8803138877
          ],
          [
            225615.8896531337,
            1936226.3930121642
          ]
        ]
      },
      "properties": {
        "edge_id": "4208597022_2249842344_0",
        "width_dir_m": 1.75,
        "lanes_effective": 1
      }
    },
    {
      "type": "Feature",
      "geometry": {
        "type": "LineString",
        "coordinates": [
          [
            225661.99385699566,
            1936211.8803138877
          ],
          [
            225640.575074189,
            1936144.871960137
          ]
        ]
      },
      "properties": {
        "edge_id": "4208597022_4208728950_0",
        "width_dir_m": 1.75,
        "lanes_effective": 1
      }
    },
    {
      "type": "Feature",
      "geometry": {
        "type": "LineString",
        "coordinates": [
          [
            225571.46280101978,
            1936330.0538925154
          ],
          [
            225613.78954238782,
            1936304.2300028293
          ]
        ]
      },
      "properties": {
        "edge_id": "2249842362_2249842352_0",
        "width_dir_m": 1.75,
        "lanes_effective": 1
      }
    },
    {
      "type": "Feature",
      "geometry": {
        "type": "LineString",
        "coordinates": [
          [
            225571.46280101978,
            1936330.0538925154
          ],
          [
            225531.6461846092,
            1936353.6843163082
          ]
        ]
      },
      "properties": {
        "edge_id": "2249842362_3182362544_0",
        "width_dir_m": 1.75,
        "lanes_effective": 1
      }
    },
    {
      "type": "Feature",
      "geometry": {
        "type": "LineString",
        "coordinates": [
          [
            225571.46280101978,
            1936330.0538925154
          ],
          [
            225597.9219064862,
            1936369.0974611214
          ]
        ]
      },
      "properties": {
        "edge_id": "2249842362_2249842364_0",
        "width_dir_m": 1.75,
        "lanes_effective": 1
      }
    },
    {
      "type": "Feature",
      "geometry": {
        "type": "LineString",
        "coordinates": [
          [
            225571.46280101978,
            1936330.0538925154
          ],
          [
            225560.07377561182,
            1936309.122842592
          ],
          [
            225541.56474421703,
            1936280.359171332
          ],
          [
            225521.13423398975,
            1936249.3956389115
          ],
          [
            225496.1615984281,
            1936223.5879809933
          ],
          [
            225468.7204214303,
            1936196.7728616474
          ]
        ]
      },
      "properties": {
        "edge_id": "2249842362_2249842334_0",
        "width_dir_m": 1.75,
        "lanes_effective": 1
      }
    },
    {
      "type": "Feature",
      "geometry": {
        "type": "LineString",
        "coordinates": [
          [
            225648.79850291082,
            1936280.266313006
          ],
          [
            225675.05115495593,
            1936319.7668171946
          ]
        ]
      },
      "properties": {
        "edge_id": "2249842347_2249842356_0",
        "width_dir_m": 1.75,
        "lanes_effective": 1
      }
    },
    {
      "type": "Feature",
      "geometry": {
        "type": "LineString",
        "coordinates": [
          [
            225648.79850291082,
            1936280.266313006
          ],
          [
            225613.78954238782,
            1936304.2300028293
          ]
        ]
      },
      "properties": {
        "edge_id": "2249842347_2249842352_0",
        "width_dir_m": 1.75,
        "lanes_effective": 1
      }
    },
    {
      "type": "Feature",
      "geometry": {
        "type": "LineString",
        "coordinates": [
          [
            225648.79850291082,
            1936280.266313006
          ],
          [
            225615.8896531337,
            1936226.3930121642
          ]
        ]
      },
      "properties": {
        "edge_id": "2249842347_2249842344_0",
        "width_dir_m": 1.75,
        "lanes_effective": 1
      }
    },
    {
      "type": "Feature",
      "geometry": {
        "type": "LineString",
        "coordinates": [
          [
            225648.79850291082,
            1936280.266313006
          ],
          [
            225681.5983626698,
            1936257.174312391
          ]
        ]
      },
      "properties": {
        "edge_id": "2249842347_2249842345_0",
        "width_dir_m": 1.75,
        "lanes_effective": 1
      }
    },
    {
      "type": "Feature",
      "geometry": {
        "type": "LineString",
        "coordinates": [
          [
            225681.5983626698,
            1936257.174312391
          ],
          [
            225648.79850291082,
            1936280.266313006
          ]
        ]
      },
      "properties": {
        "edge_id": "2249842345_2249842347_0",
        "width_dir_m": 1.75,
        "lanes_effective": 1
      }
    },
    {
      "type": "Feature",
      "geometry": {
        "type": "LineString",
        "coordinates": [
          [
            225681.5983626698,
            1936257.174312391
          ],
          [
            225678.81547669653,
            1936255.7059468436
          ],
          [
            225615.8896531337,
            1936226.3930121642
          ]
        ]
      },
      "properties": {
        "edge_id": "2249842345_2249842344_0",
        "width_dir_m": 3.5,
        "lanes_effective": 1
      }
    },
    {
      "type": "Feature",
      "geometry": {
        "type": "LineString",
        "coordinates": [
          [
            225485.85516554076,
            1936280.0743018913
          ],
          [
            225531.6461846092,
            1936353.6843163082
          ]
        ]
      },
      "properties": {
        "edge_id": "2249842346_3182362544_0",
        "width_dir_m": 1.75,
        "lanes_effective": 1
      }
    },
    {
      "type": "Feature",
      "geometry": {
        "type": "LineString",
        "coordinates": [
          [
            225531.6461846092,
            1936353.6843163082
          ],
          [
            225485.85516554076,
            1936280.0743018913
          ]
        ]
      },
      "properties": {
        "edge_id": "3182362544_2249842346_0",
        "width_dir_m": 1.75,
        "lanes_effective": 1
      }
    },
    {
      "type": "Feature",
      "geometry": {
        "type": "LineString",
        "coordinates": [
          [
            225531.6461846092,
            1936353.6843163082
          ],
          [
            225571.46280101978,
            1936330.0538925154
          ]
        ]
      },
      "properties": {
        "edge_id": "3182362544_2249842362_0",
        "width_dir_m": 1.75,
        "lanes_effective": 1
      }
    },
    {
      "type": "Feature",
      "geometry": {
        "type": "LineString",
        "coordinates": [
          [
            225531.6461846092,
            1936353.6843163082
          ],
          [
            225492.72765150148,
            1936376.9261130777
          ]
        ]
      },
      "properties": {
        "edge_id": "3182362544_3182362549_0",
        "width_dir_m": 1.75,
        "lanes_effective": 1
      }
    },
    {
      "type": "Feature",
      "geometry": {
        "type": "LineString",
        "coordinates": [
          [
            225675.05115495593,
            1936319.7668171946
          ],
          [
            225597.9219064862,
            1936369.0974611214
          ]
        ]
      },
      "properties": {
        "edge_id": "2249842356_2249842364_0",
        "width_dir_m": 1.75,
        "lanes_effective": 1
      }
    },
    {
      "type": "Feature",
      "geometry": {
        "type": "LineString",
        "coordinates": [
          [
            225675.05115495593,
            1936319.7668171946
          ],
          [
            225698.78068340616,
            1936362.0701551263
          ]
        ]
      },
      "properties": {
        "edge_id": "2249842356_3182362545_0",
        "width_dir_m": 1.75,
        "lanes_effective": 1
      }
    },
    {
      "type": "Feature",
      "geometry": {
        "type": "LineString",
        "coordinates": [
          [
            225675.05115495593,
            1936319.7668171946
          ],
          [
            225648.79850291082,
            1936280.266313006
          ]
        ]
      },
      "properties": {
        "edge_id": "2249842356_2249842347_0",
        "width_dir_m": 1.75,
        "lanes_effective": 1
      }
    },
    {
      "type": "Feature",
      "geometry": {
        "type": "LineString",
        "coordinates": [
          [
            225446.9845297067,
            1936302.938992173
          ],
          [
            225492.72765150148,
            1936376.9261130777
          ]
        ]
      },
      "properties": {
        "edge_id": "2249842351_3182362549_0",
        "width_dir_m": 1.75,
        "lanes_effective": 1
      }
    },
    {
      "type": "Feature",
      "geometry": {
        "type": "LineString",
        "coordinates": [
          [
            225492.72765150148,
            1936376.9261130777
          ],
          [
            225446.9845297067,
            1936302.938992173
          ]
        ]
      },
      "properties": {
        "edge_id": "3182362549_2249842351_0",
        "width_dir_m": 1.75,
        "lanes_effective": 1
      }
    },
    {
      "type": "Feature",
      "geometry": {
        "type": "LineString",
        "coordinates": [
          [
            225492.72765150148,
            1936376.9261130777
          ],
          [
            225531.6461846092,
            1936353.6843163082
          ]
        ]
      },
      "properties": {
        "edge_id": "3182362549_3182362544_0",
        "width_dir_m": 1.75,
        "lanes_effective": 1
      }
    },
    {
      "type": "Feature",
      "geometry": {
        "type": "LineString",
        "coordinates": [
          [
            225492.72765150148,
            1936376.9261130777
          ],
          [
            225456.14956477174,
            1936398.7851493089
          ]
        ]
      },
      "properties": {
        "edge_id": "3182362549_2249842369_0",
        "width_dir_m": 1.75,
        "lanes_effective": 1
      }
    },
    {
      "type": "Feature",
      "geometry": {
        "type": "LineString",
        "coordinates": [
          [
            225597.9219064862,
            1936369.0974611214
          ],
          [
            225675.05115495593,
            1936319.7668171946
          ]
        ]
      },
      "properties": {
        "edge_id": "2249842364_2249842356_0",
        "width_dir_m": 1.75,
        "lanes_effective": 1
      }
    },
    {
      "type": "Feature",
      "geometry": {
        "type": "LineString",
        "coordinates": [
          [
            225597.9219064862,
            1936369.0974611214
          ],
          [
            225623.4834115751,
            1936409.3492607577
          ]
        ]
      },
      "properties": {
        "edge_id": "2249842364_2249842370_0",
        "width_dir_m": 1.75,
        "lanes_effective": 1
      }
    },
    {
      "type": "Feature",
      "geometry": {
        "type": "LineString",
        "coordinates": [
          [
            225597.9219064862,
            1936369.0974611214
          ],
          [
            225571.46280101978,
            1936330.0538925154
          ]
        ]
      },
      "properties": {
        "edge_id": "2249842364_2249842362_0",
        "width_dir_m": 1.75,
        "lanes_effective": 1
      }
    },
    {
      "type": "Feature",
      "geometry": {
        "type": "LineString",
        "coordinates": [
          [
            225698.78068340616,
            1936362.0701551263
          ],
          [
            225663.42740534764,
            1936384.1447278943
          ]
        ]
      },
      "properties": {
        "edge_id": "3182362545_2249842366_0",
        "width_dir_m": 1.75,
        "lanes_effective": 1
      }
    },
    {
      "type": "Feature",
      "geometry": {
        "type": "LineString",
        "coordinates": [
          [
            225698.78068340616,
            1936362.0701551263
          ],
          [
            225721.99483964493,
            1936400.0725721275
          ]
        ]
      },
      "properties": {
        "edge_id": "3182362545_2852570276_0",
        "width_dir_m": 1.75,
        "lanes_effective": 1
      }
    },
    {
      "type": "Feature",
      "geometry": {
        "type": "LineString",
        "coordinates": [
          [
            225698.78068340616,
            1936362.0701551263
          ],
          [
            225675.05115495593,
            1936319.7668171946
          ]
        ]
      },
      "properties": {
        "edge_id": "3182362545_2249842356_0",
        "width_dir_m": 1.75,
        "lanes_effective": 1
      }
    },
    {
      "type": "Feature",
      "geometry": {
        "type": "LineString",
        "coordinates": [
          [
            225305.72080718953,
            1936307.5151403726
          ],
          [
            225333.77434206364,
            1936278.473586884
          ]
        ]
      },
      "properties": {
        "edge_id": "3602321319_3602321162_0",
        "width_dir_m": 1.75,
        "lanes_effective": 1
      }
    },
    {
      "type": "Feature",
      "geometry": {
        "type": "LineString",
        "coordinates": [
          [
            225305.72080718953,
            1936307.5151403726
          ],
          [
            225302.12337881437,
            1936303.9759015269
          ],
          [
            225280.1891064383,
            1936281.2501853206
          ],
          [
            225270.5423338777,
            1936272.820723201
          ]
        ]
      },
      "properties": {
        "edge_id": "3602321319_7694521075_0",
        "width_dir_m": 7.0,
        "lanes_effective": 2
      }
    },
    {
      "type": "Feature",
      "geometry": {
        "type": "LineString",
        "coordinates": [
          [
            225420.7256776655,
            1936340.505426749
          ],
          [
            225456.14956477174,
            1936398.7851493089
          ]
        ]
      },
      "properties": {
        "edge_id": "2249842361_2249842369_0",
        "width_dir_m": 1.75,
        "lanes_effective": 1
      }
    },
    {
      "type": "Feature",
      "geometry": {
        "type": "LineString",
        "coordinates": [
          [
            225456.14956477174,
            1936398.7851493089
          ],
          [
            225420.7256776655,
            1936340.505426749
          ]
        ]
      },
      "properties": {
        "edge_id": "2249842369_2249842361_0",
        "width_dir_m": 1.75,
        "lanes_effective": 1
      }
    },
    {
      "type": "Feature",
      "geometry": {
        "type": "LineString",
        "coordinates": [
          [
            225456.14956477174,
            1936398.7851493089
          ],
          [
            225492.72765150148,
            1936376.9261130777
          ]
        ]
      },
      "properties": {
        "edge_id": "2249842369_3182362549_0",
        "width_dir_m": 1.75,
        "lanes_effective": 1
      }
    },
    {
      "type": "Feature",
      "geometry": {
        "type": "LineString",
        "coordinates": [
          [
            225456.14956477174,
            1936398.7851493089
          ],
          [
            225427.6363139875,
            1936417.4450060658
          ],
          [
            225413.87676619831,
            1936426.989690649
          ]
        ]
      },
      "properties": {
        "edge_id": "2249842369_13088498387_0",
        "width_dir_m": 1.75,
        "lanes_effective": 1
      }
    },
    {
      "type": "Feature",
      "geometry": {
        "type": "LineString",
        "coordinates": [
          [
            225623.4834115751,
            1936409.3492607577
          ],
          [
            225663.42740534764,
            1936384.1447278943
          ]
        ]
      },
      "properties": {
        "edge_id": "2249842370_2249842366_0",
        "width_dir_m": 1.75,
        "lanes_effective": 1
      }
    },
    {
      "type": "Feature",
      "geometry": {
        "type": "LineString",
        "coordinates": [
          [
            225623.4834115751,
            1936409.3492607577
          ],
          [
            225597.9219064862,
            1936369.0974611214
          ]
        ]
      },
      "properties": {
        "edge_id": "2249842370_2249842364_0",
        "width_dir_m": 1.75,
        "lanes_effective": 1
      }
    },
    {
      "type": "Feature",
      "geometry": {
        "type": "LineString",
        "coordinates": [
          [
            225623.4834115751,
            1936409.3492607577
          ],
          [
            225650.90146347618,
            1936452.5105977983
          ],
          [
            225657.70738711674,
            1936463.049652789
          ]
        ]
      },
      "properties": {
        "edge_id": "2249842370_2249842376_0",
        "width_dir_m": 1.75,
        "lanes_effective": 1
      }
    },
    {
      "type": "Feature",
      "geometry": {
        "type": "LineString",
        "coordinates": [
          [
            225663.42740534764,
            1936384.1447278943
          ],
          [
            225712.96861359396,
            1936465.5780202271
          ]
        ]
      },
      "properties": {
        "edge_id": "2249842366_2249842377_0",
        "width_dir_m": 1.75,
        "lanes_effective": 1
      }
    },
    {
      "type": "Feature",
      "geometry": {
        "type": "LineString",
        "coordinates": [
          [
            225663.42740534764,
            1936384.1447278943
          ],
          [
            225698.78068340616,
            1936362.0701551263
          ]
        ]
      },
      "properties": {
        "edge_id": "2249842366_3182362545_0",
        "width_dir_m": 1.75,
        "lanes_effective": 1
      }
    },
    {
      "type": "Feature",
      "geometry": {
        "type": "LineString",
        "coordinates": [
          [
            225663.42740534764,
            1936384.1447278943
          ],
          [
            225623.4834115751,
            1936409.3492607577
          ]
        ]
      },
      "properties": {
        "edge_id": "2249842366_2249842370_0",
        "width_dir_m": 1.75,
        "lanes_effective": 1
      }
    },
    {
      "type": "Feature",
      "geometry": {
        "type": "LineString",
        "coordinates": [
          [
            225712.96861359396,
            1936465.5780202271
          ],
          [
            225663.42740534764,
            1936384.1447278943
          ]
        ]
      },
      "properties": {
        "edge_id": "2249842377_2249842366_0",
        "width_dir_m": 1.75,
        "lanes_effective": 1
      }
    },
    {
      "type": "Feature",
      "geometry": {
        "type": "LineString",
        "coordinates": [
          [
            225413.87676619831,
            1936426.989690649
          ],
          [
            225412.0861913797,
            1936423.470201078
          ],
          [
            225390.27925931948,
            1936392.1046508828
          ],
          [
            225373.50799218373,
            1936374.7241270419
          ],
          [
            225350.14754075225,
            1936351.0431785886
          ],
          [
            225333.84169796715,
            1936335.0738789376
          ]
        ]
      },
      "properties": {
        "edge_id": "13088498387_2249842360_0",
        "width_dir_m": 7.0,
        "lanes_effective": 2
      }
    },
    {
      "type": "Feature",
      "geometry": {
        "type": "LineString",
        "coordinates": [
          [
            225413.87676619831,
            1936426.989690649
          ],
          [
            225427.6363139875,
            1936417.4450060658
          ],
          [
            225456.14956477174,
            1936398.7851493089
          ]
        ]
      },
      "properties": {
        "edge_id": "13088498387_2249842369_0",
        "width_dir_m": 1.75,
        "lanes_effective": 1
      }
    },
    {
      "type": "Feature",
      "geometry": {
        "type": "LineString",
        "coordinates": [
          [
            225657.70738711674,
            1936463.049652789
          ],
          [
            225650.90146347618,
            1936452.5105977983
          ],
          [
            225623.4834115751,
            1936409.3492607577
          ]
        ]
      },
      "properties": {
        "edge_id": "2249842376_2249842370_0",
        "width_dir_m": 1.75,
        "lanes_effective": 1
      }
    },
    {
      "type": "Feature",
      "geometry": {
        "type": "LineString",
        "coordinates": [
          [
            225422.38634487847,
            1936451.0716736005
          ],
          [
            225427.78422968189,
            1936447.1223456485
          ]
        ]
      },
      "properties": {
        "edge_id": "6150664066_13088498389_0",
        "width_dir_m": 3.5,
        "lanes_effective": 1
      }
    },
    {
      "type": "Feature",
      "geometry": {
        "type": "LineString",
        "coordinates": [
          [
            225422.38634487847,
            1936451.0716736005
          ],
          [
            225424.57780057937,
            1936454.3753069728
          ],
          [
            225429.2911853777,
            1936454.7985808186
          ]
        ]
      },
      "properties": {
        "edge_id": "6150664066_13088498386_0",
        "width_dir_m": 3.5,
        "lanes_effective": 1
      }
    },
    {
      "type": "Feature",
      "geometry": {
        "type": "LineString",
        "coordinates": [
          [
            224876.17191391793,
            1936091.7660848598
          ],
          [
            224913.1821545678,
            1936127.4538942673
          ]
        ]
      },
      "properties": {
        "edge_id": "3602320855_2710761000_0",
        "width_dir_m": 1.75,
        "lanes_effective": 1
      }
    },
    {
      "type": "Feature",
      "geometry": {
        "type": "LineString",
        "coordinates": [
          [
            224876.17191391793,
            1936091.7660848598
          ],
          [
            224940.04275225056,
            1936026.3335071928
          ]
        ]
      },
      "properties": {
        "edge_id": "3602320855_2710765364_0",
        "width_dir_m": 1.75,
        "lanes_effective": 1
      }
    },
    {
      "type": "Feature",
      "geometry": {
        "type": "LineString",
        "coordinates": [
          [
            224940.04275225056,
            1936026.3335071928
          ],
          [
            224976.90920694702,
            1935991.2689415202
          ]
        ]
      },
      "properties": {
        "edge_id": "2710765364_2710765366_0",
        "width_dir_m": 1.75,
        "lanes_effective": 1
      }
    },
    {
      "type": "Feature",
      "geometry": {
        "type": "LineString",
        "coordinates": [
          [
            224940.04275225056,
            1936026.3335071928
          ],
          [
            224876.17191391793,
            1936091.7660848598
          ]
        ]
      },
      "properties": {
        "edge_id": "2710765364_3602320855_0",
        "width_dir_m": 1.75,
        "lanes_effective": 1
      }
    },
    {
      "type": "Feature",
      "geometry": {
        "type": "LineString",
        "coordinates": [
          [
            224940.04275225056,
            1936026.3335071928
          ],
          [
            224908.2681805744,
            1935994.306504382
          ],
          [
            224906.02699992887,
            1935992.0445799993
          ]
        ]
      },
      "properties": {
        "edge_id": "2710765364_3602320494_0",
        "width_dir_m": 1.75,
        "lanes_effective": 1
      }
    },
    {
      "type": "Feature",
      "geometry": {
        "type": "LineString",
        "coordinates": [
          [
            224976.90920694702,
            1935991.2689415202
          ],
          [
            224940.04275225056,
            1936026.3335071928
          ]
        ]
      },
      "properties": {
        "edge_id": "2710765366_2710765364_0",
        "width_dir_m": 1.75,
        "lanes_effective": 1
      }
    },
    {
      "type": "Feature",
      "geometry": {
        "type": "LineString",
        "coordinates": [
          [
            224976.90920694702,
            1935991.2689415202
          ],
          [
            225012.17584009294,
            1936026.903116108
          ]
        ]
      },
      "properties": {
        "edge_id": "2710765366_1428964117_0",
        "width_dir_m": 3.5,
        "lanes_effective": 1
      }
    },
    {
      "type": "Feature",
      "geometry": {
        "type": "LineString",
        "coordinates": [
          [
            224906.02699992887,
            1935992.0445799993
          ],
          [
            224908.2681805744,
            1935994.306504382
          ],
          [
            224940.04275225056,
            1936026.3335071928
          ]
        ]
      },
      "properties": {
        "edge_id": "3602320494_2710765364_0",
        "width_dir_m": 1.75,
        "lanes_effective": 1
      }
    },
    {
      "type": "Feature",
      "geometry": {
        "type": "LineString",
        "coordinates": [
          [
            225721.99483964493,
            1936400.0725721275
          ],
          [
            225698.78068340616,
            1936362.0701551263
          ]
        ]
      },
      "properties": {
        "edge_id": "2852570276_3182362545_0",
        "width_dir_m": 1.75,
        "lanes_effective": 1
      }
    },
    {
      "type": "Feature",
      "geometry": {
        "type": "LineString",
        "coordinates": [
          [
            225279.61629050563,
            1935823.6198102597
          ],
          [
            225295.69567350222,
            1935807.232841256
          ],
          [
            225314.5398648996,
            1935798.0177715102
          ],
          [
            225322.3360450187,
            1935796.1510829916
          ]
        ]
      },
      "properties": {
        "edge_id": "3602319934_3665228554_0",
        "width_dir_m": 1.75,
        "lanes_effective": 1
      }
    },
    {
      "type": "Feature",
      "geometry": {
        "type": "LineString",
        "coordinates": [
          [
            225279.61629050563,
            1935823.6198102597
          ],
          [
            225264.11349435354,
            1935839.4230969134
          ],
          [
            225254.16247253312,
            1935851.6404111094
          ]
        ]
      },
      "properties": {
        "edge_id": "3602319934_3182362516_0",
        "width_dir_m": 1.75,
        "lanes_effective": 1
      }
    },
    {
      "type": "Feature",
      "geometry": {
        "type": "LineString",
        "coordinates": [
          [
            225279.61629050563,
            1935823.6198102597
          ],
          [
            225387.551714729,
            1935925.8990559876
          ],
          [
            225400.44871648581,
            1935938.1161999474
          ]
        ]
      },
      "properties": {
        "edge_id": "3602319934_3602320027_0",
        "width_dir_m": 1.75,
        "lanes_effective": 1
      }
    },
    {
      "type": "Feature",
      "geometry": {
        "type": "LineString",
        "coordinates": [
          [
            224887.07998229016,
            1936245.2421363436
          ],
          [
            224927.61167555448,
            1936283.5841877523
          ]
        ]
      },
      "properties": {
        "edge_id": "3504789174_3602321164_0",
        "width_dir_m": 1.75,
        "lanes_effective": 1
      }
    },
    {
      "type": "Feature",
      "geometry": {
        "type": "LineString",
        "coordinates": [
          [
            224948.4077069686,
            1936164.7607402352
          ],
          [
            224978.87277265766,
            1936134.11329027
          ]
        ]
      },
      "properties": {
        "edge_id": "3602320979_3602320926_0",
        "width_dir_m": 1.75,
        "lanes_effective": 1
      }
    },
    {
      "type": "Feature",
      "geometry": {
        "type": "LineString",
        "coordinates": [
          [
            224948.4077069686,
            1936164.7607402352
          ],
          [
            224912.97813354584,
            1936199.960916935
          ]
        ]
      },
      "properties": {
        "edge_id": "3602320979_3504789176_0",
        "width_dir_m": 1.75,
        "lanes_effective": 1
      }
    },
    {
      "type": "Feature",
      "geometry": {
        "type": "LineString",
        "coordinates": [
          [
            224948.4077069686,
            1936164.7607402352
          ],
          [
            224988.19724785152,
            1936202.4485445218
          ]
        ]
      },
      "properties": {
        "edge_id": "3602320979_3602321029_0",
        "width_dir_m": 1.75,
        "lanes_effective": 1
      }
    },
    {
      "type": "Feature",
      "geometry": {
        "type": "LineString",
        "coordinates": [
          [
            224960.84258225723,
            1936247.6940790091
          ],
          [
            224912.97813354584,
            1936199.960916935
          ]
        ]
      },
      "properties": {
        "edge_id": "3602321104_3504789176_0",
        "width_dir_m": 1.75,
        "lanes_effective": 1
      }
    },
    {
      "type": "Feature",
      "geometry": {
        "type": "LineString",
        "coordinates": [
          [
            224960.84258225723,
            1936247.6940790091
          ],
          [
            225027.78272524284,
            1936318.1473587044
          ]
        ]
      },
      "properties": {
        "edge_id": "3602321104_3602321322_0",
        "width_dir_m": 1.75,
        "lanes_effective": 1
      }
    },
    {
      "type": "Feature",
      "geometry": {
        "type": "LineString",
        "coordinates": [
          [
            224960.84258225723,
            1936247.6940790091
          ],
          [
            224927.61167555448,
            1936283.5841877523
          ]
        ]
      },
      "properties": {
        "edge_id": "3602321104_3602321164_0",
        "width_dir_m": 1.75,
        "lanes_effective": 1
      }
    },
    {
      "type": "Feature",
      "geometry": {
        "type": "LineString",
        "coordinates": [
          [
            224958.27475116518,
            1935768.1291987307
          ],
          [
            224892.71378073597,
            1935836.7296911879
          ]
        ]
      },
      "properties": {
        "edge_id": "3516602473_3602319948_0",
        "width_dir_m": 1.75,
        "lanes_effective": 1
      }
    },
    {
      "type": "Feature",
      "geometry": {
        "type": "LineString",
        "coordinates": [
          [
            224958.27475116518,
            1935768.1291987307
          ],
          [
            224976.2969776595,
            1935749.2680847857
          ]
        ]
      },
      "properties": {
        "edge_id": "3516602473_3602318982_0",
        "width_dir_m": 1.75,
        "lanes_effective": 1
      }
    },
    {
      "type": "Feature",
      "geometry": {
        "type": "LineString",
        "coordinates": [
          [
            224958.27475116518,
            1935768.1291987307
          ],
          [
            224994.5769975293,
            1935807.2156087968
          ],
          [
            224992.57839259418,
            1935808.726750542
          ]
        ]
      },
      "properties": {
        "edge_id": "3516602473_3602319895_0",
        "width_dir_m": 1.75,
        "lanes_effective": 1
      }
    },
    {
      "type": "Feature",
      "geometry": {
        "type": "LineString",
        "coordinates": [
          [
            224892.71378073597,
            1935836.7296911879
          ],
          [
            224958.27475116518,
            1935768.1291987307
          ]
        ]
      },
      "properties": {
        "edge_id": "3602319948_3516602473_0",
        "width_dir_m": 1.75,
        "lanes_effective": 1
      }
    },
    {
      "type": "Feature",
      "geometry": {
        "type": "LineString",
        "coordinates": [
          [
            224976.2969776595,
            1935749.2680847857
          ],
          [
            224958.27475116518,
            1935768.1291987307
          ]
        ]
      },
      "properties": {
        "edge_id": "3602318982_3516602473_0",
        "width_dir_m": 1.75,
        "lanes_effective": 1
      }
    },
    {
      "type": "Feature",
      "geometry": {
        "type": "LineString",
        "coordinates": [
          [
            224976.2969776595,
            1935749.2680847857
          ],
          [
            224992.4599369712,
            1935737.4755932721
          ],
          [
            224999.73327322252,
            1935737.7975466447
          ],
          [
            225004.62079564447,
            1935740.854090603
          ],
          [
            225014.23330164043,
            1935750.6460949823
          ]
        ]
      },
      "properties": {
        "edge_id": "3602318982_3602318989_0",
        "width_dir_m": 1.75,
        "lanes_effective": 1
      }
    },
    {
      "type": "Feature",
      "geometry": {
        "type": "LineString",
        "coordinates": [
          [
            224992.57839259418,
            1935808.726750542
          ],
          [
            224979.69908821484,
            1935822.0693237619
          ]
        ]
      },
      "properties": {
        "edge_id": "3602319895_3602319922_0",
        "width_dir_m": 1.75,
        "lanes_effective": 1
      }
    },
    {
      "type": "Feature",
      "geometry": {
        "type": "LineString",
        "coordinates": [
          [
            224992.57839259418,
            1935808.726750542
          ],
          [
            225040.16142548266,
            1935856.0431905342
          ]
        ]
      },
      "properties": {
        "edge_id": "3602319895_3602319982_0",
        "width_dir_m": 1.75,
        "lanes_effective": 1
      }
    },
    {
      "type": "Feature",
      "geometry": {
        "type": "LineString",
        "coordinates": [
          [
            224992.57839259418,
            1935808.726750542
          ],
          [
            224994.5769975293,
            1935807.2156087968
          ],
          [
            224958.27475116518,
            1935768.1291987307
          ]
        ]
      },
      "properties": {
        "edge_id": "3602319895_3516602473_0",
        "width_dir_m": 1.75,
        "lanes_effective": 1
      }
    },
    {
      "type": "Feature",
      "geometry": {
        "type": "LineString",
        "coordinates": [
          [
            225345.93019967852,
            1935739.163108564
          ],
          [
            225309.59775948466,
            1935747.1094814597
          ]
        ]
      },
      "properties": {
        "edge_id": "13048084367_3602318986_0",
        "width_dir_m": 3.5,
        "lanes_effective": 1
      }
    },
    {
      "type": "Feature",
      "geometry": {
        "type": "LineString",
        "coordinates": [
          [
            225322.3360450187,
            1935796.1510829916
          ],
          [
            225336.63356167835,
            1935851.2402769784
          ]
        ]
      },
      "properties": {
        "edge_id": "3665228554_3602319983_0",
        "width_dir_m": 1.75,
        "lanes_effective": 1
      }
    },
    {
      "type": "Feature",
      "geometry": {
        "type": "LineString",
        "coordinates": [
          [
            225322.3360450187,
            1935796.1510829916
          ],
          [
            225309.59775948466,
            1935747.1094814597
          ]
        ]
      },
      "properties": {
        "edge_id": "3665228554_3602318986_0",
        "width_dir_m": 1.75,
        "lanes_effective": 1
      }
    },
    {
      "type": "Feature",
      "geometry": {
        "type": "LineString",
        "coordinates": [
          [
            225322.3360450187,
            1935796.1510829916
          ],
          [
            225314.5398648996,
            1935798.0177715102
          ],
          [
            225295.69567350222,
            1935807.232841256
          ],
          [
            225279.61629050563,
            1935823.6198102597
          ]
        ]
      },
      "properties": {
        "edge_id": "3665228554_3602319934_0",
        "width_dir_m": 1.75,
        "lanes_effective": 1
      }
    },
    {
      "type": "Feature",
      "geometry": {
        "type": "LineString",
        "coordinates": [
          [
            225040.16142548266,
            1935856.0431905342
          ],
          [
            224992.57839259418,
            1935808.726750542
          ]
        ]
      },
      "properties": {
        "edge_id": "3602319982_3602319895_0",
        "width_dir_m": 1.75,
        "lanes_effective": 1
      }
    },
    {
      "type": "Feature",
      "geometry": {
        "type": "LineString",
        "coordinates": [
          [
            225040.16142548266,
            1935856.0431905342
          ],
          [
            225073.37209928775,
            1935889.7452622154
          ]
        ]
      },
      "properties": {
        "edge_id": "3602319982_3602320043_0",
        "width_dir_m": 1.75,
        "lanes_effective": 1
      }
    },
    {
      "type": "Feature",
      "geometry": {
        "type": "LineString",
        "coordinates": [
          [
            225040.16142548266,
            1935856.0431905342
          ],
          [
            225027.50293769722,
            1935868.4303330453
          ]
        ]
      },
      "properties": {
        "edge_id": "3602319982_3602320008_0",
        "width_dir_m": 1.75,
        "lanes_effective": 1
      }
    },
    {
      "type": "Feature",
      "geometry": {
        "type": "LineString",
        "coordinates": [
          [
            225027.50293769722,
            1935868.4303330453
          ],
          [
            224979.69908821484,
            1935822.0693237619
          ]
        ]
      },
      "properties": {
        "edge_id": "3602320008_3602319922_0",
        "width_dir_m": 1.75,
        "lanes_effective": 1
      }
    },
    {
      "type": "Feature",
      "geometry": {
        "type": "LineString",
        "coordinates": [
          [
            225027.50293769722,
            1935868.4303330453
          ],
          [
            225040.16142548266,
            1935856.0431905342
          ]
        ]
      },
      "properties": {
        "edge_id": "3602320008_3602319982_0",
        "width_dir_m": 1.75,
        "lanes_effective": 1
      }
    },
    {
      "type": "Feature",
      "geometry": {
        "type": "LineString",
        "coordinates": [
          [
            225027.50293769722,
            1935868.4303330453
          ],
          [
            224978.8509364208,
            1935916.0140371504
          ]
        ]
      },
      "properties": {
        "edge_id": "3602320008_3602320069_0",
        "width_dir_m": 1.75,
        "lanes_effective": 1
      }
    },
    {
      "type": "Feature",
      "geometry": {
        "type": "LineString",
        "coordinates": [
          [
            225704.65292049904,
            1935863.3897214783
          ],
          [
            225697.10806770256,
            1935843.037697786
          ]
        ]
      },
      "properties": {
        "edge_id": "4208597015_3602319971_0",
        "width_dir_m": 1.75,
        "lanes_effective": 1
      }
    },
    {
      "type": "Feature",
      "geometry": {
        "type": "LineString",
        "coordinates": [
          [
            225073.37209928775,
            1935889.7452622154
          ],
          [
            225114.34578794905,
            1935849.5531253752
          ]
        ]
      },
      "properties": {
        "edge_id": "3602320043_3602319973_0",
        "width_dir_m": 1.75,
        "lanes_effective": 1
      }
    },
    {
      "type": "Feature",
      "geometry": {
        "type": "LineString",
        "coordinates": [
          [
            225073.37209928775,
            1935889.7452622154
          ],
          [
            225014.18142511317,
            1935951.6473635824
          ]
        ]
      },
      "properties": {
        "edge_id": "3602320043_3602320126_0",
        "width_dir_m": 1.75,
        "lanes_effective": 1
      }
    },
    {
      "type": "Feature",
      "geometry": {
        "type": "LineString",
        "coordinates": [
          [
            225073.37209928775,
            1935889.7452622154
          ],
          [
            225040.16142548266,
            1935856.0431905342
          ]
        ]
      },
      "properties": {
        "edge_id": "3602320043_3602319982_0",
        "width_dir_m": 1.75,
        "lanes_effective": 1
      }
    },
    {
      "type": "Feature",
      "geometry": {
        "type": "LineString",
        "coordinates": [
          [
            225336.63356167835,
            1935851.2402769784
          ],
          [
            225322.3360450187,
            1935796.1510829916
          ]
        ]
      },
      "properties": {
        "edge_id": "3602319983_3665228554_0",
        "width_dir_m": 1.75,
        "lanes_effective": 1
      }
    },
    {
      "type": "Feature",
      "geometry": {
        "type": "LineString",
        "coordinates": [
          [
            225704.47206461616,
            1935888.4534382403
          ],
          [
            225662.49979586108,
            1935903.6629367294
          ]
        ]
      },
      "properties": {
        "edge_id": "3602320056_3602320064_0",
        "width_dir_m": 1.75,
        "lanes_effective": 1
      }
    },
    {
      "type": "Feature",
      "geometry": {
        "type": "LineString",
        "coordinates": [
          [
            225680.952811478,
            1935952.582823206
          ],
          [
            225662.49979586108,
            1935903.6629367294
          ]
        ]
      },
      "properties": {
        "edge_id": "3602320149_3602320064_0",
        "width_dir_m": 1.75,
        "lanes_effective": 1
      }
    },
    {
      "type": "Feature",
      "geometry": {
        "type": "LineString",
        "coordinates": [
          [
            225680.952811478,
            1935952.582823206
          ],
          [
            225696.22835422412,
            1935947.4365013728
          ],
          [
            225698.74982052983,
            1935948.4322228422
          ],
          [
            225699.86345142242,
            1935950.6209177722
          ],
          [
            225720.0324621813,
            1936008.5431501253
          ]
        ]
      },
      "properties": {
        "edge_id": "3602320149_3602320541_0",
        "width_dir_m": 1.75,
        "lanes_effective": 1
      }
    },
    {
      "type": "Feature",
      "geometry": {
        "type": "LineString",
        "coordinates": [
          [
            225680.952811478,
            1935952.582823206
          ],
          [
            225665.9453028491,
            1935957.9027122182
          ],
          [
            225665.17151652806,
            1935958.8323785933
          ],
          [
            225664.56341253524,
            1935960.2249209736
          ],
          [
            225664.71313788847,
            1935961.8618953892
          ],
          [
            225664.99378007994,
            1935962.9655249924
          ],
          [
            225687.77299181483,
            1936019.8002728121
          ]
        ]
      },
      "properties": {
        "edge_id": "3602320149_3602320570_0",
        "width_dir_m": 1.75,
        "lanes_effective": 1
      }
    },
    {
      "type": "Feature",
      "geometry": {
        "type": "LineString",
        "coordinates": [
          [
            225187.70556140848,
            1935993.5645303924
          ],
          [
            225154.08824324055,
            1935960.410493599
          ]
        ]
      },
      "properties": {
        "edge_id": "3602320501_3602320147_0",
        "width_dir_m": 1.75,
        "lanes_effective": 1
      }
    },
    {
      "type": "Feature",
      "geometry": {
        "type": "LineString",
        "coordinates": [
          [
            225187.70556140848,
            1935993.5645303924
          ],
          [
            225234.24433865806,
            1936038.3926747688
          ]
        ]
      },
      "properties": {
        "edge_id": "3602320501_3602320588_0",
        "width_dir_m": 1.75,
        "lanes_effective": 1
      }
    },
    {
      "type": "Feature",
      "geometry": {
        "type": "LineString",
        "coordinates": [
          [
            225187.70556140848,
            1935993.5645303924
          ],
          [
            225125.0632927433,
            1936057.1854400148
          ]
        ]
      },
      "properties": {
        "edge_id": "3602320501_3602320815_0",
        "width_dir_m": 1.75,
        "lanes_effective": 1
      }
    },
    {
      "type": "Feature",
      "geometry": {
        "type": "LineString",
        "coordinates": [
          [
            225720.0324621813,
            1936008.5431501253
          ],
          [
            225687.77299181483,
            1936019.8002728121
          ]
        ]
      },
      "properties": {
        "edge_id": "3602320541_3602320570_0",
        "width_dir_m": 1.75,
        "lanes_effective": 1
      }
    },
    {
      "type": "Feature",
      "geometry": {
        "type": "LineString",
        "coordinates": [
          [
            225720.0324621813,
            1936008.5431501253
          ],
          [
            225699.86345142242,
            1935950.6209177722
          ],
          [
            225698.74982052983,
            1935948.4322228422
          ],
          [
            225696.22835422412,
            1935947.4365013728
          ],
          [
            225680.952811478,
            1935952.582823206
          ]
        ]
      },
      "properties": {
        "edge_id": "3602320541_3602320149_0",
        "width_dir_m": 1.75,
        "lanes_effective": 1
      }
    },
    {
      "type": "Feature",
      "geometry": {
        "type": "LineString",
        "coordinates": [
          [
            225234.24433865806,
            1936038.3926747688
          ],
          [
            225187.70556140848,
            1935993.5645303924
          ]
        ]
      },
      "properties": {
        "edge_id": "3602320588_3602320501_0",
        "width_dir_m": 1.75,
        "lanes_effective": 1
      }
    },
    {
      "type": "Feature",
      "geometry": {
        "type": "LineString",
        "coordinates": [
          [
            225234.24433865806,
            1936038.3926747688
          ],
          [
            225268.87714713393,
            1936006.2826947675
          ]
        ]
      },
      "properties": {
        "edge_id": "3602320588_3602320527_0",
        "width_dir_m": 1.75,
        "lanes_effective": 1
      }
    },
    {
      "type": "Feature",
      "geometry": {
        "type": "LineString",
        "coordinates": [
          [
            225234.24433865806,
            1936038.3926747688
          ],
          [
            225199.04052106314,
            1936073.8328090427
          ],
          [
            225169.22527454043,
            1936102.2783012332
          ]
        ]
      },
      "properties": {
        "edge_id": "3602320588_3602320877_0",
        "width_dir_m": 1.75,
        "lanes_effective": 1
      }
    },
    {
      "type": "Feature",
      "geometry": {
        "type": "LineString",
        "coordinates": [
          [
            225472.58167629194,
            1936139.1115399715
          ],
          [
            225405.98961826088,
            1936072.2846211835
          ]
        ]
      },
      "properties": {
        "edge_id": "3602320950_3602320840_0",
        "width_dir_m": 1.75,
        "lanes_effective": 1
      }
    },
    {
      "type": "Feature",
      "geometry": {
        "type": "LineString",
        "coordinates": [
          [
            225203.20833214972,
            1936205.38433887
          ],
          [
            225305.6183192989,
            1936104.3679018547
          ]
        ]
      },
      "properties": {
        "edge_id": "7694521073_3602320883_0",
        "width_dir_m": 1.75,
        "lanes_effective": 1
      }
    },
    {
      "type": "Feature",
      "geometry": {
        "type": "LineString",
        "coordinates": [
          [
            225203.20833214972,
            1936205.38433887
          ],
          [
            225185.49372883112,
            1936186.6435177866
          ],
          [
            225170.36590415658,
            1936172.1422756233
          ]
        ]
      },
      "properties": {
        "edge_id": "7694521073_7694521072_0",
        "width_dir_m": 7.0,
        "lanes_effective": 2
      }
    },
    {
      "type": "Feature",
      "geometry": {
        "type": "LineString",
        "coordinates": [
          [
            225016.6370865092,
            1936171.3524893336
          ],
          [
            225050.9282206102,
            1936134.473620778
          ]
        ]
      },
      "properties": {
        "edge_id": "3602320992_3602320929_0",
        "width_dir_m": 1.75,
        "lanes_effective": 1
      }
    },
    {
      "type": "Feature",
      "geometry": {
        "type": "LineString",
        "coordinates": [
          [
            225016.6370865092,
            1936171.3524893336
          ],
          [
            224988.19724785152,
            1936202.4485445218
          ]
        ]
      },
      "properties": {
        "edge_id": "3602320992_3602321029_0",
        "width_dir_m": 1.75,
        "lanes_effective": 1
      }
    },
    {
      "type": "Feature",
      "geometry": {
        "type": "LineString",
        "coordinates": [
          [
            225016.6370865092,
            1936171.3524893336
          ],
          [
            224978.87277265766,
            1936134.11329027
          ]
        ]
      },
      "properties": {
        "edge_id": "3602320992_3602320926_0",
        "width_dir_m": 1.75,
        "lanes_effective": 1
      }
    },
    {
      "type": "Feature",
      "geometry": {
        "type": "LineString",
        "coordinates": [
          [
            224988.19724785152,
            1936202.4485445218
          ],
          [
            225016.6370865092,
            1936171.3524893336
          ]
        ]
      },
      "properties": {
        "edge_id": "3602321029_3602320992_0",
        "width_dir_m": 1.75,
        "lanes_effective": 1
      }
    },
    {
      "type": "Feature",
      "geometry": {
        "type": "LineString",
        "coordinates": [
          [
            224988.19724785152,
            1936202.4485445218
          ],
          [
            224948.4077069686,
            1936164.7607402352
          ]
        ]
      },
      "properties": {
        "edge_id": "3602321029_3602320979_0",
        "width_dir_m": 1.75,
        "lanes_effective": 1
      }
    },
    {
      "type": "Feature",
      "geometry": {
        "type": "LineString",
        "coordinates": [
          [
            224988.19724785152,
            1936202.4485445218
          ],
          [
            225029.05874217313,
            1936242.3920863164
          ]
        ]
      },
      "properties": {
        "edge_id": "3602321029_3602321094_0",
        "width_dir_m": 1.75,
        "lanes_effective": 1
      }
    },
    {
      "type": "Feature",
      "geometry": {
        "type": "LineString",
        "coordinates": [
          [
            225333.77434206364,
            1936278.473586884
          ],
          [
            225305.72080718953,
            1936307.5151403726
          ]
        ]
      },
      "properties": {
        "edge_id": "3602321162_3602321319_0",
        "width_dir_m": 1.75,
        "lanes_effective": 1
      }
    },
    {
      "type": "Feature",
      "geometry": {
        "type": "LineString",
        "coordinates": [
          [
            225640.575074189,
            1936144.871960137
          ],
          [
            225617.22410581814,
            1936154.7791361813
          ]
        ]
      },
      "properties": {
        "edge_id": "4208728950_4208728951_0",
        "width_dir_m": 1.75,
        "lanes_effective": 1
      }
    },
    {
      "type": "Feature",
      "geometry": {
        "type": "LineString",
        "coordinates": [
          [
            225640.575074189,
            1936144.871960137
          ],
          [
            225661.99385699566,
            1936211.8803138877
          ]
        ]
      },
      "properties": {
        "edge_id": "4208728950_4208597022_0",
        "width_dir_m": 1.75,
        "lanes_effective": 1
      }
    },
    {
      "type": "Feature",
      "geometry": {
        "type": "LineString",
        "coordinates": [
          [
            225640.575074189,
            1936144.871960137
          ],
          [
            225622.778365627,
            1936098.1137845519
          ]
        ]
      },
      "properties": {
        "edge_id": "4208728950_12249726310_0",
        "width_dir_m": 1.75,
        "lanes_effective": 1
      }
    },
    {
      "type": "Feature",
      "geometry": {
        "type": "LineString",
        "coordinates": [
          [
            225617.22410581814,
            1936154.7791361813
          ],
          [
            225640.575074189,
            1936144.871960137
          ]
        ]
      },
      "properties": {
        "edge_id": "4208728951_4208728950_0",
        "width_dir_m": 1.75,
        "lanes_effective": 1
      }
    },
    {
      "type": "Feature",
      "geometry": {
        "type": "LineString",
        "coordinates": [
          [
            225622.778365627,
            1936098.1137845519
          ],
          [
            225640.575074189,
            1936144.871960137
          ]
        ]
      },
      "properties": {
        "edge_id": "12249726310_4208728950_0",
        "width_dir_m": 1.75,
        "lanes_effective": 1
      }
    },
    {
      "type": "Feature",
      "geometry": {
        "type": "LineString",
        "coordinates": [
          [
            225427.78422968189,
            1936447.1223456485
          ],
          [
            225421.28924492426,
            1936438.3621029425
          ]
        ]
      },
      "properties": {
        "edge_id": "13088498389_12025182059_0",
        "width_dir_m": 7.0,
        "lanes_effective": 2
      }
    },
    {
      "type": "Feature",
      "geometry": {
        "type": "LineString",
        "coordinates": [
          [
            225429.2911853777,
            1936454.7985808186
          ],
          [
            225429.07248096028,
            1936448.8656807449
          ],
          [
            225427.78422968189,
            1936447.1223456485
          ]
        ]
      },
      "properties": {
        "edge_id": "13088498386_13088498389_0",
        "width_dir_m": 7.0,
        "lanes_effective": 2
      }
    },
    {
      "type": "Feature",
      "geometry": {
        "type": "LineString",
        "coordinates": [
          [
            225270.6385484382,
            1936477.8064841384
          ],
          [
            225240.91917397582,
            1936447.5674117594
          ]
        ]
      },
      "properties": {
        "edge_id": "11878442974_11878442973_0",
        "width_dir_m": 1.75,
        "lanes_effective": 1
      }
    },
    {
      "type": "Feature",
      "geometry": {
        "type": "LineString",
        "coordinates": [
          [
            225421.28924492426,
            1936438.3621029425
          ],
          [
            225415.87983165827,
            1936442.2451426587
          ]
        ]
      },
      "properties": {
        "edge_id": "12025182059_2249842372_0",
        "width_dir_m": 3.5,
        "lanes_effective": 1
      }
    },
    {
      "type": "Feature",
      "geometry": {
        "type": "LineString",
        "coordinates": [
          [
            225421.28924492426,
            1936438.3621029425
          ],
          [
            225417.3923116593,
            1936433.1103869192
          ],
          [
            225413.87676619831,
            1936426.989690649
          ]
        ]
      },
      "properties": {
        "edge_id": "12025182059_13088498387_0",
        "width_dir_m": 7.0,
        "lanes_effective": 2
      }
    }
  ]
}