timestamp,image_idx,lat,lon,altitude,heading,speed
0.0,0,17.4962518306,78.4156015873,485.792053223,211.43,0.1
0.0623,1,17.4962517807,78.4156015568,485.788848877,213.43,0.06
0.1283,2,17.4962517504,78.4156015368,485.783874512,223.05,0.03
0.1955,3,17.4962517367,78.415601524,485.786102295,211.3,0.1
0.2671,4,17.4962516821,78.4156014908,485.782440186,255.5,0.09
0.3286,5,17.4962516687,78.415601439,485.778106689,226.12,0.03
0.3964,6,17.4962516537,78.4156014234,485.780517578,205.68,0.09
0.4613,7,17.4962516067,78.4156014008,485.773498535,220.51,0.02
0.5281,8,17.4962515964,78.415601392,485.774291992,225.0,0.04
0.5953,9,17.4962515808,78.4156013764,485.771179199,231.81,0.07
0.6631,10,17.4962515539,78.4156013422,485.770263672,338.09,0.03
0.7332,11,17.4962515728,78.4156013346,485.768066406,230.23,0.04
0.7952,12,17.4962515589,78.4156013179,485.770172119,274.12,0.08
0.8623,13,17.4962515627,78.4156012651,485.76864624,228.37,0.06
0.933,14,17.4962515371,78.4156012363,485.765563965,235.11,0.04
0.9955,15,17.4962515242,78.4156012178,485.766967773,258.13,0.12
1.0613,16,17.496251509,78.4156011455,485.759857178,214.36,0.08
1.1337,17,17.4962514679,78.4156011174,485.761260986,236.68,0.04
1.1961,18,17.4962514539,78.4156010961,485.758148193,220.11,0.05
1.2651,19,17.4962514317,78.4156010774,485.756713867,206.39,0.07
1.3338,20,17.4962513918,78.4156010576,485.752990723,234.99,0.05
1.397,21,17.4962513766,78.4156010359,485.754089355,181.93,0.05
1.4626,22,17.4962513499,78.415601035,485.750427246,201.94,0.06
1.5349,23,17.4962513134,78.4156010203,485.745788574,231.62,0.04
1.5968,24,17.4962512974,78.4156010001,485.747070312,115.06,0.08
1.6624,25,17.4962512772,78.4156010433,485.740509033,123.3,0.07
1.7331,26,17.4962512529,78.4156010803,485.743255615,223.76,0.08
1.7954,27,17.4962512198,78.4156010486,485.742095947,91.69,0.07
1.8653,28,17.4962512185,78.4156010926,485.739105225,131.64,0.08
1.9359,29,17.4962511848,78.4156011305,485.736328125,127.9,0.06
2.0028,30,17.4962511609,78.4156011612,485.735137939,209.6,0.03
2.0704,31,17.496251144,78.4156011516,485.737548828,49.04,0.09
2.1376,32,17.4962511822,78.4156011956,485.735198975,208.05,0.03
2.2026,33,17.4962511685,78.4156011883,485.73739624,198.38,0.13
2.2625,34,17.4962511017,78.4156011661,485.731384277,212.79,0.03
2.3307,35,17.4962510868,78.4156011565,485.73348999,73.04,0.09
2.3983,36,17.4962511026,78.4156012083,485.733764648,200.64,0.03
2.4665,37,17.496251088,78.4156012028,485.730651855,21.83,0.1
2.5372,38,17.4962511494,78.4156012274,485.729766846,162.97,0.04
2.6025,39,17.4962511272,78.4156012342,485.731384277,198.23,0.02
2.6669,40,17.4962511187,78.4156012314,485.733459473,200.74,0.02
2.7354,41,17.4962511084,78.4156012275,485.73034668,113.93,0.04
2.7958,42,17.4962511001,78.4156012462,485.734008789,139.5,0.05
2.8673,43,17.4962510761,78.4156012667,485.728973389,1.79,0.01
2.9344,44,17.4962510825,78.4156012669,485.732940674,192.53,0.02
3.0009,45,17.4962510726,78.4156012647,485.729827881,185.91,0.04
3.0675,46,17.4962510475,78.4156012621,485.730407715,26.3,0.05
3.1323,47,17.4962510732,78.4156012748,485.729858398,197.46,0.02
3.1976,48,17.4962510608,78.4156012709,485.731964111,165.26,0.06
3.2655,49,17.4962510224,78.415601281,485.733551025,124.32,0.06
3.3324,50,17.4962509998,78.4156013141,485.73236084,202.04,0.08
3.3963,51,17.4962509593,78.4156012977,485.735168457,187.62,0.11
3.4658,52,17.4962508883,78.4156012882,485.73147583,143.87,0.05
3.5333,53,17.4962508657,78.4156013047,485.736846924,202.79,0.13
3.5999,54,17.496250795,78.415601275,485.734130859,188.55,0.22
3.6653,55,17.4962506667,78.4156012557,485.736907959,177.85,0.1
3.73,56,17.4962506081,78.4156012579,485.73638916,202.68,0.16
3.8007,57,17.4962505124,78.4156012179,485.741027832,209.16,0.4
3.866,58,17.496250307,78.4156011033,485.744140625,188.83,0.21
3.9317,59,17.4962501841,78.4156010842,485.74331665,203.36,0.23
3.9997,60,17.496250054,78.415601028,485.747467041,211.16,0.45
4.0612,61,17.4962498405,78.4156008989,485.745300293,205.22,0.29
4.1333,62,17.4962496668,78.4156008171,485.751098633,204.5,0.3
4.2005,63,17.4962495018,78.4156007419,485.749542236,217.25,0.6
4.2644,64,17.4962492242,78.4156005308,485.753997803,243.32,0.25
4.3316,65,17.4962491525,78.4156003881,485.754089355,206.78,0.35
4.3986,66,17.4962489611,78.4156002915,485.75869751,221.28,0.78
4.464,67,17.4962486109,78.4155999841,485.76385498,218.0,0.48
4.5296,68,17.4962483832,78.4155998062,485.764892578,208.18,0.4
4.5991,69,17.4962481607,78.415599687,485.768829346,216.87,0.92
4.6642,70,17.4962477226,78.4155993584,485.767822266,236.58,0.52
4.7315,71,17.4962475428,78.4155990859,485.774414062,210.02,0.48
4.7983,72,17.4962472875,78.4155989384,485.772857666,219.41,1.01
4.8645,73,17.496246816,78.4155985509,485.780029297,210.32,0.52
4.9345,74,17.4962465296,78.4155983834,485.778503418,229.76,0.7
5.0006,75,17.4962462514,78.4155980547,485.786437988,220.95,1.26
5.062,76,17.4962457163,78.4155975903,485.793334961,210.65,0.66
5.1324,77,17.4962453503,78.4155973734,485.791778564,231.54,0.84
5.1998,78,17.4962450246,78.4155969634,485.800415039,220.07,1.59
5.2678,79,17.4962442669,78.4155963261,485.802612305,227.57,0.88
5.33,80,17.4962439271,78.4155959544,485.809387207,212.1,0.86
5.4013,81,17.4962434542,78.4155956578,485.809387207,208.34,1.96
5.4652,82,17.4962424527,78.4155951176,485.81161499,208.57,0.96
5.5339,83,17.4962419241,78.4155948298,485.8097229,210.36,1.16
5.5963,84,17.4962413554,78.4155944967,485.816070557,211.54,2.1
5.6637,85,17.4962402554,78.4155938215,485.822235107,214.66,1.05
5.7319,86,17.4962397173,78.4155934495,485.821044922,210.16,1.22
5.7993,87,17.4962390681,78.4155930723,485.827575684,212.29,2.68
5.8621,88,17.4962377693,78.4155922514,485.826934814,210.4,1.34
5.9316,89,17.4962370382,78.4155918225,485.831054688,209.44,1.35
6.0001,90,17.4962363076,78.4155914102,485.831054688,211.95,3.03
6.0628,91,17.4962348363,78.4155904925,485.833496094,209.18,1.37
6.1307,92,17.4962340966,78.4155900794,485.828430176,208.41,1.5
6.1971,93,17.4962333006,78.4155896489,485.836639404,209.07,3.15
6.2633,94,17.4962316436,78.4155887276,485.837615967,207.89,1.54
6.332,95,17.4962307954,78.4155882786,485.837615967,207.29,1.75
6.3994,96,17.4962298418,78.4155877867,485.838470459,208.8,3.38
6.466,97,17.4962280481,78.4155868005,485.832397461,207.37,1.84
6.5276,98,17.4962271344,78.4155863275,485.838256836,212.36,1.79
6.5964,99,17.4962261869,78.4155857271,485.831481934,208.11,3.62
6.6669,100,17.4962241422,78.4155846348,485.829925537,210.07,2.12
6.7297,101,17.4962230948,78.4155840284,485.824371338,206.84,1.75
6.8,102,17.4962220993,78.4155835246,485.83114624,208.64,3.87
6.8667,103,17.4962200397,78.4155824,485.832702637,212.65,1.99
6.9327,104,17.4962190332,78.4155817552,485.828765869,206.84,2.05
6.9958,105,17.496217987,78.4155812259,485.83605957,209.03,4.01
7.0616,106,17.4962158897,78.4155800619,485.831573486,212.6,1.96
7.1328,107,17.4962148178,78.4155793763,485.833648682,206.95,2.0
7.1992,108,17.4962137453,78.4155788309,485.834350586,208.92,4.31
7.2614,109,17.4962116102,78.4155776512,485.832946777,208.75,1.97
7.3336,110,17.4962104777,78.4155770298,485.827941895,207.17,2.14
7.3955,111,17.4962094077,78.4155764806,485.83303833,208.25,4.22
7.4621,112,17.4962071579,78.4155752719,485.83380127,209.32,2.12
7.5294,113,17.496206024,78.415574635,485.829681396,207.28,2.02
7.5945,114,17.4962049604,78.4155740865,485.836669922,210.06,4.09
7.6626,115,17.4962027644,78.4155728155,485.833099365,210.64,2.24
7.7286,116,17.4962016066,78.4155721296,485.838623047,207.56,1.98
7.7951,117,17.4962005473,78.4155715768,485.83706665,207.09,4.15
7.8627,118,17.4961982803,78.4155704173,485.840454102,209.98,2.24
7.9285,119,17.4961971182,78.4155697468,485.839141846,207.32,2.02
7.9961,120,17.496196014,78.4155691764,485.845062256,209.16,4.4
8.0636,121,17.4961936538,78.4155678595,485.854888916,204.4,2.29
8.1291,122,17.4961924128,78.4155672966,485.856658936,206.88,2.31
8.196,123,17.4961911609,78.4155666621,485.864959717,206.34,4.66
8.2618,124,17.4961886681,78.4155654277,485.86328125,207.41,2.02
8.3323,125,17.4961875173,78.4155648308,485.865692139,206.64,2.42
8.3996,126,17.4961861939,78.4155641669,485.865692139,206.78,4.81
8.4632,127,17.4961837145,78.4155629156,485.867797852,202.59,2.1
8.5324,128,17.4961825019,78.4155624112,485.866729736,205.79,2.62
8.5962,129,17.4961811373,78.4155617517,485.873321533,203.51,4.69
8.6658,130,17.4961784218,78.4155605702,485.881561279,204.83,2.39
8.7331,131,17.4961770954,78.4155599565,485.882354736,204.42,2.57
8.7996,132,17.4961756826,78.4155593151,485.889587402,201.68,5.3
8.8635,133,17.496172835,78.4155581829,485.890716553,200.43,2.52
8.9336,134,17.4961713345,78.4155576239,485.901763916,203.23,2.81
8.9958,135,17.4961698804,78.4155569998,485.900482178,200.66,4.92
9.0672,136,17.4961669087,78.4155558792,485.914733887,198.43,2.94
9.1289,137,17.4961653527,78.4155553608,485.92388916,202.53,2.52
9.2001,138,17.4961638521,78.4155547383,485.931488037,200.27,5.67
9.267,139,17.4961606344,78.4155535501,485.95135498,205.71,2.94
9.3288,140,17.4961591482,78.4155528345,485.961242676,201.76,2.78
9.3952,141,17.4961575947,78.4155522143,485.969512939,204.65,5.05
9.4671,142,17.496154602,78.4155508409,485.976776123,199.7,2.98
9.5331,143,17.4961529298,78.4155502422,485.998474121,201.69,2.82
9.6007,144,17.4961513263,78.4155496045,485.999816895,200.95,5.73
9.6674,145,17.4961480939,78.4155483667,486.020172119,202.67,2.9
9.7329,146,17.4961465075,78.4155477042,486.030456543,201.47,2.95
9.7997,147,17.4961448478,78.4155470513,486.040618896,202.69,5.96
9.8656,148,17.4961415679,78.4155456799,486.060913086,203.73,3.08
9.9312,149,17.4961398897,78.415544942,486.073669434,201.71,3.0
9.9995,150,17.4961381661,78.4155442556,486.084320068,203.22,6.54
10.0634,151,17.4961346834,78.4155427613,486.103149414,200.27,2.84
10.1348,152,17.4961329597,78.4155421247,486.127227783,202.11,6.1
10.2062,153,17.4961293082,78.4155406409,486.152069092,202.56,3.51
10.2683,154,17.4961274848,78.4155398835,486.155181885,205.94,3.13
10.3395,155,17.4961256686,78.4155390002,486.167175293,203.05,3.4
10.4034,156,17.496123856,78.4155382291,486.178894043,204.9,6.82
10.4704,157,17.496120098,78.4155364847,486.204376221,203.42,3.92
10.5293,158,17.4961181782,78.4155356532,486.21383667,204.75,3.4
10.5966,159,17.4961162956,78.4155347854,486.227294922,204.92,6.21
10.6721,160,17.4961124358,78.4155329921,486.240234375,205.24,4.02
10.7346,161,17.4961103755,78.4155320208,486.25479126,206.84,3.35
10.8049,162,17.4961084655,78.4155310542,486.259460449,206.19,8.43
10.8623,163,17.4961045223,78.4155291147,486.283416748,208.29,3.44
10.9323,164,17.4961025938,78.4155280766,486.289154053,206.92,7.22
10.9996,165,17.4960986561,78.4155260775,486.310058594,207.01,3.57
11.0719,166,17.4960965647,78.4155250114,486.325408936,209.92,3.71
11.1387,167,17.4960946081,78.4155238856,486.330444336,209.14,8.33
11.1988,168,17.4960906285,78.4155216668,486.35949707,211.16,3.73
11.2668,169,17.4960886538,78.4155204726,486.365722656,211.63,3.6
11.3376,170,17.4960866745,78.4155192537,486.380462646,210.23,4.1
11.4018,171,17.4960846058,78.4155180484,486.387207031,211.37,7.69
11.4693,172,17.4960805701,78.4155155876,486.410705566,212.61,8.38
11.5331,173,17.4960764612,78.4155129593,486.435638428,213.98,3.55
11.608,174,17.4960744483,78.4155116028,486.441864014,210.84,3.28
11.6905,175,17.4960723337,78.41551034,486.456817627,211.31,3.88
11.758,176,17.4960702969,78.4155091009,486.46395874,214.57,5.04
11.8117,177,17.4960682613,78.4155076982,486.477844238,213.87,10.77
11.8628,178,17.4960640919,78.4155048997,486.491760254,212.1,4.13
11.9311,179,17.4960619135,78.4155035334,486.505889893,215.01,3.77
12.0033,180,17.4960598772,78.4155021068,486.511993408,213.6,9.0
12.0662,181,17.4960555731,78.4154992476,486.536407471,214.08,4.43
12.1297,182,17.4960534472,78.4154978092,486.543457031,215.12,4.1
12.1988,183,17.4960513279,78.4154963184,486.557220459,213.66,8.95
12.2624,184,17.4960470027,78.4154934379,486.581115723,213.04,4.06
12.3307,185,17.4960448817,78.4154920582,486.590393066,214.97,4.0
12.4028,186,17.4960427251,78.4154905498,486.603973389,214.68,10.05
12.4614,187,17.4960383001,78.4154874886,486.618774414,213.73,4.45
12.5279,188,17.4960360546,78.4154859895,486.636138916,214.84,4.26
12.5965,189,17.4960338619,78.4154844634,486.642364502,213.78,8.77
12.6627,190,17.4960294584,78.4154815177,486.664489746,213.97,4.38
12.7277,191,17.4960273052,78.4154800671,486.675048828,214.9,4.41
12.7943,192,17.4960251067,78.4154785336,486.68737793,214.62,8.84
12.8613,193,17.4960206581,78.4154754624,486.710723877,214.56,4.54
12.9295,194,17.4960183283,78.4154738576,486.722290039,214.98,4.22
13.0002,195,17.4960160964,78.4154722962,486.734802246,215.32,9.15
13.0674,196,17.4960115139,78.415469049,486.751159668,212.71,4.54
13.1329,197,17.4960092345,78.4154675851,486.767974854,214.9,4.81
13.1959,198,17.4960069629,78.4154660006,486.774200439,214.71,8.97
13.2637,199,17.4960023984,78.4154628393,486.79876709,215.93,4.65
13.3289,200,17.4960001537,78.4154612127,486.810241699,214.89,4.61
13.3954,201,17.4959978552,78.4154596101,486.822723389,216.21,9.1
13.4605,202,17.4959934853,78.4154564102,486.844818115,216.12,4.23
13.5309,203,17.4959912849,78.4154548046,486.854827881,214.83,4.63
13.5976,204,17.49598897,78.4154531942,486.867095947,215.73,9.56
13.6634,205,17.4959843032,78.415449837,486.885162354,213.88,4.85
13.7273,206,17.4959819564,78.4154482615,486.900665283,214.58,4.67
13.7943,207,17.4959796061,78.4154466412,486.908447266,213.46,8.85
13.8661,208,17.4959747716,78.4154434466,486.929962158,210.48,4.76
13.9344,209,17.4959722234,78.4154419467,486.938598633,214.17,4.56
14.0039,210,17.4959698297,78.4154403218,486.95223999,211.36,10.11
14.0683,211,17.4959647663,78.4154372363,486.975036621,211.27,5.46
14.1281,212,17.4959622245,78.4154356929,486.980163574,213.49,4.5
14.1995,213,17.4959597788,78.4154340746,486.993377686,210.84,10.06
14.2631,214,17.4959547746,78.4154310866,487.007904053,212.41,4.84
14.3298,215,17.4959522922,78.4154295105,487.015472412,213.1,5.02
14.3946,216,17.4959498063,78.4154278902,487.024810791,212.88,9.94
14.4608,217,17.495944765,78.4154246308,487.043548584,212.9,4.55
14.5328,218,17.4959422589,78.4154230096,487.04574585,213.05,5.08
14.5972,219,17.4959397574,78.4154213821,487.060333252,212.73,10.05
14.6631,220,17.4959346763,78.4154181167,487.07623291,212.47,5.28
14.7276,221,17.4959320573,78.4154164501,487.077789307,212.92,4.81
14.7955,222,17.4959295577,78.4154148316,487.093292236,212.18,9.12
14.8678,223,17.4959244723,78.4154116311,487.104309082,211.91,5.33
14.9307,224,17.4959218782,78.4154100157,487.109863281,212.87,4.7
14.9984,225,17.495919442,78.4154084417,487.117645264,213.01,9.08
15.0697,226,17.4959144907,78.4154052256,487.132049561,212.1,5.09
15.1344,227,17.4959119476,78.4154036305,487.136383057,212.93,4.75
15.1991,228,17.495909593,78.4154021056,487.147796631,212.93,9.54
15.2643,229,17.4959048329,78.4153990231,487.163299561,212.87,4.51
15.3342,230,17.4959024179,78.4153974628,487.169494629,212.94,4.7
15.3971,231,17.4959001547,78.4153959962,487.180206299,213.44,9.48
15.4604,232,17.4958955842,78.4153929778,487.194244385,213.08,4.36
15.5292,233,17.4958932928,78.415391485,487.20223999,213.23,4.15
15.5974,234,17.4958911322,78.4153900696,487.210021973,213.16,8.61
15.6629,235,17.4958868246,78.415387255,487.226348877,212.5,4.4
15.7273,236,17.4958846456,78.4153858668,487.23147583,213.36,4.03
15.7941,237,17.4958825926,78.415384515,487.240692139,213.0,8.02
15.8611,238,17.4958784828,78.4153818459,487.252929688,212.29,3.87
15.9313,239,17.4958763883,78.4153805221,487.257659912,213.36,3.82
15.9985,240,17.4958744317,78.4153792341,487.266174316,213.34,7.86
16.0644,241,17.4958704856,78.4153766377,487.277008057,212.85,4.03
16.1278,242,17.4958685258,78.4153753722,487.283874512,213.45,3.6
16.1952,243,17.495866678,78.4153741514,487.290100098,212.86,7.03
16.2641,244,17.4958629671,78.4153717542,487.306304932,211.6,3.62
16.3331,245,17.4958610286,78.4153705614,487.317504883,213.61,3.73
16.3946,246,17.4958592832,78.4153694014,487.323455811,212.21,6.87
16.4615,247,17.4958557397,78.4153671689,487.341949463,215.83,3.25
16.5281,248,17.495854134,78.4153660096,487.354125977,213.54,3.25
16.5975,249,17.4958524184,78.4153648722,487.362426758,213.47,6.74
16.6605,250,17.4958491883,78.4153627366,487.37689209,213.1,3.08
16.7275,251,17.4958476095,78.4153617073,487.383392334,213.93,3.33
16.7939,252,17.4958459354,78.4153605811,487.38961792,214.37,6.24
16.862,253,17.4958427327,78.4153583903,487.404510498,214.2,2.87
16.9313,254,17.4958412323,78.4153573707,487.409118652,214.6,3.27
16.9975,255,17.4958396043,78.4153562476,487.41583252,213.78,6.65
17.0611,256,17.4958363971,78.4153541025,487.42956543,211.83,2.83
17.1332,257,17.4958348148,78.4153531204,487.43661499,215.0,3.13
17.2021,258,17.4958332013,78.4153519908,487.444366455,215.31,6.83
17.2642,259,17.4958300386,78.4153497503,487.456512451,215.56,2.94
17.3334,260,17.4958285253,78.4153486684,487.463012695,215.56,3.45
17.3966,261,17.495826905,78.4153475099,487.469238281,215.72,6.47
17.4607,262,17.4958238274,78.4153452968,487.483520508,215.56,2.92
17.5289,263,17.495822346,78.4153442378,487.489807129,216.23,3.17
17.5987,264,17.4958207157,78.4153430431,487.496368408,215.02,6.73
17.6627,265,17.4958174943,78.4153407861,487.510345459,215.7,3.06
17.7322,266,17.4958159159,78.4153396521,487.516143799,216.12,3.35
17.7994,267,17.4958142545,78.4153384398,487.524139404,214.74,6.64
17.8658,268,17.4958109463,78.4153361455,487.534362793,212.78,3.49
17.9292,269,17.4958092504,78.4153350532,487.538879395,215.64,3.28
17.9992,270,17.4958075461,78.4153338311,487.544372559,214.76,6.59
18.0673,271,17.4958041807,78.4153314955,487.555450439,213.78,3.57
18.1304,272,17.4958024742,78.4153303539,487.56262207,215.61,3.28
18.2019,273,17.4958007316,78.4153291059,487.569946289,216.21,7.0
18.2682,274,17.495797308,78.4153265993,487.586669922,214.19,3.59
18.3322,275,17.4957955745,78.4153254217,487.592376709,215.28,3.82
18.395,276,17.4957937862,78.4153241564,487.600982666,215.84,7.19
18.4615,277,17.4957902458,78.4153215992,487.611572266,215.81,3.42
18.5311,278,17.4957884822,78.415320327,487.620025635,214.91,3.58
18.5995,279,17.4957866464,78.4153190458,487.624694824,212.27,7.98
18.6614,280,17.4957828403,78.4153166425,487.636688232,214.09,3.52
18.7303,281,17.4957810086,78.4153154029,487.639007568,213.81,3.79
18.7962,282,17.4957791127,78.4153141334,487.647796631,214.3,7.12
18.8669,283,17.4957753163,78.4153115437,487.657958984,214.88,3.99
18.9291,284,17.4957734557,78.4153102469,487.6612854,212.95,3.67
18.9972,285,17.4957715411,78.4153090058,487.670166016,213.12,8.06
19.061,286,17.4957676115,78.4153064422,487.681610107,212.11,3.83
19.1284,287,17.4957656159,78.4153051899,487.688171387,211.7,3.49
19.203,288,17.4957635991,78.4153039444,487.694396973,210.55,8.47
19.264,289,17.4957595464,78.4153015521,487.706787109,210.28,4.02
19.3292,290,17.4957574854,78.4153003487,487.712097168,210.28,4.04
19.3946,291,17.495755407,78.4152991351,487.720672607,211.68,7.77
19.4619,292,17.4957513529,78.4152966329,487.732269287,210.81,3.92
19.5289,293,17.4957492985,78.4152954079,487.735717773,209.4,3.79
19.5996,294,17.4957471727,78.4152942102,487.745391846,209.61,8.77
19.6616,295,17.4957428715,78.4152917654,487.755096436,210.74,3.81
19.7315,296,17.4957407845,78.4152905244,487.762176514,208.71,3.96
19.799,297,17.4957386504,78.4152893553,487.768280029,209.95,8.78
19.8614,298,17.4957343291,78.4152868654,487.780975342,210.63,4.01
19.9296,299,17.4957321882,78.4152855978,487.784545898,208.2,4.08
19.9976,300,17.4957299669,78.4152844065,487.792480469,209.27,8.18
20.0652,301,17.495725577,78.4152819456,487.806549072,209.79,4.57
20.1275,302,17.4957233298,78.4152806592,487.812164307,208.3,3.94
20.1991,303,17.4957210725,78.4152794437,487.821136475,207.68,8.19
20.2673,304,17.4957165775,78.4152770853,487.834320068,206.44,4.26
20.3331,305,17.4957142971,78.4152759511,487.842987061,208.31,4.64
20.3948,306,17.4957120072,78.4152747177,487.849212646,208.03,8.74
20.4618,307,17.4957073086,78.4152722166,487.862823486,208.24,4.26
20.5298,308,17.4957049864,78.4152709691,487.865966797,208.62,4.17
20.5998,309,17.4957026594,78.4152696992,487.875610352,208.39,9.54
20.6614,310,17.4956979578,78.4152671578,487.889373779,210.46,4.45
20.7281,311,17.4956956267,78.415265787,487.894927979,209.18,4.14
20.7998,312,17.495693271,78.4152644717,487.90423584,209.76,9.23
20.8652,313,17.4956885037,78.4152617462,487.91708374,209.26,4.75
20.9292,314,17.4956860919,78.4152603949,487.926879883,209.7,4.5
20.9963,315,17.4956837031,78.4152590324,487.933105469,209.12,9.29
21.0616,316,17.495678884,78.4152563478,487.94708252,211.44,4.62
21.1278,317,17.4956765054,78.4152548939,487.954284668,210.55,4.14
21.2021,318,17.4956740959,78.4152534718,487.960998535,209.54,9.34
21.2682,319,17.4956692087,78.4152507028,487.978820801,209.85,4.59
21.3321,320,17.4956668952,78.4152493753,487.986206055,211.28,5.07
21.3936,321,17.4956644684,78.4152479012,487.99508667,210.15,8.66
21.4646,322,17.49565963,78.4152450904,488.009277344,207.74,4.73
21.5288,323,17.4956571888,78.4152438065,488.021057129,212.01,4.61
21.5972,324,17.4956547522,78.4152422836,488.027282715,209.54,8.86
21.6671,325,17.4956498516,78.4152395066,488.045013428,208.22,4.85
21.7319,326,17.4956473367,78.4152381571,488.055664062,212.63,4.77
21.7988,327,17.4956448855,78.4152365875,488.064971924,211.47,9.68
21.865,328,17.4956399061,78.41523354,488.08581543,209.56,4.91
21.9318,329,17.4956373083,78.4152320664,488.101593018,213.45,4.7
22.0008,330,17.4956348387,78.4152304347,488.111785889,212.51,10.47
22.0618,331,17.4956299264,78.4152273035,488.133239746,213.59,4.59
22.1304,332,17.4956275313,78.4152257131,488.146057129,215.83,9.19
22.2017,333,17.4956226758,78.4152222077,488.168548584,215.08,5.17
22.2655,334,17.4956202119,78.4152204773,488.179382324,218.11,4.98
22.3354,335,17.495617703,78.4152185091,488.19708252,215.86,5.33
22.3978,336,17.495615238,78.4152167273,488.210876465,219.98,10.56
22.4624,337,17.4956104433,78.4152127075,488.247558594,220.4,4.7
22.533,338,17.4956081248,78.4152107344,488.268280029,217.61,5.3
22.5965,339,17.4956056855,78.4152088555,488.281768799,217.95,9.87
22.6663,340,17.4956007111,78.4152049756,488.307189941,217.72,5.54
22.7274,341,17.4955982609,78.4152030808,488.318939209,218.79,4.96
22.7961,342,17.495595829,78.4152011259,488.329833984,218.98,9.55
22.867,343,17.495591004,78.4151972212,488.353790283,218.73,5.45
22.9299,344,17.4955885529,78.4151952555,488.369293213,219.89,4.88
23.0008,345,17.4955861207,78.4151932227,488.380249023,220.71,11.73
23.061,346,17.4955812085,78.4151889963,488.409057617,220.32,5.2
23.1294,347,17.4955787196,78.4151868844,488.430786133,221.23,5.16
23.1974,348,17.4955762975,78.4151847621,488.442474365,220.96,11.05
23.2613,349,17.4955714061,78.4151805154,488.47076416,220.9,5.25
23.3298,350,17.4955689125,78.4151783556,488.486572266,222.3,5.43
23.3952,351,17.4955665009,78.4151761609,488.498687744,221.87,10.45
23.4636,352,17.4955616128,78.4151717797,488.522155762,222.11,5.36
23.5346,353,17.4955590191,78.4151694355,488.538024902,223.36,5.17
23.6045,354,17.4955566048,78.4151671557,488.551269531,222.45,11.59
23.6686,355,17.49555157,78.4151625497,488.586242676,222.87,5.91
23.7323,356,17.4955490343,78.4151601957,488.607543945,224.24,5.81
23.7956,357,17.4955466094,78.4151578344,488.618469238,224.23,10.56
23.8662,358,17.4955416919,78.4151530481,488.650909424,223.47,5.5
23.9341,359,17.4955392011,78.415150687,488.672027588,224.98,5.8
23.9984,360,17.4955367725,78.4151482604,488.682617188,225.31,12.05
24.0604,361,17.4955319322,78.4151433681,488.714813232,226.13,5.3
24.1326,362,17.4955294899,78.4151408273,488.736572266,225.77,5.96
24.1961,363,17.4955270592,78.41513833,488.748443604,226.57,11.2
24.2639,364,17.4955222442,78.4151332437,488.782562256,226.89,6.03
24.3264,365,17.4955198702,78.415130708,488.803497314,226.55,5.63
24.3943,366,17.4955174455,78.4151281483,488.814849854,226.89,10.53
24.4659,367,17.4955126931,78.4151230713,488.845733643,227.89,6.16
24.5277,368,17.4955103369,78.4151204648,488.865844727,227.12,5.69
24.5955,369,17.4955079148,78.4151178569,488.877105713,227.51,12.0
24.6598,370,17.495503106,78.4151126079,488.907287598,228.12,5.65
24.728,371,17.4955007312,78.4151099593,488.925872803,227.44,5.64
24.7971,372,17.4954983007,78.4151073127,488.937164307,227.6,11.91
24.8623,373,17.495493467,78.4151020191,488.966400146,228.77,5.81
24.9306,374,17.4954910522,78.415099264,488.983978271,227.53,6.0
24.9958,375,17.495488615,78.415096601,488.994903564,228.34,11.73
25.0624,376,17.4954838201,78.415091211,489.024902344,228.33,5.67
25.1312,377,17.4954814244,78.4150885194,489.044494629,227.83,5.74
25.1992,378,17.4954790079,78.4150858515,489.056793213,228.08,11.54
25.2664,379,17.4954742258,78.4150805251,489.087768555,229.28,5.81
25.3347,380,17.4954718342,78.4150777463,489.100982666,228.5,12.87
25.3948,381,17.4954671003,78.4150723965,489.120544434,228.18,5.36
25.4656,382,17.4954647636,78.415069785,489.12979126,228.52,5.48
25.5388,383,17.4954623095,78.4150670096,489.1434021,228.27,5.87
25.6029,384,17.4954599963,78.415064416,489.151947021,228.09,13.05
25.661,385,17.4954553208,78.4150592064,489.178070068,228.3,5.75
25.7274,386,17.495452974,78.4150565721,489.192657471,228.49,5.33
25.7963,387,17.4954507283,78.4150540348,489.20199585,228.63,11.15
25.8626,388,17.4954462173,78.4150489126,489.222930908,229.12,5.12
25.9341,389,17.4954440028,78.4150463546,489.235015869,228.73,5.27
26.0016,390,17.4954418376,78.415043887,489.241333008,228.69,12.05
26.0607,391,17.4954374952,78.4150389458,489.260681152,228.54,5.08
26.1331,392,17.4954352454,78.4150363991,489.273773193,228.8,5.05
26.2012,393,17.4954331519,78.415034008,489.281066895,228.67,10.91
26.2639,394,17.49542898,78.4150292647,489.305175781,229.35,4.98
26.3323,395,17.4954269295,78.4150268768,489.308929443,229.06,5.38
26.3937,396,17.4954249312,78.4150245734,489.319824219,229.56,9.31
26.4639,397,17.4954210115,78.4150199737,489.33605957,230.37,4.99
26.5286,398,17.4954191069,78.4150176735,489.342498779,229.3,4.67
26.5959,399,17.495417213,78.4150154717,489.34866333,229.13,9.69
26.6608,400,17.4954134102,78.415011077,489.358184814,228.96,4.34
26.7315,401,17.4954115488,78.4150089389,489.360473633,229.48,4.71
26.7936,402,17.4954097938,78.4150068852,489.365692139,229.5,8.65
26.8606,403,17.4954063151,78.4150028118,489.379364014,229.38,4.33
26.9281,404,17.4954045567,78.4150007618,489.378265381,229.76,4.17
26.9943,405,17.4954029102,78.414998816,489.389160156,229.37,8.04
27.0617,406,17.4953996481,78.4149950137,489.398223877,229.75,3.97
27.13,407,17.4953980294,78.4149931013,489.402313232,229.92,3.83
27.1962,408,17.4953965216,78.4149913092,489.404663086,229.79,7.41
27.2628,409,17.4953935748,78.4149878233,489.415985107,228.67,3.84
27.3269,410,17.4953920724,78.4149861149,489.421691895,230.05,3.24
27.3978,411,17.4953907064,78.4149844841,489.423919678,229.41,7.27
27.4593,412,17.4953880166,78.414981345,489.435791016,231.58,3.09
27.5273,413,17.4953868089,78.4149798224,489.432128906,230.27,3.07
27.5938,414,17.4953856009,78.4149783691,489.44128418,229.82,6.17
27.6596,415,17.4953831799,78.4149755022,489.449768066,229.96,2.8
27.731,416,17.4953819892,78.4149740853,489.454162598,230.61,2.8
27.7977,417,17.4953808931,78.4149727506,489.455230713,229.82,5.79
27.8602,418,17.4953787336,78.4149701938,489.45904541,229.52,2.55
27.9271,419,17.4953777102,78.4149689945,489.461669922,230.68,2.48
27.9936,420,17.4953767427,78.4149678134,489.462768555,229.96,4.57
28.0622,421,17.4953748792,78.414965596,489.474761963,227.31,2.13
28.131,422,17.4953739626,78.4149646022,489.470428467,230.71,2.19
28.1961,423,17.4953731277,78.4149635819,489.478210449,229.79,4.2
28.2598,424,17.4953715296,78.4149616912,489.480163574,229.01,1.83
28.327,425,17.4953707827,78.4149608316,489.483520508,230.78,1.91
28.3933,426,17.4953700417,78.4149599238,489.482177734,228.98,3.53
28.4603,427,17.495368606,78.4149582731,489.485961914,229.67,1.48
28.529,428,17.4953679978,78.4149575566,489.491790771,230.7,1.89
28.5938,429,17.4953672786,78.4149566779,489.492492676,231.52,3.21
28.6617,430,17.4953660216,78.4149550966,489.505065918,231.66,1.39
28.7323,431,17.4953654564,78.4149543819,489.500366211,231.44,1.79
28.7982,432,17.4953647765,78.4149535289,489.508148193,230.96,3.48
28.8598,433,17.4953635258,78.4149519864,489.512756348,240.2,1.38
28.9267,434,17.4953630985,78.4149512404,489.51965332,232.18,1.56
28.9991,435,17.4953624559,78.4149504126,489.518341064,237.69,2.85
29.066,436,17.4953615068,78.4149489118,489.528686523,236.1,1.23
29.1295,437,17.4953611005,78.4149483072,489.535858154,232.76,1.57
29.1978,438,17.4953604988,78.4149475156,489.536651611,232.63,3.11
29.2596,439,17.4953594181,78.4149461005,489.550476074,238.01,1.27
29.3299,440,17.4953589775,78.4149453951,489.550628662,233.51,1.53
29.3975,441,17.4953584085,78.414944626,489.556854248,236.07,2.75
29.4656,442,17.4953574379,78.4149431832,489.569824219,238.63,1.26
29.5313,443,17.4953570366,78.4149425249,489.579162598,234.04,1.55
29.5953,444,17.4953564971,78.4149417813,489.579711914,236.04,2.65
29.6669,445,17.4953555129,78.4149403202,489.58996582,243.63,1.33
29.7312,446,17.4953551577,78.4149396038,489.599853516,235.03,1.42
29.7986,447,17.4953546479,78.4149388749,489.600524902,237.9,2.87
29.86,448,17.4953537775,78.4149374873,489.621185303,230.49,1.31
29.9313,449,17.4953532263,78.4149368189,489.631469727,235.15,1.41
29.995,450,17.49535275,78.4149361349,489.643310547,235.3,2.52
30.0621,451,17.4953518549,78.4149348423,489.661315918,231.02,0.75
30.1325,452,17.495351546,78.4149344606,489.661804199,235.18,1.29
30.1994,453,17.4953510877,78.4149338017,489.657897949,229.41,2.14
30.2645,454,17.4953502498,78.4149328239,489.645874023,243.68,0.94
30.33,455,17.4953499943,78.4149323074,489.646240234,235.12,1.24
30.3981,456,17.4953495463,78.4149316648,489.644134521,232.62,2.35
30.4646,457,17.4953486665,78.4149305134,489.6640625,235.01,1.39
30.5263,458,17.49534821,78.4149298613,489.671051025,235.24,1.27
30.594,459,17.4953477538,78.414929204,489.680389404,235.26,2.4
30.6653,460,17.4953468489,78.4149278991,489.694976807,228.58,1.33
30.73,461,17.4953463222,78.414927302,489.70916748,234.81,1.4
30.7986,462,17.4953458078,78.4149265724,489.70880127,235.27,3.08
30.8603,463,17.4953448032,78.414925123,489.717132568,231.75,1.27
30.9261,464,17.4953443233,78.4149245142,489.722686768,234.75,1.45
31.0013,465,17.4953437407,78.4149236899,489.724914551,234.45,2.95
31.0691,466,17.4953426603,78.4149221778,489.735473633,237.26,1.6
31.1349,467,17.4953421293,78.414921352,489.733917236,234.73,1.8
31.2,468,17.4953414998,78.4149204619,489.744659424,234.51,3.55
31.2636,469,17.4953402839,78.4149187569,489.755310059,234.25,1.63
31.33,470,17.4953396974,78.4149179422,489.741516113,234.62,1.95
31.3966,471,17.4953390007,78.4149169611,489.738708496,233.42,3.88
31.4611,472,17.4953376175,78.4149150973,489.748413086,233.8,1.82
31.5276,473,17.4953369554,78.4149141925,489.772399902,234.57,2.07
31.5943,474,17.4953362126,78.4149131484,489.764190674,234.67,3.89
31.6666,475,17.4953347037,78.41491102,489.791259766,232.01,2.19
31.7291,476,17.4953339218,78.4149100188,489.790466309,234.35,2.2
31.7959,477,17.4953331274,78.4149089112,489.801940918,232.87,4.57
31.8595,478,17.4953315024,78.414906765,489.809356689,233.8,2.16
31.9271,479,17.4953307037,78.4149056736,489.815917969,236.44,4.47
31.9968,480,17.4953291027,78.4149032599,489.824768066,234.05,2.24
32.0681,481,17.4953282348,78.414902063,489.824157715,228.43,2.06
32.1445,482,17.4953272682,78.414900973,489.831176758,233.56,2.9
32.2007,483,17.4953263708,78.4148997574,489.830749512,230.64,5.43
32.2601,484,17.4953244798,78.4148974517,489.847991943,229.86,2.33
32.3286,485,17.4953235282,78.4148963232,489.850402832,232.84,2.42
32.3985,486,17.4953225801,78.4148950722,489.858184814,233.89,5.22
32.4614,487,17.4953207848,78.4148926113,489.86706543,239.2,2.34
32.5316,488,17.4953200016,78.4148912975,489.877929688,232.64,2.6
32.5991,489,17.495319015,78.414890005,489.876800537,235.79,5.18
32.6642,490,17.4953172546,78.4148874153,489.891418457,245.77,2.41
32.7307,491,17.4953166397,78.414886049,489.90524292,232.59,2.85
32.7943,492,17.4953156181,78.4148847132,489.903808594,238.26,5.27
32.8595,493,17.4953139355,78.4148819934,489.926269531,244.25,2.59
32.9271,494,17.4953132258,78.4148805222,489.933929443,232.88,2.55
33.0009,495,17.4953121737,78.4148791321,489.941711426,237.85,5.63
33.0674,496,17.4953103193,78.4148761817,489.954711914,237.62,3.21
33.1337,497,17.4953092585,78.4148745091,489.972625732,232.75,3.04
33.1985,498,17.4953081552,78.4148730581,489.972473145,237.59,6.3
33.2651,499,17.495306062,78.4148697611,489.986968994,238.42,3.25
33.3281,500,17.4953050648,78.414868139,490.001586914,232.63,2.94
33.3983,501,17.4953039045,78.4148666196,490.000610352,233.75,6.57
33.4598,502,17.495301689,78.4148635983,490.023376465,232.56,2.94
33.527,503,17.4953005766,78.4148621453,490.028869629,231.99,3.16
33.5948,504,17.4952993533,78.4148605801,490.038208008,230.47,6.45
33.6616,505,17.4952968167,78.4148575057,490.051239014,228.07,3.28
33.7269,506,17.4952954946,78.4148560337,490.059967041,230.71,3.24
33.7943,507,17.4952942134,78.414854468,490.059997559,229.84,7.01
33.8593,508,17.4952914985,78.4148512504,490.06817627,230.76,3.59
33.9276,509,17.4952900634,78.4148494931,490.075531006,229.9,3.16
34.0001,510,17.4952886976,78.414847871,490.075531006,230.01,7.29
34.0659,511,17.4952858475,78.4148444727,490.092010498,229.34,3.88
34.1329,512,17.4952842817,78.4148426498,490.09072876,229.17,3.9
34.1926,513,17.4952828742,78.4148410212,490.100067139,229.26,7.26
34.2607,514,17.4952798932,78.4148375602,490.109100342,228.17,3.57
34.3314,515,17.4952783386,78.4148358234,490.117095947,228.48,3.66
34.3953,516,17.4952769083,78.414834208,490.115112305,227.75,7.78
34.46,517,17.4952737852,78.4148307698,490.125335693,227.17,4.02
34.5268,518,17.4952721008,78.4148289526,490.132446289,228.0,3.25
34.5972,519,17.495270686,78.4148273813,490.130584717,226.87,7.31
34.665,520,17.4952675633,78.4148240473,490.145050049,227.56,4.03
34.7277,521,17.4952659896,78.4148223262,490.142456055,227.57,3.53
34.7935,522,17.4952645445,78.4148207452,490.151794434,227.62,7.26
34.861,523,17.4952614953,78.4148174037,490.160980225,225.08,3.88
34.9269,524,17.4952598342,78.414815738,490.175201416,227.32,3.21
34.9987,525,17.4952583913,78.4148141733,490.174133301,225.67,7.15
35.0667,526,17.4952552619,78.4148109693,490.183929443,225.35,3.75
35.1338,527,17.495253633,78.4148093202,490.194824219,226.92,3.82
35.1937,528,17.4952521902,78.4148077772,490.19342041,226.55,7.12
35.261,529,17.4952491497,78.4148045681,490.21383667,225.29,3.61
35.3276,530,17.4952475911,78.4148029935,490.211700439,226.74,3.32
35.3945,531,17.4952461856,78.4148015,490.222259521,225.33,6.74
35.4645,532,17.4952431325,78.4147984115,490.23034668,226.52,3.74
35.5277,533,17.4952416342,78.4147968316,490.235565186,226.71,3.39
35.5932,534,17.4952402285,78.4147953392,490.234741211,226.73,6.48
35.6629,535,17.4952373749,78.4147923076,490.235229492,229.14,3.41
35.7294,536,17.4952360057,78.4147907248,490.2394104,226.7,3.25
35.7943,537,17.4952346703,78.4147893077,490.23336792,226.25,6.65
35.8593,538,17.495231916,78.414786431,490.247711182,223.56,3.3
35.9279,539,17.4952304061,78.4147849949,490.239593506,226.76,2.77
36.0002,540,17.4952291431,78.414783652,490.247375488,225.03,5.89
36.0686,541,17.4952265228,78.414781029,490.246459961,223.87,3.46
36.1287,542,17.4952251439,78.4147797036,490.247406006,226.63,2.93
36.1934,543,17.4952239434,78.4147784326,490.24118042,226.97,5.81
36.26,544,17.4952215083,78.414775824,490.246490479,225.9,2.8
36.3287,545,17.4952202736,78.4147745498,490.251342773,226.62,2.86
36.3927,546,17.4952191163,78.4147733251,490.245239258,227.46,5.7
36.4597,547,17.4952167329,78.4147707273,490.25088501,225.17,2.64
36.5264,548,17.4952155883,78.4147695757,490.239990234,226.58,2.46
36.5986,549,17.495214463,78.4147683867,490.245178223,227.92,5.3
36.6649,550,17.4952122891,78.4147659794,490.234924316,222.0,2.73
36.7286,551,17.4952111007,78.4147649095,490.237548828,226.57,2.66
36.7936,552,17.4952100067,78.414763754,490.229888916,227.6,5.36
36.86,553,17.495207794,78.4147613307,490.221679688,225.78,2.29
36.9333,554,17.495206717,78.4147602239,490.220062256,226.64,2.39
37.0043,555,17.4952056444,78.4147590881,490.213684082,225.94,5.57
37.0655,556,17.4952034597,78.4147568304,490.214202881,223.23,2.55
37.129,557,17.4952023743,78.4147558102,490.199279785,226.54,2.64
37.1933,558,17.4952012994,78.4147546761,490.199523926,223.38,4.5
37.2653,559,17.495199133,78.4147526292,490.176452637,227.8,2.46
37.3297,560,17.4951981515,78.4147515467,490.17175293,226.27,2.36
37.4012,561,17.4951970776,78.414750424,490.163513184,223.81,5.55
37.4638,562,17.4951947721,78.4147482127,490.16796875,223.74,2.78
37.5274,563,17.4951935977,78.4147470889,490.185089111,225.68,2.51
37.5946,564,17.49519251,78.414745975,490.180664062,224.95,4.82
37.6604,565,17.4951904438,78.4147439123,490.198303223,223.98,2.32
37.7287,566,17.4951893968,78.4147429021,490.192565918,225.44,2.52
37.7947,567,17.4951883205,78.4147418091,490.195800781,226.38,4.99
37.8602,568,17.4951862437,78.4147396295,490.190795898,227.18,2.29
37.9316,569,17.4951852206,78.4147385253,490.208618164,225.4,2.44
38.0007,570,17.4951841297,78.4147374189,490.191680908,225.24,5.06
38.066,571,17.4951819861,78.4147352574,490.204040527,227.52,2.31
38.1311,572,17.4951810505,78.4147342358,490.205108643,226.13,2.46
38.1979,573,17.495180001,78.4147331442,490.204406738,225.96,5.0
38.2613,574,17.4951779722,78.4147310463,490.201660156,231.48,2.19
38.332,575,17.495177078,78.414729923,490.172729492,225.57,2.42
38.4001,576,17.4951760141,78.4147288376,490.182250977,227.44,5.28
38.4625,577,17.4951739597,78.4147266,490.170806885,225.21,2.52
38.5275,578,17.4951728957,78.414725528,490.172546387,224.78,2.43
38.5978,579,17.4951717794,78.4147244203,490.1668396,224.66,4.92
38.6671,580,17.4951695457,78.414722213,490.168395996,226.27,3.04
38.7273,581,17.4951683792,78.4147209934,490.178466797,224.9,2.48
38.7991,582,17.4951672194,78.4147198378,490.17678833,223.21,5.73
38.8598,583,17.4951648882,78.414717648,490.191925049,222.98,2.48
38.9285,584,17.4951637412,78.4147165791,490.177947998,224.51,2.54
39.0005,585,17.495162541,78.4147153991,490.184173584,224.82,5.35
39.0676,586,17.4951601958,78.4147130685,490.170288086,222.86,2.86
39.1335,587,17.4951589256,78.41471189,490.161804199,223.94,3.15
39.1938,588,17.4951576689,78.414710679,490.15637207,225.0,5.25
39.2652,589,17.495155226,78.4147082359,490.150115967,224.3,2.81
39.331,590,17.4951540087,78.4147070479,490.136657715,223.84,2.88
39.3981,591,17.4951527246,78.4147058148,490.138122559,224.49,6.19
39.4604,592,17.4951501906,78.4147033254,490.123046875,224.74,3.06
39.5261,593,17.4951488751,78.414702022,490.107299805,223.54,2.76
39.5986,594,17.49514754,78.4147007534,490.109680176,223.58,6.19
39.6636,595,17.495144858,78.4146982014,490.106964111,224.46,3.02
39.7317,596,17.4951435091,78.4146968776,490.115570068,223.14,3.11
39.7969,597,17.4951421473,78.4146956013,490.108093262,222.51,6.43
39.8608,598,17.495139366,78.4146930519,490.106414795,222.98,3.04
39.9294,599,17.4951379652,78.4146917465,490.111572266,222.92,3.11
39.995,600,17.4951365902,78.4146904677,490.105163574,223.37,6.02
40.0621,601,17.495133892,78.4146879186,490.110992432,224.25,2.82
40.1349,602,17.4951325371,78.4146865988,490.09866333,222.64,3.43
40.1939,603,17.4951311679,78.4146853382,490.10055542,222.28,5.78
40.266,604,17.4951283331,78.4146827602,490.093841553,223.9,3.05
40.3347,605,17.4951269426,78.4146814222,490.095184326,222.82,3.32
40.3953,606,17.4951255865,78.4146801655,490.087310791,223.19,5.95
40.4639,607,17.4951228508,78.414677597,490.084411621,220.89,3.33
40.5256,608,17.4951214255,78.4146763629,490.088653564,223.04,2.77
40.5975,609,17.495120089,78.4146751149,490.082122803,224.38,5.84
40.6654,610,17.4951174796,78.4146725614,490.087341309,225.16,3.28
40.726,611,17.4951161901,78.4146712645,490.080352783,223.09,2.89
40.7935,612,17.49511488,78.414670039,490.080352783,222.9,5.93
40.8602,613,17.4951122151,78.4146675624,490.0753479,223.67,2.77
40.9308,614,17.4951109129,78.4146663194,490.077850342,223.55,2.95
40.9957,615,17.4951096368,78.4146651062,490.069152832,224.6,5.89
41.0606,616,17.4951071322,78.4146626365,490.063568115,226.23,2.57
41.1324,617,17.4951059569,78.4146614097,490.063140869,224.32,3.09
41.1928,618,17.4951047267,78.4146602084,490.056945801,225.6,5.18
41.2652,619,17.49510231,78.4146577403,490.058959961,223.13,3.0
41.3278,620,17.4951010515,78.4146565612,490.051696777,224.5,2.82
41.3922,621,17.4950998587,78.414655389,490.051696777,224.35,5.01
41.4641,622,17.4950974861,78.4146530697,490.042694092,225.18,2.66
41.5313,623,17.4950963247,78.4146519009,490.040222168,225.11,2.53
41.599,624,17.4950952112,78.4146507833,490.032653809,224.43,5.8
41.6602,625,17.4950928793,78.4146484971,490.024780273,225.64,2.55
41.7264,626,17.4950917936,78.4146473867,490.02911377,225.34,2.47
41.7941,627,17.4950907094,78.4146462897,490.02142334,226.18,5.0
41.8614,628,17.4950885633,78.414644053,490.024169922,224.53,2.4
41.9313,629,17.4950874633,78.4146429709,490.016906738,225.62,2.24
42.0027,630,17.4950864328,78.414641918,490.016906738,224.23,5.35
42.0635,631,17.4950842898,78.414639832,490.008178711,227.89,2.25
42.1316,632,17.4950833403,78.4146387814,490.01071167,225.91,2.37
42.1974,633,17.4950823385,78.4146377474,490.001434326,227.08,4.88
42.2615,634,17.495080374,78.4146356348,489.996063232,226.22,2.24
42.331,635,17.4950793833,78.4146346011,489.996887207,226.39,2.44
42.3933,636,17.4950784164,78.4146335861,489.989868164,224.83,4.59
42.4594,637,17.4950764371,78.4146316184,489.990661621,220.74,2.2
42.5269,638,17.4950754031,78.4146307279,489.983093262,226.03,2.27
42.5947,639,17.4950744198,78.4146297085,489.983093262,225.56,4.29
42.6653,640,17.4950724656,78.414627716,489.975311279,222.9,2.37
42.7311,641,17.4950714176,78.414626742,489.973449707,225.62,2.44
42.7936,642,17.4950704333,78.4146257362,489.964996338,223.59,4.54
42.8612,643,17.4950683883,78.4146237897,489.953613281,226.56,2.15
42.9318,644,17.4950674279,78.4146227755,489.952178955,225.49,2.14
43.0024,645,17.4950664522,78.4146217831,489.943237305,225.78,4.63
43.0676,646,17.4950645139,78.414619791,489.942657471,230.37,2.22
43.1318,647,17.4950636738,78.4146187766,489.934631348,225.29,2.38
43.1939,648,17.4950627169,78.4146178101,489.933074951,228.52,3.91
43.2647,649,17.4950610224,78.4146158932,489.922424316,232.34,2.39
43.3262,650,17.4950601888,78.4146148132,489.919586182,226.2,2.08
43.3947,651,17.495059281,78.4146138666,489.91027832,226.76,4.19
43.4633,652,17.4950574632,78.4146119334,489.898712158,230.37,2.09
43.5268,653,17.495056681,78.414610989,489.898834229,226.03,1.9
43.5971,654,17.4950558252,78.4146101018,489.88873291,227.86,4.06
43.6629,655,17.4950541726,78.4146082756,489.884063721,220.54,2.07
43.7253,656,17.4950532724,78.4146075057,489.874145508,225.95,1.7
43.7974,657,17.4950524848,78.4146066915,489.871032715,225.01,3.95
43.8599,658,17.4950508779,78.4146050838,489.862701416,226.65,1.64
43.9316,659,17.4950501341,78.4146042958,489.863555908,226.27,1.63
44.0005,660,17.4950494187,78.4146035479,489.856628418,224.85,3.23
44.0672,661,17.4950480109,78.4146021473,489.846923828,226.97,1.89
44.126,662,17.4950473127,78.4146013993,489.847503662,225.19,1.58
44.1922,663,17.4950466346,78.4146007167,489.83682251,220.91,2.97
44.2606,664,17.4950452265,78.4145994964,489.835693359,221.42,1.44
44.3309,665,17.49504453,78.4145988819,489.831451416,224.01,1.46
44.3972,666,17.49504389,78.4145982637,489.829650879,222.8,2.91
44.4588,667,17.4950426798,78.4145971432,489.82119751,219.98,1.24
44.5258,668,17.4950420965,78.4145966541,489.817871094,222.95,1.32
44.5939,669,17.4950414926,78.4145960919,489.809783936,225.63,2.63
44.6617,670,17.4950403433,78.4145949172,489.799621582,229.57,1.24
44.7257,671,17.4950398662,78.4145943572,489.803588867,223.57,1.29
44.7923,672,17.4950392948,78.4145938137,489.795227051,224.65,2.47
44.8592,673,17.4950382116,78.4145927436,489.796325684,231.39,1.12
44.9263,674,17.4950377766,78.4145921988,489.792388916,223.3,1.21
44.9935,675,17.4950372344,78.4145916879,489.79083252,224.03,2.16
45.0644,676,17.4950362236,78.4145907109,489.785064697,223.55,1.19
45.1268,677,17.4950357305,78.4145902422,489.786743164,223.37,1.16
45.1928,678,17.4950352166,78.4145897568,489.779022217,224.06,2.16
45.2594,679,17.4950342667,78.4145888375,489.773986816,226.75,0.95
45.3298,680,17.4950338423,78.4145883863,489.775115967,223.52,1.14
45.3925,681,17.4950333649,78.414587933,489.76864624,221.43,2.02
45.4633,682,17.4950323806,78.4145870643,489.768310547,223.46,1.04
45.5249,683,17.495031954,78.41458666,489.764587402,223.0,0.95
45.5967,684,17.4950314971,78.414586234,489.764587402,226.36,1.86
45.6638,685,17.4950307017,78.4145854,489.763031006,222.96,1.03
45.7256,686,17.4950302716,78.4145849995,489.767700195,223.47,1.04
45.7932,687,17.4950298018,78.4145845542,489.761352539,225.07,1.69
45.8708,688,17.49502895,78.4145837002,489.757720947,232.85,1.01
45.9304,689,17.4950286147,78.4145832577,489.759735107,224.83,1.14
45.9952,690,17.495028134,78.4145827799,489.752563477,226.01,2.12
46.0599,691,17.4950272548,78.4145818692,489.749786377,237.34,0.95
46.1334,692,17.4950269033,78.4145813209,489.746398926,226.31,1.09
46.2035,693,17.4950264159,78.4145808106,489.744842529,230.89,2.51
46.2619,694,17.4950255608,78.4145797589,489.738861084,243.35,1.21
46.3268,695,17.495025233,78.4145791058,489.742614746,229.0,1.21
46.3919,696,17.4950247565,78.4145785577,489.737731934,231.24,2.29
46.4595,697,17.4950238608,78.414577442,489.734771729,237.22,1.13
46.5299,698,17.4950234598,78.4145768192,489.73550415,231.36,1.25
46.5935,699,17.4950230001,78.4145762442,489.730895996,236.05,2.4
46.6585,700,17.4950221894,78.4145750398,489.731658936,239.25,1.32
46.7249,701,17.4950217723,78.4145743387,489.727783203,233.96,1.16
46.7942,702,17.4950213328,78.4145737346,489.727783203,236.83,2.44
46.8592,703,17.4950205266,78.4145725012,489.722229004,232.58,1.02
46.9317,704,17.495020112,78.4145719594,489.723083496,236.68,1.24
46.9969,705,17.4950196997,78.4145713322,489.717803955,235.88,2.66
47.0639,706,17.4950187708,78.4145699614,489.712860107,240.25,1.19
47.1321,707,17.4950183945,78.414569303,489.716644287,237.66,1.38
47.1989,708,17.4950179356,78.4145685781,489.71182251,238.17,2.8
47.2633,709,17.4950170512,78.4145671532,489.715820312,240.56,1.41
47.3268,710,17.4950166412,78.4145664267,489.710845947,238.7,1.47
47.3969,711,17.4950161413,78.4145656046,489.712402344,242.0,3.18
47.4602,712,17.4950152603,78.414563948,489.702484131,242.5,1.57
47.5263,713,17.4950148128,78.4145630883,489.698638916,240.54,1.7
47.592,714,17.4950142996,78.4145621799,489.693450928,238.73,3.19
47.6622,715,17.4950132161,78.4145603956,489.685455322,240.64,1.62
47.7305,716,17.4950127091,78.4145594944,489.682495117,241.46,1.82
47.7937,717,17.4950121978,78.4145585542,489.678100586,239.01,3.5
47.8606,718,17.495011075,78.414556685,489.676818848,241.37,1.59
47.9321,719,17.4950105676,78.4145557554,489.672546387,241.41,1.83
47.9986,720,17.4950100243,78.4145547584,489.672546387,241.31,3.97
48.0594,721,17.4950089437,78.4145527841,489.66809082,237.59,1.77
48.1269,722,17.4950083473,78.4145518446,489.669372559,241.36,1.79
48.1981,723,17.4950077786,78.4145508032,489.663299561,240.78,3.75
48.2661,724,17.4950066188,78.41454873,489.660461426,234.97,2.04
48.3297,725,17.4950059259,78.4145477417,489.660644531,240.2,2.14
48.3923,726,17.4950053059,78.4145466589,489.656402588,238.59,3.64
48.4639,727,17.4950040397,78.4145445855,489.654693604,239.02,2.07
48.5269,728,17.4950034156,78.414543546,489.64932251,238.24,2.05
48.5938,729,17.4950027425,78.4145424585,489.647796631,236.14,3.89
48.6641,730,17.4950013263,78.4145403477,489.642303467,233.07,2.3
48.7265,731,17.495000527,78.4145392843,489.64352417,236.22,2.08
48.7962,732,17.4949997779,78.4145381646,489.640106201,235.04,4.53
48.861,733,17.4949982176,78.4145359326,489.637359619,231.34,2.35
48.9274,734,17.4949973154,78.4145348047,489.63885498,233.87,2.25
48.9943,735,17.4949964934,78.4145336785,489.635894775,235.41,4.72
49.0598,736,17.4949948644,78.4145313159,489.636505127,228.81,2.23
49.1328,737,17.4949938721,78.4145301821,489.635681152,231.58,2.27
49.2015,738,17.494992973,78.4145290486,489.634124756,230.75,5.01
49.2667,739,17.4949910608,78.4145267085,489.633605957,235.33,2.78
49.3259,740,17.4949901913,78.4145254513,489.640960693,230.12,2.47
49.3922,741,17.4949892187,78.4145242874,489.635162354,231.92,4.74
49.459,742,17.4949874105,78.4145219794,489.636444092,233.7,2.21
49.5282,743,17.4949865723,78.4145208385,489.635894775,229.04,2.56
49.5945,744,17.4949855425,78.4145196522,489.632354736,231.07,4.87
49.664,745,17.4949835751,78.4145172167,489.63067627,233.97,2.73
49.7249,746,17.4949826675,78.4145159688,489.625976562,228.29,2.63
49.7922,747,17.494981579,78.4145147474,489.624420166,230.47,5.04
49.8634,748,17.4949794654,78.4145121862,489.620483398,229.94,3.12
49.926,749,17.4949783031,78.4145108041,489.620788574,227.62,2.74
49.9939,750,17.4949771474,78.4145095374,489.617889404,228.6,5.52
50.0608,751,17.4949748903,78.4145069772,489.615692139,226.74,2.56
50.1349,752,17.4949736937,78.4145057057,489.617248535,226.75,2.89
50.2023,753,17.4949724648,78.4145043994,489.614440918,226.24,6.32
50.2645,754,17.4949699585,78.4145017826,489.616394043,225.51,3.31
50.3259,755,17.494968646,78.4145004464,489.618774414,225.66,2.88
50.397,756,17.4949673255,78.4144990952,489.618774414,225.81,6.3
50.463,757,17.4949646535,78.4144963466,489.62020874,227.12,3.17
50.531,758,17.4949633022,78.4144948914,489.626831055,225.03,3.52
50.5925,759,17.4949618932,78.4144934811,489.626312256,225.6,6.72
50.6592,760,17.4949590048,78.4144905315,489.633117676,227.44,3.48
50.7251,761,17.4949575735,78.4144889726,489.641052246,224.66,3.33
50.7937,762,17.4949560773,78.4144874942,489.638458252,224.9,6.81
50.8621,763,17.4949530408,78.4144844684,489.645294189,226.46,3.54
50.9283,764,17.4949515527,78.4144829023,489.645507812,223.95,3.62
50.9945,765,17.4949499651,78.4144813716,489.64654541,226.3,7.59
51.0592,766,17.4949468379,78.4144780989,489.645263672,226.95,3.71
51.1282,767,17.4949452276,78.4144763751,489.642700195,224.34,3.69
51.1964,768,17.4949435717,78.4144747571,489.643005371,223.98,8.08
51.2606,769,17.4949401393,78.4144714448,489.642730713,224.02,3.87
51.3302,770,17.494938359,78.4144697245,489.650756836,224.41,3.91
51.3975,771,17.4949366299,78.4144680308,489.648925781,224.66,8.62
51.4599,772,17.4949331096,78.4144645521,489.657745361,225.5,4.18
51.5273,773,17.4949312917,78.414462702,489.662597656,224.55,3.97
51.5963,774,17.4949294967,78.4144609351,489.662597656,225.31,8.95
51.6581,775,17.4949259152,78.4144573146,489.666625977,226.11,4.16
51.7271,776,17.4949240809,78.4144554076,489.667327881,224.96,4.0
51.798,777,17.494922235,78.4144535644,489.666595459,224.59,8.79
51.8637,778,17.4949184508,78.4144498338,489.669067383,224.34,4.47
51.9304,779,17.4949164894,78.4144479168,489.67590332,225.11,4.66
51.9934,780,17.4949145798,78.4144460001,489.674560547,225.39,9.36
52.058,781,17.49491067,78.4144420365,489.680908203,227.9,4.14
52.1317,782,17.4949087835,78.4144399486,489.687255859,225.22,4.29
52.2025,783,17.4949068116,78.4144379618,489.687255859,225.24,10.83
52.2602,784,17.4949027603,78.4144338758,489.689208984,224.77,4.79
52.3264,785,17.4949006896,78.4144318213,489.694732666,225.11,4.37
52.3978,786,17.4948986595,78.4144297835,489.693847656,225.57,9.43
52.4644,787,17.4948946081,78.4144256508,489.702301025,226.9,5.05
52.5282,788,17.4948925797,78.4144234833,489.704864502,225.36,4.87
52.5932,789,17.494890529,78.4144214064,489.703796387,225.71,9.57
52.6612,790,17.4948863409,78.414417113,489.711547852,225.9,5.14
52.7254,791,17.4948842248,78.414414929,489.716064453,225.33,4.69
52.7943,792,17.4948821319,78.4144128119,489.719177246,224.83,9.72
52.8624,793,17.4948778116,78.4144085171,489.729370117,226.41,5.18
52.9275,794,17.4948756702,78.4144062675,489.738891602,225.54,4.73
52.9972,795,17.494873545,78.4144041016,489.741760254,226.01,10.5
53.0601,796,17.4948693161,78.4143997216,489.747253418,225.79,4.75
53.1317,797,17.4948671326,78.4143974774,489.741760254,225.47,4.92
53.1996,798,17.4948649764,78.4143952852,489.745178223,225.62,10.16
53.266,799,17.4948606296,78.414390843,489.745452881,225.68,5.8
53.3246,800,17.4948584428,78.4143886037,489.746582031,225.66,4.96
53.3928,801,17.4948562636,78.4143863736,489.749694824,225.63,9.78
53.4632,802,17.4948518292,78.4143818403,489.753417969,224.65,5.38
53.5284,803,17.4948495313,78.41437957,489.750579834,225.66,5.29
53.5932,804,17.4948473219,78.4143773093,489.752716064,225.17,10.65
53.6586,805,17.4948427977,78.414372758,489.753234863,225.05,5.29
53.7257,806,17.4948404886,78.4143704448,489.755767822,225.6,4.9
53.7967,807,17.4948382453,78.4143681542,489.758148193,226.0,10.76
53.8625,808,17.4948337144,78.4143634627,489.764678955,226.23,5.51
53.9261,809,17.4948314797,78.4143611302,489.766082764,225.71,5.01
53.9962,810,17.4948292198,78.4143588137,489.768280029,226.15,10.24
54.0648,811,17.4948247351,78.4143541457,489.768676758,226.05,5.27
54.1325,812,17.494822455,78.4143517801,489.764984131,225.79,5.29
54.199,813,17.4948201939,78.4143494559,489.765625,225.61,11.26
54.2616,814,17.49481565,78.4143448137,489.764190674,227.14,5.66
54.3248,815,17.494813404,78.4143423934,489.764099121,225.92,5.07
54.3944,816,17.4948111409,78.4143400563,489.762207031,227.8,10.36
54.4631,817,17.4948067268,78.4143351884,489.767486572,230.09,5.51
54.5276,818,17.49480462,78.41433267,489.7734375,226.38,5.44
54.5926,819,17.4948023727,78.4143303119,489.771881104,228.22,10.82
54.6581,820,17.4947980118,78.4143254305,489.777801514,229.4,5.16
54.7257,821,17.494795916,78.4143229852,489.783660889,226.81,5.04
54.7942,822,17.4947937392,78.414320666,489.78024292,227.8,10.98
54.8589,823,17.4947893358,78.4143158089,489.785644531,229.42,5.24
54.9267,824,17.4947871997,78.4143133153,489.797363281,227.0,10.83
54.9914,825,17.4947827924,78.4143085883,489.80758667,227.11,4.77
55.0643,826,17.494780608,78.4143062366,489.80758667,225.74,4.82
55.1368,827,17.4947783631,78.4143039326,489.817016602,227.2,5.89
55.1956,828,17.4947761909,78.4143015872,489.817504883,226.4,10.58
55.2609,829,17.4947717976,78.4142969736,489.828704834,227.71,5.48
55.3249,830,17.4947696186,78.4142945784,489.842224121,227.2,4.74
55.3972,831,17.4947674727,78.4142922613,489.842254639,225.62,10.47
55.4627,832,17.4947630521,78.4142877439,489.855194092,224.85,5.44
55.5263,833,17.4947607942,78.4142854981,489.870666504,226.86,5.1
55.5912,834,17.4947587068,78.4142832707,489.87008667,225.45,9.41
55.663,835,17.4947543406,78.4142788353,489.888549805,225.84,5.45
55.7246,836,17.4947521838,78.414276614,489.89074707,226.79,4.72
55.7939,837,17.4947501168,78.4142744134,489.89541626,225.63,9.2
55.8641,838,17.4947459548,78.4142701586,489.900299072,225.25,5.02
55.9311,839,17.4947437752,78.4142679597,489.907623291,225.76,10.28
55.9932,840,17.4947396693,78.4142637438,489.916046143,226.69,4.61
56.0596,841,17.4947377346,78.4142616918,489.914855957,225.74,4.17
56.1372,842,17.4947356519,78.4142595546,489.924041748,226.57,4.99
56.1971,843,17.4947337582,78.414257554,489.922210693,225.77,9.15
56.2617,844,17.4947299585,78.4142536504,489.934906006,224.97,4.7
56.3242,845,17.4947280466,78.4142517402,489.936340332,226.57,4.1
56.3937,846,17.4947262401,78.4142498319,489.941223145,224.62,8.68
56.4603,847,17.4947224541,78.4142460953,489.946563721,223.76,4.22
56.527,848,17.4947205832,78.4142443034,489.953857422,226.25,4.18
56.5926,849,17.4947188345,78.4142424769,489.952087402,225.71,7.81
56.6627,850,17.4947153115,78.4142388661,489.95425415,224.53,4.28
56.7262,851,17.4947135282,78.4142371116,489.957641602,226.18,3.99
56.7925,852,17.4947118396,78.4142353518,489.955749512,225.14,7.56
56.8627,853,17.494708394,78.4142318895,489.961517334,224.54,4.12
56.9265,854,17.4947066679,78.4142301906,489.95916748,226.12,3.82
56.9934,855,17.494705036,78.4142284939,489.96383667,225.81,7.32
57.0614,856,17.4947018381,78.4142252048,489.964355469,226.1,3.55
57.1288,857,17.4947003069,78.4142236135,489.965026855,226.06,3.68
57.1951,858,17.4946987484,78.4142219965,489.962402344,226.4,7.45
57.2593,859,17.4946957097,78.4142188054,489.960662842,228.34,3.6
57.3245,860,17.4946942703,78.4142171875,489.962158203,226.34,3.34
57.3934,861,17.4946928046,78.4142156516,489.958374023,225.53,6.46
57.4639,862,17.4946898674,78.41421266,489.962097168,223.08,3.62
57.5253,863,17.494688373,78.4142112626,489.953430176,226.22,3.19
57.5934,864,17.4946869879,78.4142098174,489.95690918,223.71,6.63
57.6578,865,17.4946841512,78.4142071053,489.952667236,225.59,3.11
57.7266,866,17.4946827726,78.4142056981,489.950408936,225.93,3.09
57.7925,867,17.4946814659,78.4142043481,489.945007324,226.85,6.03
57.858,868,17.4946789737,78.4142016891,489.93737793,223.69,2.81
57.9277,869,17.4946776713,78.414200445,489.935028076,225.9,2.97
57.9918,870,17.4946764485,78.414199183,489.930450439,225.68,5.44
58.0597,871,17.4946740697,78.4141967474,489.93157959,224.29,2.56
58.1311,872,17.4946728645,78.4141955719,489.917724609,225.93,2.6
58.1992,873,17.4946717283,78.414194398,489.922393799,223.78,5.41
58.2625,874,17.4946694528,78.4141922171,489.913513184,227.3,2.75
58.3247,875,17.4946683826,78.4141910575,489.914093018,225.59,2.38
58.3936,876,17.4946673234,78.4141899763,489.908782959,223.82,4.78
58.4603,877,17.494665209,78.4141879475,489.901153564,227.34,2.38
58.5247,878,17.4946642506,78.4141869075,489.896881104,225.34,2.29
58.5915,879,17.49466326,78.4141859052,489.890960693,225.85,4.06
58.6631,880,17.4946613939,78.414183983,489.903900146,219.7,2.58
58.7307,881,17.4946601657,78.4141829634,489.917266846,225.47,2.19
58.7966,882,17.4946592354,78.4141820176,489.929779053,225.41,4.29
58.8582,883,17.4946575283,78.4141802859,489.936859131,237.4,1.56
58.9257,884,17.4946570013,78.4141794619,489.920379639,224.6,2.0
58.9914,885,17.494656141,78.4141786135,489.908081055,227.55,3.14
59.0643,886,17.4946547142,78.4141770538,489.871520996,225.82,1.58
59.1325,887,17.4946540228,78.4141763424,489.853790283,227.2,1.87
59.1996,888,17.494653236,78.4141754926,489.8465271,225.04,4.21
59.2603,889,17.4946515732,78.4141738274,489.862945557,235.46,1.92
59.3278,890,17.4946508915,78.4141728371,489.876190186,225.79,1.84
59.3974,891,17.4946500672,78.4141719898,489.883361816,228.23,3.58
59.4597,892,17.4946486962,78.4141704549,489.889221191,231.8,1.6
59.5261,893,17.4946480861,78.4141696795,489.89239502,226.58,1.87
59.5924,894,17.4946473008,78.4141688497,489.884185791,224.88,3.19
59.6582,895,17.4946459301,78.4141674845,489.877288818,213.89,1.45
59.7294,896,17.4946451476,78.4141669589,489.821990967,226.14,1.85
59.7919,897,17.4946444104,78.4141661917,489.828582764,229.79,3.55
59.8607,898,17.4946429521,78.4141644669,489.79586792,230.17,2.03
59.9244,899,17.4946421843,78.4141635465,489.813110352,224.9,1.8
59.9936,900,17.4946413742,78.4141627391,489.799407959,225.81,3.5
60.0647,901,17.4946397747,78.4141610937,489.83416748,235.63,1.49
60.1312,902,17.4946392545,78.414160333,489.880126953,227.42,1.78
60.2,903,17.4946384893,78.4141595002,489.870788574,227.17,3.38
60.2629,904,17.4946371559,78.4141580617,489.878692627,228.14,1.74
60.3251,905,17.494636489,78.4141573175,489.846679688,226.77,1.75
60.3968,906,17.4946356954,78.4141564732,489.850128174,229.57,3.76
60.4637,907,17.4946341889,78.4141547048,489.832092285,233.91,1.86
60.5296,908,17.4946335186,78.4141537853,489.833343506,226.48,2.08
60.5961,909,17.4946326403,78.4141528603,489.830505371,231.32,4.36
60.6578,910,17.4946310826,78.4141509149,489.84173584,233.79,1.8
60.7297,911,17.4946303732,78.4141499461,489.862426758,229.44,4.12
60.7987,912,17.4946286648,78.41414795,489.861999512,227.86,2.25
60.8693,913,17.49462768,78.4141468617,489.859008789,229.15,2.1
60.9363,914,17.4946268305,78.4141458793,489.859558105,227.53,2.98
60.9906,915,17.4946258217,78.4141447774,489.857696533,229.66,4.34
61.064,916,17.4946239168,78.4141425342,489.859313965,231.63,2.28
61.1344,917,17.4946229954,78.4141413705,489.852966309,227.63,2.64
61.2001,918,17.4946219179,78.4141401891,489.854522705,228.5,5.5
61.2632,919,17.4946197941,78.4141377882,489.851379395,228.88,2.67
61.3294,920,17.4946187211,78.4141365591,489.856536865,227.86,2.83
61.3937,921,17.4946175948,78.4141353142,489.850799561,227.13,5.77
61.4584,922,17.4946152504,78.4141327887,489.850128174,228.52,2.73
61.5253,923,17.4946141347,78.4141315269,489.852874756,227.64,2.85
61.5924,924,17.4946129472,78.4141302247,489.84753418,227.72,6.0
61.6575,925,17.494610521,78.4141275565,489.853088379,228.07,2.92
61.7273,926,17.4946092659,78.4141261589,489.850494385,227.48,3.08
61.7913,927,17.4946080375,78.4141248191,489.852020264,226.54,6.2
61.8574,928,17.4946054384,78.4141220764,489.849914551,226.62,3.08
61.9254,929,17.4946041118,78.4141206724,489.852630615,227.29,3.17
61.9922,930,17.4946027866,78.4141192368,489.845947266,226.77,6.23
62.0611,931,17.4946000738,78.4141163511,489.844512939,223.92,3.44
62.1245,932,17.494598627,78.4141149577,489.85067749,226.92,3.16
62.1951,933,17.4945972234,78.4141134567,489.843902588,228.26,7.01
62.2591,934,17.4945944638,78.414110364,489.853057861,230.47,3.45
62.3237,935,17.4945931501,78.4141087721,489.854675293,227.09,3.47
62.391,936,17.4945916816,78.4141071924,489.856231689,228.33,6.65
62.462,937,17.4945887812,78.4141039337,489.858306885,230.65,3.64
62.5261,938,17.4945874126,78.4141022644,489.865203857,227.33,3.77
62.591,939,17.4945858815,78.4141006036,489.860534668,228.55,7.44
62.6583,940,17.4945828204,78.4140971376,489.861541748,228.85,3.8
62.7254,941,17.4945812701,78.4140953638,489.865539551,227.45,3.71
62.7944,942,17.4945796743,78.4140936253,489.860046387,228.29,7.88
62.8599,943,17.4945765032,78.4140900679,489.861206055,229.27,4.05
62.9253,944,17.4945749077,78.4140882151,489.856048584,227.48,3.76
62.9962,945,17.4945732452,78.4140864019,489.85760498,228.48,8.08
63.0631,946,17.4945699359,78.4140826645,489.856628418,228.69,4.28
63.1276,947,17.4945682524,78.4140807488,489.860870361,227.6,4.16
63.1944,948,17.4945665234,78.4140788556,489.855834961,228.14,8.21
63.2629,949,17.4945630581,78.4140749877,489.856719971,228.46,4.55
63.3239,950,17.4945613569,78.4140730676,489.866607666,227.62,3.92
63.3976,951,17.4945595616,78.4140711004,489.859436035,226.94,8.89
63.4629,952,17.4945559074,78.4140671906,489.864074707,226.72,4.56
63.5287,953,17.4945540116,78.4140651775,489.863464355,227.25,4.8
63.5912,954,17.4945521336,78.4140631456,489.863464355,226.31,9.09
63.659,955,17.4945482084,78.4140590365,489.865509033,225.44,4.57
63.7278,956,17.4945461746,78.4140569711,489.876190186,226.96,4.56
63.7957,957,17.4945442236,78.4140548816,489.869628906,226.15,9.36
63.8632,958,17.4945401876,78.4140506799,489.87588501,224.7,4.7
63.9287,959,17.4945381751,78.4140486881,489.884399414,226.67,4.9
63.9929,960,17.4945361837,78.4140465772,489.880615234,225.65,8.81
64.0644,961,17.4945321281,78.4140424281,489.887176514,226.31,4.91
64.1322,962,17.4945300067,78.4140402071,489.887115479,226.47,4.87
64.1985,963,17.4945279568,78.4140380495,489.887878418,225.87,10.48
64.2611,964,17.4945237474,78.4140337106,489.887237549,224.32,4.86
64.3297,965,17.4945215543,78.4140315693,489.889831543,226.19,4.94
64.3966,966,17.4945194454,78.4140293713,489.884429932,225.78,10.25
64.4623,967,17.4945151174,78.4140249232,489.88293457,225.56,5.52
64.5242,968,17.4945129121,78.4140226744,489.887695312,226.02,5.01
64.5915,969,17.4945107559,78.4140204398,489.883575439,226.04,10.32
64.6575,970,17.4945063982,78.4140159208,489.888824463,224.4,4.75
64.7305,971,17.4945041183,78.4140136882,489.889129639,225.82,5.41
64.7938,972,17.4945019212,78.414011427,489.890686035,225.78,10.67
64.8581,973,17.4944975138,78.4140068976,489.890899658,225.3,5.34
64.9244,974,17.4944952216,78.4140045809,489.893615723,225.43,9.77
64.9967,975,17.4944906534,78.4139999439,489.891937256,225.63,5.02
65.0661,976,17.4944884088,78.4139976492,489.886230469,227.27,5.26
65.1361,977,17.4944861058,78.4139951561,489.88961792,225.59,5.73
65.1972,978,17.4944838476,78.4139928506,489.886047363,225.02,11.74
65.2573,979,17.4944792553,78.4139882544,489.891998291,226.14,5.41
65.3251,980,17.4944769143,78.4139858186,489.882171631,225.49,4.93
65.3967,981,17.4944746371,78.4139835018,489.885345459,225.24,11.29
65.4613,982,17.4944699092,78.4139787334,489.880432129,224.5,5.07
65.5329,983,17.4944675257,78.4139763915,489.880889893,225.41,5.48
65.5976,984,17.4944652314,78.4139740643,489.878173828,224.98,10.93
65.6627,985,17.4944605963,78.4139694325,489.874908447,223.37,5.36
65.7294,986,17.4944582084,78.4139671769,489.871398926,225.26,5.21
65.7973,987,17.4944559158,78.4139648636,489.869476318,224.44,11.46
65.8602,988,17.4944511791,78.4139602193,489.868377686,224.14,5.4
65.9287,989,17.4944487363,78.4139578486,489.856018066,225.26,5.09
65.998,990,17.4944464496,78.4139555412,489.861419678,224.9,10.42
66.0667,991,17.4944417813,78.4139508884,489.852020264,224.37,5.48
66.1328,992,17.4944393981,78.4139485568,489.84753418,225.24,5.38
66.1981,993,17.4944371203,78.4139462601,489.843261719,224.83,10.63
66.2644,994,17.4944325182,78.4139416848,489.834136963,222.76,5.93
66.3241,995,17.49443013,78.4139394763,489.829101562,225.28,4.8
66.3968,996,17.4944278704,78.4139371948,489.824279785,224.87,9.74
66.4676,997,17.4944233725,78.4139327168,489.821014404,225.24,5.63
66.5307,998,17.4944210685,78.4139303933,489.808258057,225.25,5.28
66.5961,999,17.4944188315,78.4139281365,489.81137085,225.02,11.24
66.6582,1000,17.4944142868,78.4139235881,489.800628662,224.13,4.89
66.7303,1001,17.4944119585,78.4139213297,489.798675537,225.28,5.49
66.7927,1002,17.4944097373,78.4139190865,489.793060303,224.92,10.63
66.8572,1003,17.4944052659,78.4139146271,489.785858154,225.67,5.0
66.9247,1004,17.4944030944,78.413912404,489.783782959,225.4,5.07
66.9915,1005,17.4944009041,78.4139101828,489.778442383,225.02,10.07
67.0586,1006,17.4943965064,78.4139057827,489.779510498,225.73,4.91
67.1266,1007,17.4943943574,78.4139035783,489.770202637,225.45,4.59
67.198,1008,17.4943922383,78.4139014257,489.772705078,225.84,9.79
67.2661,1009,17.4943879584,78.4138970189,489.762664795,224.65,5.28
67.3289,1010,17.4943857859,78.4138948729,489.759735107,225.62,5.1
67.3938,1011,17.4943836521,78.4138926923,489.754364014,225.85,9.99
67.4601,1012,17.4943794002,78.4138883124,489.745605469,224.39,5.05
67.5249,1013,17.494377247,78.4138862048,489.742919922,225.57,4.9
67.5916,1014,17.4943751394,78.4138840549,489.736572266,225.4,9.74
67.6578,1015,17.4943709707,78.4138798269,489.735687256,224.81,4.78
67.7255,1016,17.4943688572,78.4138777274,489.727935791,225.69,4.81
67.7926,1017,17.4943667784,78.4138755981,489.728973389,224.99,9.97
67.8574,1018,17.4943625704,78.413871392,489.721130371,225.25,4.68
67.9237,1019,17.4943605603,78.4138693641,489.713531494,225.49,4.74
67.9909,1020,17.4943585039,78.4138672722,489.707214355,225.56,8.76
68.0625,1021,17.4943544591,78.4138631472,489.69128418,226.19,4.33
68.1341,1022,17.4943524808,78.4138610852,489.689575195,225.73,4.77
68.1999,1023,17.494350461,78.4138590132,489.683807373,225.26,9.96
68.263,1024,17.4943463877,78.4138549027,489.687194824,223.99,4.6
68.3305,1025,17.4943443331,78.4138529195,489.685089111,225.51,4.46
68.4001,1026,17.4943423285,78.4138508792,489.685089111,224.16,8.87
68.47,1027,17.4943382332,78.4138469026,489.682495117,223.55,4.98
68.5314,1028,17.4943361948,78.4138449646,489.680450439,225.28,5.21
68.5901,1029,17.4943342136,78.4138429637,489.677032471,224.69,8.87
68.6585,1030,17.4943302429,78.4138390359,489.667053223,223.7,4.3
68.7253,1031,17.4943283346,78.4138372123,489.661193848,225.37,4.25
68.7964,1032,17.4943263813,78.4138352336,489.657501221,224.64,9.67
68.8586,1033,17.4943224413,78.4138313431,489.658538818,225.97,4.28
68.928,1034,17.4943205381,78.4138293745,489.650482178,225.24,4.63
68.9925,1035,17.4943186011,78.4138274211,489.65246582,225.14,8.42
69.0639,1036,17.4943146971,78.4138234977,489.643280029,229.71,4.6
69.1305,1037,17.4943128667,78.4138213389,489.636810303,225.53,4.36
69.1983,1038,17.4943109577,78.4138193941,489.633850098,228.41,9.78
69.259,1039,17.4943073197,78.4138152949,489.620910645,231.53,4.51
69.3268,1040,17.4943055573,78.413813077,489.615234375,226.23,3.93
69.4015,1041,17.4943036842,78.4138111217,489.609985352,229.62,9.33
69.4657,1042,17.4943000991,78.4138069063,489.606994629,232.44,4.71
69.5309,1043,17.4942983646,78.4138046504,489.601470947,226.83,4.53
69.5955,1044,17.494296519,78.4138026827,489.601470947,229.52,9.05
69.6614,1045,17.4942929405,78.4137984905,489.595581055,231.06,4.72
69.7261,1046,17.494291165,78.4137962933,489.59475708,227.33,4.32
69.7935,1047,17.4942893439,78.4137943179,489.587799072,228.96,9.11
69.8585,1048,17.4942857509,78.4137901901,489.580657959,230.07,4.62
69.924,1049,17.494283953,78.4137880425,489.578460693,227.64,4.23
69.9925,1050,17.4942821513,78.4137860664,489.57208252,228.76,8.51
70.0604,1051,17.4942786341,78.4137820545,489.568328857,230.15,4.56
70.1248,1052,17.4942768954,78.4137799714,489.558166504,227.84,4.05
70.196,1053,17.4942751109,78.4137780004,489.556610107,229.89,9.61
70.2562,1054,17.4942716663,78.4137739111,489.547058105,230.55,4.22
70.3236,1055,17.4942699954,78.4137718804,489.542388916,228.05,4.17
70.3928,1056,17.4942682154,78.4137699001,489.533782959,227.54,8.46
70.4605,1057,17.4942646486,78.4137660028,489.516387939,224.71,4.02
70.5244,1058,17.4942629664,78.4137643373,489.513763428,228.09,4.45
70.59,1059,17.4942611651,78.4137623301,489.504608154,227.07,8.18
70.6582,1060,17.4942576621,78.4137585639,489.503753662,226.88,3.81
70.7286,1061,17.4942559695,78.4137567561,489.500396729,227.77,4.74
70.7911,1062,17.4942541332,78.4137547332,489.496490479,226.98,8.54
70.8567,1063,17.4942506063,78.4137509535,489.485046387,226.16,3.95
70.9242,1064,17.4942489059,78.4137491831,489.488769531,227.91,4.31
70.9935,1065,17.4942470579,78.4137471374,489.479949951,227.39,8.48
71.0604,1066,17.4942435133,78.4137432847,489.469299316,227.47,4.11
71.1266,1067,17.4942418156,78.4137414341,489.461639404,227.88,4.47
71.1942,1068,17.4942399462,78.4137393665,489.454406738,227.31,8.75
71.2612,1069,17.4942362787,78.4137353908,489.442138672,225.28,4.63
71.3247,1070,17.4942343745,78.4137334676,489.431488037,227.53,4.18
71.3979,1071,17.494232466,78.413731383,489.426818848,225.96,9.5
71.4616,1072,17.4942285874,78.4137273723,489.4112854,225.64,4.61
71.5267,1073,17.4942266532,78.4137253941,489.405395508,227.41,4.88
71.5904,1074,17.4942247107,78.4137232807,489.395202637,226.51,8.81
71.6609,1075,17.4942207684,78.4137191253,489.382293701,226.65,4.79
71.7259,1076,17.4942187983,78.4137170385,489.379180908,227.22,4.65
71.7938,1077,17.494216822,78.4137149027,489.371337891,225.28,9.85
71.8572,1078,17.4942127764,78.4137108173,489.364105225,226.36,4.74
71.9234,1079,17.4942107791,78.4137087226,489.355133057,226.91,4.61
71.9926,1080,17.494208767,78.4137065719,489.350463867,226.97,8.83
72.0649,1081,17.4942047481,78.4137022669,489.336395264,226.33,4.89
72.1302,1082,17.4942027162,78.4137001382,489.33001709,226.97,4.88
72.1965,1083,17.4942006792,78.4136979562,489.324462891,226.16,9.93
72.2611,1084,17.4941965825,78.4136936898,489.313110352,224.17,4.91
72.3275,1085,17.4941944313,78.4136916004,489.305755615,226.58,4.59
72.3989,1086,17.4941923543,78.4136894057,489.29876709,226.73,9.6
72.4673,1087,17.4941882017,78.4136849951,489.284790039,225.42,5.11
72.5312,1088,17.4941860886,78.4136828511,489.273071289,226.61,5.36
72.5919,1089,17.4941840268,78.4136806704,489.270019531,226.7,9.91
72.6585,1090,17.4941798546,78.413676243,489.254364014,226.98,4.98
72.7248,1091,17.494177776,78.4136740156,489.246582031,226.55,5.07
72.7912,1092,17.4941756402,78.4136717613,489.240783691,225.95,9.57
72.8618,1093,17.4941713106,78.4136672851,489.238464355,227.25,5.59
72.9228,1094,17.4941691769,78.4136649768,489.239257812,226.43,4.63
72.9966,1095,17.4941670074,78.4136626966,489.23651123,227.37,10.36
73.0634,1096,17.4941626845,78.4136580001,489.229217529,227.1,5.48
73.1255,1097,17.4941605493,78.4136557024,489.221069336,226.53,5.0
73.1947,1098,17.494158356,78.4136533884,489.219543457,225.04,11.16
73.2568,1099,17.4941538467,78.4136488732,489.211242676,225.28,5.1
73.3234,1100,17.4941516464,78.4136466513,489.204803467,226.39,4.67
73.3968,1101,17.4941494652,78.4136443618,489.201324463,225.61,10.07
73.4659,1102,17.4941449816,78.4136397814,489.194244385,226.4,5.58
73.5294,1103,17.4941427273,78.413637414,489.186584473,226.34,5.76
73.5905,1104,17.494140488,78.4136350677,489.184814453,226.08,10.44
73.658,1105,17.4941359815,78.4136303874,489.170288086,226.29,5.39
73.7242,1106,17.4941337083,78.4136280092,489.167114258,226.24,4.99
73.7949,1107,17.4941314594,78.4136256605,489.161193848,226.1,11.57
73.8564,1108,17.4941269104,78.4136209337,489.152862549,225.55,5.07
73.9274,1109,17.494124587,78.4136185651,489.153564453,226.22,5.23
73.9951,1110,17.4941223291,78.4136162093,489.146636963,225.7,10.4
74.0642,1111,17.4941177045,78.4136114706,489.142578125,225.45,5.45
74.1305,1112,17.4941153682,78.4136090969,489.145202637,226.16,5.19
74.199,1113,17.4941130982,78.4136067331,489.13961792,225.17,11.95
74.259,1114,17.4941084414,78.4136020479,489.134368896,227.23,5.47
74.3256,1115,17.4941061593,78.4135995808,489.134460449,226.12,4.72
74.4014,1116,17.4941038724,78.4135972031,489.129150391,225.89,11.29
74.4651,1117,17.4940992607,78.4135924464,489.128967285,226.46,5.33
74.5326,1118,17.4940969758,78.4135900418,489.129272461,226.14,6.22
74.5903,1119,17.4940946841,78.4135876569,489.125305176,226.58,10.43
74.6584,1120,17.4940901848,78.413582902,489.118927002,225.99,5.3
74.725,1121,17.4940879258,78.4135805633,489.113311768,226.2,5.4
74.7915,1122,17.4940856366,78.4135781758,489.11114502,226.38,11.29
74.8562,1123,17.4940809914,78.4135733014,489.102355957,225.24,4.89
74.9278,1124,17.494078719,78.4135710098,489.107513428,226.17,10.57
74.997,1125,17.4940740509,78.4135661473,489.114654541,226.02,5.33
75.0648,1126,17.4940717373,78.4135637495,489.111541748,226.83,5.15
75.1368,1127,17.4940693991,78.4135612569,489.119842529,226.03,6.71
75.1909,1128,17.4940670769,78.4135588493,489.118041992,226.14,11.06
75.2567,1129,17.4940624312,78.4135540149,489.127655029,225.98,5.26
75.3254,1130,17.4940601155,78.4135516187,489.117553711,226.02,5.36
75.3932,1131,17.4940577877,78.4135492067,489.121398926,226.25,10.46
75.4636,1132,17.4940530937,78.4135443028,489.108886719,226.4,5.52
75.5306,1133,17.4940507406,78.4135418318,489.104553223,225.89,6.26
75.5892,1134,17.4940483878,78.413539405,489.10144043,226.28,10.25
75.6603,1135,17.4940437463,78.4135345509,489.10067749,225.52,5.77
75.7251,1136,17.4940413325,78.4135320931,489.094818115,225.84,5.33
75.7943,1137,17.4940389632,78.4135296535,489.095184326,225.87,11.87
75.8567,1138,17.4940342086,78.4135247529,489.093017578,225.85,5.59
75.923,1139,17.4940318287,78.4135223012,489.091461182,226.39,5.37
75.9937,1140,17.4940294154,78.4135197675,489.093811035,226.42,10.63
76.0646,1141,17.4940246269,78.4135147358,489.092224121,225.76,5.81
76.1289,1142,17.4940222255,78.4135122696,489.092132568,225.11,5.89
76.193,1143,17.4940197698,78.4135098047,489.089050293,226.39,11.01
76.2612,1144,17.4940149941,78.4135047922,489.086669922,225.75,5.58
76.3285,1145,17.4940125804,78.4135023147,489.085113525,225.95,5.67
76.3965,1146,17.4940101109,78.4134997615,489.084533691,225.97,11.54
76.4607,1147,17.494005367,78.4134948538,489.086456299,225.61,5.35
76.5308,1148,17.4940029509,78.413492386,489.085174561,226.18,6.18
76.5928,1149,17.494000505,78.4134898371,489.084136963,224.85,10.92
76.662,1150,17.4939955746,78.413484932,489.078887939,223.8,5.66
76.7284,1151,17.4939930775,78.4134825377,489.078704834,225.51,6.11
76.7896,1152,17.4939906628,78.4134800795,489.075592041,226.11,11.21
76.8562,1153,17.4939858938,78.4134751214,489.063720703,226.46,5.62
76.923,1154,17.4939835103,78.4134726133,489.055419922,225.5,11.24
76.9901,1155,17.4939786394,78.4134676571,489.04888916,225.44,5.14
77.063,1156,17.4939762185,78.4134651984,489.044281006,224.7,4.84
77.1414,1157,17.4939737345,78.4134627402,489.053161621,225.65,5.79
77.2061,1158,17.4939713204,78.4134602705,489.048706055,224.8,14.13
77.2592,1159,17.49396642,78.4134554044,489.056915283,225.42,5.66
77.325,1160,17.4939640105,78.4134529597,489.054931641,225.77,4.96
77.3997,1161,17.493961631,78.4134505156,489.064208984,225.87,11.69
77.4636,1162,17.4939568368,78.413445573,489.063873291,225.38,5.54
77.5305,1163,17.4939544403,78.4134431441,489.062072754,225.37,6.21
77.5904,1164,17.4939520324,78.4134407046,489.065673828,225.24,10.86
77.6586,1165,17.4939472275,78.4134358599,489.065185547,226.72,5.47
77.7262,1166,17.4939448917,78.4134333792,489.062011719,225.54,5.26
77.7958,1167,17.4939425283,78.4134309709,489.06362915,225.48,11.58
77.859,1168,17.4939378,78.4134261623,489.057830811,224.93,5.49
77.9267,1169,17.4939353793,78.4134237475,489.057830811,225.49,5.14
77.996,1170,17.4939330784,78.4134214069,489.056304932,226.24,10.48
78.0654,1171,17.4939284422,78.4134165653,489.058441162,224.22,5.72
78.1294,1172,17.4939260281,78.4134142158,489.058105469,225.59,5.36
78.1964,1173,17.493923712,78.4134118511,489.058532715,226.02,12.12
78.2561,1174,17.4939190823,78.4134070531,489.058410645,225.43,5.21
78.3281,1175,17.4939166589,78.4134045927,489.057922363,225.5,5.33
78.395,1176,17.493914358,78.4134022516,489.060150146,224.73,10.96
78.4606,1177,17.4939096541,78.4133975913,489.064880371,225.15,5.77
78.5225,1178,17.4939073334,78.4133952586,489.067687988,225.44,4.88
78.5946,1179,17.4939050573,78.413392947,489.066131592,226.01,11.32
78.6567,1180,17.4939005571,78.4133882852,489.061431885,225.28,5.19
78.7229,1181,17.4938983288,78.4133860347,489.048370361,225.48,4.9
78.7924,1182,17.4938961313,78.4133838,489.051025391,225.18,10.7
78.8567,1183,17.4938916646,78.413379305,489.04196167,227.64,5.26
78.9229,1184,17.4938895,78.4133769313,489.041534424,225.48,4.71
78.9959,1185,17.4938872805,78.4133746743,489.039245605,225.79,9.8
79.0656,1186,17.4938828932,78.4133701639,489.04095459,225.22,5.22
79.1302,1187,17.4938807056,78.4133679593,489.046356201,225.32,4.73
79.2015,1188,17.4938785197,78.4133657486,489.044799805,224.45,11.49
79.2592,1189,17.4938741648,78.4133614768,489.043060303,223.48,4.99
79.3249,1190,17.4938719774,78.4133594028,489.045288086,225.25,5.05
79.3904,1191,17.4938698345,78.4133572412,489.0440979,225.92,9.88
79.4563,1192,17.4938656604,78.4133529308,489.048095703,223.46,4.83
79.5229,1193,17.4938635143,78.413350897,489.051940918,225.19,4.83
79.5899,1194,17.4938614126,78.4133487813,489.050689697,225.38,9.05
79.6609,1195,17.4938572545,78.4133445681,489.052124023,225.13,5.15
79.7223,1196,17.4938552014,78.4133425056,489.056121826,225.35,4.63
79.7908,1197,17.4938531501,78.413340429,489.05456543,224.66,9.69
79.8559,1198,17.4938490206,78.4133363477,489.058105469,223.86,4.65
79.9227,1199,17.4938469584,78.4133343659,489.059906006,225.25,4.27
79.9949,1200,17.4938449593,78.4133323493,489.058898926,225.31,9.89
80.057,1201,17.4938409806,78.4133283277,489.060180664,225.65,4.49
80.1272,1202,17.4938389527,78.4133262531,489.060241699,225.18,4.68
80.1909,1203,17.4938370161,78.4133243041,489.060913086,225.34,8.67
80.2595,1204,17.493833167,78.4133204086,489.061187744,225.9,4.6
80.3236,1205,17.4938312774,78.4133184585,489.064208984,225.41,4.38
80.3891,1206,17.4938294237,78.4133165779,489.064208984,229.16,9.04
80.4557,1207,17.4938257852,78.4133123684,489.066162109,232.11,4.55
80.5228,1208,17.4938240472,78.4133101347,489.071502686,226.19,4.18
80.589,1209,17.49382228,78.4133082927,489.07244873,228.5,8.03
80.6607,1210,17.493818757,78.41330431,489.075622559,230.13,4.32
80.7281,1211,17.4938170331,78.4133022457,489.076904297,226.98,4.38
80.7888,1212,17.4938153582,78.4133004511,489.077056885,228.26,7.52
80.8605,1213,17.4938120428,78.4132967353,489.078887939,229.5,4.41
80.9221,1214,17.4938104108,78.4132948247,489.078796387,227.46,3.66
80.9917,1215,17.4938088222,78.4132930932,489.08190918,227.83,7.15
81.0619,1216,17.4938057122,78.4132896595,489.083679199,223.58,3.97
81.1225,1217,17.4938041088,78.4132881335,489.083862305,227.55,3.54
81.191,1218,17.4938025978,78.4132864817,489.086120605,225.8,7.02
81.2584,1219,17.4937995575,78.4132833551,489.087554932,226.96,3.87
81.3294,1220,17.4937978297,78.4132815046,489.08026123,227.59,3.56
81.3946,1221,17.4937963868,78.413279925,489.082092285,226.62,7.59
81.4593,1222,17.4937932775,78.4132766346,489.076141357,224.75,3.5
81.5284,1223,17.4937916942,78.4132750651,489.064147949,227.56,3.59
81.5901,1224,17.4937903149,78.4132735567,489.067260742,226.94,6.74
81.657,1225,17.4937874746,78.4132705174,489.055419922,227.31,3.34
81.7241,1226,17.4937860705,78.4132689955,489.043121338,227.83,3.01
81.794,1227,17.4937847647,78.4132675541,489.044128418,228.36,6.64
81.8587,1228,17.4937821273,78.4132645878,489.033721924,228.11,2.96
81.9317,1229,17.4937807957,78.4132631034,489.023223877,228.15,3.29
81.9928,1230,17.4937795586,78.4132617222,489.023468018,229.15,5.99
82.0609,1231,17.4937770925,78.4132588705,489.015808105,229.11,2.85
82.1289,1232,17.4937759193,78.4132575155,489.005981445,228.57,3.18
82.1908,1233,17.4937747182,78.4132561546,489.004425049,229.07,5.41
82.2614,1234,17.4937724052,78.4132534869,488.986907959,221.72,2.29
82.3289,1235,17.4937713438,78.4132525404,488.969726562,228.28,2.65
82.4013,1236,17.4937701653,78.4132512186,488.969207764,227.49,5.97
82.4613,1237,17.4937679326,78.4132487829,488.952941895,221.74,2.39
82.5298,1238,17.4937668086,78.4132477799,488.938903809,228.05,2.67
82.6,1239,17.4937656529,78.4132464941,488.93927002,226.35,5.32
82.6644,1240,17.4937634711,78.4132442072,488.924468994,218.07,2.61
82.7262,1241,17.4937623104,78.413243298,488.911560059,227.82,2.89
82.7897,1242,17.493761172,78.4132420416,488.908691406,222.91,5.15
82.8569,1243,17.4937588435,78.4132398768,488.891265869,220.62,2.53
82.9224,1244,17.4937576872,78.4132388849,488.885192871,227.27,2.6
82.9924,1245,17.4937565486,78.4132376524,488.879211426,224.92,5.02
83.0608,1246,17.4937543101,78.4132354199,488.872894287,221.22,2.45
83.1274,1247,17.4937531851,78.4132344345,488.874908447,226.8,2.67
83.1949,1248,17.493752046,78.4132332214,488.87310791,225.68,4.69
83.2634,1249,17.4937499757,78.4132311016,488.860565186,224.46,2.37
83.3251,1250,17.4937490133,78.4132301573,488.850769043,226.83,2.52
83.394,1251,17.4937479193,78.4132289912,488.843139648,225.74,5.36
83.4552,1252,17.4937458099,78.4132268265,488.825256348,226.69,2.04
83.5268,1253,17.4937448863,78.4132258466,488.816436768,226.72,2.82
83.5892,1254,17.4937437738,78.4132246654,488.813140869,227.22,4.96
83.6558,1255,17.493741705,78.4132224295,488.806335449,230.23,2.34
83.7258,1256,17.4937407377,78.4132212674,488.806427002,227.06,2.76
83.7887,1257,17.4937396487,78.4132200971,488.804351807,229.08,4.56
83.8596,1258,17.4937376932,78.4132178413,488.79977417,229.15,2.32
83.9263,1259,17.4937367581,78.41321676,488.785430908,227.49,2.48
83.9954,1260,17.4937356892,78.4132155939,488.77557373,226.25,5.15
84.0602,1261,17.4937335613,78.4132133714,488.770263672,226.29,2.47
84.1266,1262,17.4937325186,78.4132122808,488.777526855,227.23,2.18
84.2033,1263,17.493731473,78.4132111504,488.769958496,222.44,5.68
84.2574,1264,17.49372939,78.413209246,488.777923584,215.37,2.22
84.3248,1265,17.4937282758,78.4132084551,488.773040771,226.62,2.44
84.3925,1266,17.49372723,78.4132073485,488.775634766,221.38,4.87
84.4554,1267,17.4937251218,78.4132054913,488.761566162,214.44,2.2
84.5229,1268,17.4937240036,78.4132047245,488.754760742,225.81,2.38
84.591,1269,17.4937229643,78.4132036555,488.750488281,223.1,4.49
84.6584,1270,17.493720933,78.4132017545,488.743255615,222.35,2.43
84.725,1271,17.493719836,78.4132007544,488.742126465,225.4,2.43
84.7902,1272,17.4937188093,78.4131997133,488.739807129,224.26,4.74
84.8565,1273,17.49371674,78.413197697,488.738067627,229.96,1.97
84.9235,1274,17.493715953,78.4131967603,488.732177734,225.61,2.29
84.991,1275,17.4937149585,78.4131957445,488.732299805,225.37,3.5
85.0695,1276,17.4937131815,78.4131939444,488.721435547,221.8,2.17
85.1313,1277,17.4937122652,78.4131931251,488.717071533,225.41,2.23
85.1969,1278,17.493711318,78.4131921643,488.71395874,219.15,4.72
85.2577,1279,17.4937092806,78.4131905056,488.710601807,215.66,2.07
85.3279,1280,17.4937082008,78.4131897308,488.715362549,224.61,2.1
85.3917,1281,17.4937073243,78.4131888662,488.716949463,218.46,4.2
85.4558,1282,17.4937053943,78.4131873333,488.720977783,222.4,2.06
85.523,1283,17.4937044547,78.4131864752,488.723388672,223.36,1.69
85.5941,1284,17.4937036496,78.413185715,488.721008301,219.78,3.45
85.6616,1285,17.4937020109,78.4131843506,488.71295166,226.51,1.66
85.7259,1286,17.493701333,78.413183636,488.711395264,223.68,1.68
85.7888,1287,17.4937006288,78.4131829635,488.707824707,223.11,3.0
85.8608,1288,17.4936991795,78.4131816069,488.707946777,228.55,1.96
85.9229,1289,17.493698435,78.4131807639,488.713989258,223.54,1.41
85.9907,1290,17.4936977996,78.4131801601,488.714324951,225.82,2.79
86.0591,1291,17.4936965756,78.4131789005,488.72277832,229.4,1.33
86.1275,1292,17.4936960288,78.4131782625,488.726501465,222.96,1.47
86.1894,1293,17.4936954167,78.4131776926,488.725830078,228.28,2.47
86.2594,1294,17.4936943546,78.4131765012,488.72958374,225.19,1.26
86.3243,1295,17.4936938243,78.4131759674,488.734161377,224.35,1.31
86.3901,1296,17.4936932551,78.4131754109,488.732818604,226.07,2.25
86.4604,1297,17.4936922416,78.4131743589,488.735565186,242.71,1.0
86.526,1298,17.4936919598,78.4131738126,488.725585938,224.58,1.15
86.5946,1299,17.4936914434,78.4131733038,488.730865479,228.63,2.28
86.6574,1300,17.4936905712,78.4131723134,488.737335205,227.69,1.26
86.7235,1301,17.493690052,78.413171743,488.756317139,224.89,0.93
86.7943,1302,17.4936896215,78.4131713142,488.763061523,224.32,2.19
86.8608,1303,17.4936886635,78.4131703788,488.795043945,234.38,0.91
86.9226,1304,17.4936883581,78.4131699525,488.819549561,225.62,0.9
86.9942,1305,17.4936879424,78.4131695277,488.817199707,223.05,1.77
87.0611,1306,17.493687147,78.4131687847,488.814117432,223.92,0.69
87.1279,1307,17.4936868413,78.4131684903,488.802947998,224.76,1.1
87.189,1308,17.4936864003,78.413168053,488.800231934,230.24,1.79
87.2577,1309,17.4936856732,78.4131671791,488.777862549,232.29,0.82
87.328,1310,17.493685347,78.4131667572,488.757263184,224.6,1.22
87.3907,1311,17.4936848443,78.4131662615,488.754516602,225.67,1.96
87.4563,1312,17.4936840154,78.4131654131,488.736358643,218.41,1.14
87.5242,1313,17.4936834609,78.4131649735,488.734863281,227.03,1.11
87.5947,1314,17.4936829701,78.4131644467,488.73727417,220.84,2.71
87.6564,1315,17.4936818076,78.413163442,488.748260498,227.99,1.33
87.7224,1316,17.4936812658,78.4131628405,488.757415771,223.96,1.11
87.794,1317,17.4936807376,78.4131623312,488.760955811,233.04,2.54
87.8559,1318,17.4936798611,78.4131611665,488.772399902,242.68,0.94
87.9253,1319,17.4936795809,78.413160624,488.778656006,225.81,1.25
87.9925,1320,17.49367904,78.4131600676,488.779815674,236.63,2.06
88.0612,1321,17.493678317,78.41315897,488.784820557,242.36,1.18
88.123,1322,17.4936780001,78.4131583649,488.794708252,227.63,1.25
88.1945,1323,17.4936774433,78.4131577544,488.793151855,238.4,2.33
88.2633,1324,17.4936766611,78.4131564829,488.803405762,246.07,1.03
88.3257,1325,17.4936764163,78.4131559312,488.802734375,228.37,1.23
88.3918,1326,17.4936759167,78.4131553691,488.821472168,233.83,2.02
88.458,1327,17.4936751833,78.4131543658,488.823120117,245.83,0.81
88.5223,1328,17.4936749841,78.413153922,488.807525635,229.15,1.22
88.5931,1329,17.4936744613,78.4131533173,488.817230225,233.17,2.66
88.6569,1330,17.4936735183,78.4131520582,488.812438965,235.73,1.47
88.7218,1331,17.49367302,78.4131513269,488.83694458,228.7,1.49
88.7887,1332,17.493672414,78.413150637,488.814300537,231.08,3.15
88.8551,1333,17.4936711963,78.413149129,488.827789307,225.08,1.42
88.9241,1334,17.493670561,78.413148492,488.860198975,229.41,1.52
88.9943,1335,17.4936699215,78.4131477456,488.860992432,226.01,3.01
89.0564,1336,17.4936687236,78.4131465048,488.890808105,215.4,0.93
89.1224,1337,17.4936682642,78.4131461783,488.882781982,228.71,1.57
89.1937,1338,17.4936675834,78.4131454032,488.900299072,224.38,2.83
89.2603,1339,17.4936663458,78.4131441921,488.898986816,219.57,1.31
89.3258,1340,17.49366574,78.4131436914,488.906066895,227.42,1.81
89.3903,1341,17.4936650132,78.4131429004,488.901733398,224.58,3.22
89.4556,1342,17.4936636334,78.4131415405,488.908294678,221.37,1.46
89.5218,1343,17.4936629672,78.4131409537,488.917877197,227.28,1.61
89.5942,1344,17.4936622367,78.4131401627,488.92300415,227.6,3.25
89.6605,1345,17.4936608945,78.413138693,488.93939209,232.87,1.61
89.7218,1346,17.4936603411,78.413137962,488.944610596,227.49,1.85
89.7887,1347,17.4936595698,78.4131371205,488.952514648,230.95,3.38
89.8583,1348,17.4936581996,78.4131354313,488.961853027,226.93,1.86
89.9268,1349,17.4936573988,78.4131345747,488.972076416,227.31,1.95
89.9928,1350,17.493656593,78.4131337013,488.973632812,229.21,3.78
90.0606,1351,17.4936550464,78.4131319086,488.984863281,227.87,1.89
90.1245,1352,17.4936542988,78.4131310822,488.992797852,227.09,2.11
90.1897,1353,17.4936534335,78.4131301512,488.998901367,227.95,3.87
90.2595,1354,17.4936517641,78.4131283007,489.015319824,230.13,2.56
90.3231,1355,17.4936507978,78.4131271436,489.024597168,227.3,2.26
90.3894,1356,17.49364986,78.4131261272,489.032592773,225.64,4.71
90.456,1357,17.4936478377,78.413124059,489.043426514,230.0,2.22
90.527,1358,17.4936469022,78.4131229442,489.049102783,227.07,2.57
90.5888,1359,17.4936459059,78.4131218731,489.052215576,227.67,5.06
90.6561,1360,17.4936437901,78.4131195502,489.058441162,232.95,2.96
90.7215,1361,17.4936427085,78.4131181175,489.061401367,226.77,2.36
90.793,1362,17.4936416423,78.4131169833,489.066223145,227.08,5.86
90.8546,1363,17.4936393733,78.4131145432,489.076263428,226.74,2.56
90.9257,1364,17.4936382212,78.4131133191,489.076812744,226.87,2.65
90.9923,1365,17.4936371093,78.4131121323,489.083648682,226.84,5.38
91.0615,1366,17.4936347607,78.4131096276,489.084442139,224.28,3.15
91.1217,1367,17.4936335095,78.4131084073,489.087493896,226.95,2.69
91.1904,1368,17.4936323448,78.4131071606,489.090179443,226.63,5.65
91.2592,1369,17.4936298838,78.4131045557,489.098693848,225.16,2.94
91.3248,1370,17.4936286322,78.4131032969,489.101593018,226.3,2.85
91.3928,1371,17.4936273984,78.413102006,489.106658936,225.9,5.89
91.4601,1372,17.4936248578,78.4130993845,489.117279053,218.33,3.18
91.5243,1373,17.4936233925,78.413098226,489.120758057,226.26,3.08
91.5902,1374,17.4936221003,78.4130968759,489.124755859,222.92,6.2
91.6572,1375,17.4936193023,78.4130942744,489.130187988,221.74,3.19
91.7212,1376,17.4936179016,78.4130930248,489.133850098,225.92,3.17
91.7879,1377,17.4936165443,78.4130916231,489.136962891,226.94,6.13
91.8546,1378,17.4936139698,78.4130888683,489.143829346,230.9,3.06
91.925,1379,17.4936127136,78.4130873227,489.145233154,225.8,3.3
91.9916,1380,17.493611301,78.4130858702,489.152282715,228.46,6.22
92.0618,1381,17.4936086263,78.4130828508,489.162445068,230.34,3.29
92.126,1382,17.4936073788,78.4130813461,489.166107178,226.22,3.54
92.1904,1383,17.4936059251,78.4130798289,489.17388916,227.94,6.58
92.2584,1384,17.4936031597,78.4130767646,489.184143066,229.23,3.14
92.3282,1385,17.493601836,78.4130752295,489.195526123,226.45,3.94
92.3879,1386,17.4936003427,78.4130736584,489.200775146,228.31,6.84
92.455,1387,17.4935975248,78.4130704949,489.22076416,229.68,3.64
92.5212,1388,17.493596084,78.4130687969,489.226593018,226.58,3.56
92.5892,1389,17.493594548,78.4130671738,489.23651123,227.65,7.17
92.6568,1390,17.493591533,78.4130638662,489.247467041,227.68,3.65
92.7224,1391,17.4935900449,78.4130622321,489.250213623,226.88,3.69
92.7902,1392,17.4935884695,78.4130605496,489.26083374,227.49,7.74
92.8556,1393,17.4935853148,78.4130571083,489.270233154,229.78,3.89
92.9226,1394,17.4935837595,78.4130552692,489.274841309,227.17,3.57
92.9947,1395,17.4935821439,78.4130535265,489.281066895,227.59,8.51
93.0563,1396,17.4935788812,78.4130499548,489.292236328,231.09,3.88
93.1226,1397,17.4935773877,78.4130481048,489.29901123,227.21,4.05
93.1882,1398,17.4935757214,78.413046305,489.305084229,229.09,7.08
93.2612,1399,17.493572595,78.4130426972,489.320281982,233.03,3.41
93.3316,1400,17.4935712562,78.4130409187,489.32598877,227.61,4.18
93.3967,1401,17.4935695625,78.4130390633,489.334442139,229.54,8.13
93.46,1402,17.4935664741,78.4130354427,489.345336914,229.97,3.55
93.5285,1403,17.4935650283,78.4130337215,489.356536865,227.81,4.2
93.5947,1404,17.4935633062,78.4130318213,489.361206055,228.27,7.74
93.6611,1405,17.4935601472,78.4130282791,489.376037598,228.18,3.51
93.7275,1406,17.4935587115,78.4130266747,489.38092041,227.29,4.62
93.7878,1407,17.4935569699,78.4130247877,489.388824463,226.19,7.56
93.855,1408,17.4935537265,78.4130214072,489.399902344,221.61,3.54
93.9227,1409,17.4935520798,78.4130199449,489.404327393,226.61,4.07
93.9907,1410,17.4935503254,78.4130180893,489.411499023,225.99,7.42
94.0623,1411,17.4935469227,78.4130145666,489.421966553,226.35,4.44
94.1215,1412,17.4935452504,78.4130128137,489.430328369,226.1,3.96
94.19,1413,17.4935435157,78.4130110112,489.436431885,226.25,7.96
94.2598,1414,17.4935399745,78.413007312,489.449310303,228.06,4.61
94.3229,1415,17.4935381806,78.4130053157,489.451568604,226.33,3.97
94.393,1416,17.493536409,78.4130034598,489.461120605,226.46,8.59
94.4606,1417,17.49353272,78.4129995775,489.47366333,225.27,4.71
94.5238,1418,17.4935307893,78.4129976284,489.478942871,226.69,4.31
94.5892,1419,17.4935290057,78.4129957364,489.487335205,224.87,8.06
94.6609,1420,17.4935252334,78.4129919811,489.500427246,222.92,4.65
94.7241,1421,17.4935232569,78.412990143,489.510101318,226.88,4.42
94.7883,1422,17.4935214698,78.4129882346,489.517883301,225.49,8.72
94.8557,1423,17.4935176749,78.4129843746,489.535919189,223.98,4.78
94.922,1424,17.4935155767,78.4129823499,489.543334961,227.02,3.95
94.9928,1425,17.4935138169,78.4129804615,489.551971436,225.92,9.4
95.0576,1426,17.4935099123,78.4129764296,489.569061279,224.8,4.89
95.1232,1427,17.4935078183,78.41297435,489.578521729,227.36,4.12
95.1935,1428,17.4935060062,78.4129723824,489.588439941,226.35,9.15
95.2615,1429,17.4935020481,78.4129682335,489.60333252,225.86,5.02
95.3284,1430,17.4934998945,78.4129660144,489.614379883,227.33,4.48
95.3941,1431,17.4934980525,78.4129640164,489.623718262,227.18,10.12
95.4573,1432,17.4934940442,78.4129596902,489.643371582,228.71,5.41
95.5216,1433,17.4934919231,78.4129572747,489.654998779,227.57,4.42
95.5896,1434,17.4934900532,78.4129552294,489.66394043,229.01,9.45
95.6594,1435,17.493486057,78.412950631,489.691040039,229.62,5.65
95.7221,1436,17.4934839339,78.4129481343,489.709594727,227.87,4.31
95.7929,1437,17.4934820441,78.4129460449,489.721130371,227.9,10.26
95.8591,1438,17.4934778423,78.4129413944,489.740905762,228.32,6.05
95.922,1439,17.4934755044,78.4129387683,489.748748779,228.04,4.33
95.9939,1440,17.4934735834,78.4129366316,489.758087158,227.79,10.18
96.0623,1441,17.4934692636,78.4129318695,489.776000977,229.31,5.84
96.1247,1442,17.4934670681,78.4129293157,489.789764404,228.12,4.93
96.1893,1443,17.4934651057,78.4129271272,489.800933838,227.15,9.84
96.2598,1444,17.4934607517,78.4129224343,489.829223633,222.35,5.21
96.3293,1445,17.4934582923,78.4129201921,489.85244751,227.93,5.2
96.3919,1446,17.4934562807,78.4129179635,489.864379883,226.08,10.58
96.4578,1447,17.4934518253,78.4129133368,489.893737793,225.43,5.47
96.5225,1448,17.4934495364,78.412911013,489.910095215,227.79,4.66
96.5935,1449,17.4934474832,78.4129087494,489.92098999,226.47,10.74
96.6587,1450,17.4934430366,78.4129040689,489.947998047,225.12,5.39
96.7261,1451,17.4934406745,78.4129016967,489.965362549,227.48,5.39
96.7887,1452,17.4934385707,78.4128994023,489.976287842,226.56,10.57
96.8543,1453,17.4934341747,78.4128947607,490.006988525,224.88,4.86
96.9266,1454,17.4934318812,78.4128924766,490.027038574,227.05,5.44
96.9895,1455,17.49342973,78.4128901653,490.039764404,225.86,10.69
97.0572,1456,17.4934250862,78.4128853794,490.073150635,225.86,5.76
97.123,1457,17.4934226536,78.4128828727,490.093414307,226.76,5.34
97.1882,1458,17.4934204534,78.4128805333,490.105865479,226.89,10.29
97.2587,1459,17.4934158828,78.4128756507,490.130401611,228.33,6.04
97.3222,1460,17.4934135294,78.4128730068,490.140991211,226.54,5.43
97.3874,1461,17.4934112826,78.412870636,490.153808594,226.93,11.06
97.4537,1462,17.493406663,78.4128656938,490.175933838,228.72,5.74
97.5259,1463,17.4934041361,78.4128628159,490.185943604,226.2,5.84
97.5877,1464,17.4934018343,78.4128604156,490.199035645,226.7,11.12
97.6559,1465,17.4933970373,78.4128553251,490.220275879,226.69,6.23
97.7205,1466,17.4933944929,78.4128526256,490.226226807,225.96,5.49
97.7873,1467,17.4933921422,78.4128501944,490.238677979,225.7,11.5
97.8543,1468,17.4933871832,78.4128451128,490.255554199,225.81,5.87
97.9208,1469,17.4933846766,78.4128425341,490.262359619,225.74,5.54
97.9879,1470,17.4933822844,78.4128400789,490.272857666,226.37,11.06
98.0571,1471,17.4933774147,78.4128349703,490.290924072,224.98,6.13
98.1234,1472,17.4933747683,78.4128323257,490.295928955,225.74,5.83
98.1881,1473,17.4933723417,78.4128298353,490.307373047,226.34,11.56
98.2563,1474,17.4933673228,78.4128245752,490.322235107,226.4,5.76
98.3247,1475,17.4933648194,78.4128219467,490.326568604,225.99,5.95
98.3889,1476,17.4933623738,78.4128194155,490.337005615,226.41,11.23
98.4584,1477,17.4933574115,78.4128142024,490.3543396,227.79,6.29
98.5211,1478,17.4933549669,78.4128115076,490.36517334,226.34,5.27
98.5942,1479,17.4933525143,78.4128089379,490.375305176,226.71,11.83
98.6595,1480,17.4933476295,78.4128037527,490.398712158,224.48,5.84
98.7212,1481,17.493345262,78.4128014275,490.410308838,226.38,5.52
98.7911,1482,17.4933428074,78.4127988513,490.420440674,226.66,10.59
98.8593,1483,17.4933382344,78.412794006,490.442260742,228.29,5.11
98.9256,1484,17.4933361532,78.4127916712,490.448913574,226.68,5.65
98.9936,1485,17.4933337211,78.4127890924,490.461364746,227.09,11.16
99.0601,1486,17.4933290596,78.412784078,490.479187012,226.8,5.99
99.1209,1487,17.4933267595,78.4127816287,490.488952637,226.76,5.26
99.1938,1488,17.4933243379,78.4127790533,490.500030518,226.85,10.92
99.2626,1489,17.4933195979,78.4127739964,490.520721436,228.5,5.85
99.3267,1490,17.4933173024,78.4127714015,490.529205322,227.05,5.5
99.3963,1491,17.4933148977,78.4127688181,490.541931152,226.59,12.94
99.4561,1492,17.493309993,78.4127636328,490.560699463,224.92,5.9
99.5243,1493,17.4933073699,78.4127610174,490.567077637,227.25,5.16
99.5971,1494,17.4933050166,78.4127584714,490.579284668,225.94,12.05
99.6621,1495,17.4932999967,78.4127532836,490.596069336,224.13,6.52
99.722,1496,17.4932974181,78.4127507825,490.602600098,227.16,5.84
99.7877,1497,17.4932950117,78.4127481876,490.613830566,224.02,11.61
99.8549,1498,17.4932898512,78.4127432013,490.631469727,221.78,5.44
99.9272,1499,17.4932871584,78.4127407956,490.637176514,226.97,5.58
99.996,1500,17.4932847422,78.4127382077,490.646728516,224.14,11.04
100.0662,1501,17.4932796227,78.4127332397,490.662536621,221.79,6.46
100.128,1502,17.4932768904,78.4127307974,490.667907715,226.81,5.99
100.1922,1503,17.4932744653,78.4127282138,490.67880249,224.6,10.63
100.2658,1504,17.4932693389,78.4127231577,490.691558838,222.58,6.46
100.3259,1505,17.4932667137,78.4127207452,490.695159912,226.71,5.86
100.3916,1506,17.4932642782,78.41271816,490.703216553,225.11,12.67
100.4536,1507,17.4932591732,78.4127130361,490.71496582,224.55,5.97
100.5226,1508,17.4932564695,78.4127103743,490.718505859,226.53,5.48
100.5932,1509,17.4932540155,78.4127077858,490.723754883,225.3,11.92
100.6596,1510,17.4932488862,78.4127026032,490.735198975,229.06,6.39
100.7209,1511,17.4932465152,78.41269987,490.735198975,226.59,5.76
100.7882,1512,17.4932440583,78.4126972731,490.742980957,227.62,11.55
100.8558,1513,17.4932392024,78.412691952,490.753997803,228.33,6.04
100.922,1514,17.4932367464,78.4126891927,490.759368896,226.98,5.65
100.9908,1515,17.4932343022,78.412686573,490.766296387,225.59,12.49
101.055,1516,17.4932291308,78.4126812938,490.773986816,227.33,5.87
101.121,1517,17.4932267088,78.4126786659,490.774597168,227.15,5.84
101.1876,1518,17.4932242674,78.4126760337,490.781677246,224.52,11.56
101.2567,1519,17.4932190268,78.4126708801,490.788574219,223.95,5.62
101.3266,1520,17.4932164229,78.4126683697,490.78414917,227.25,5.67
101.3953,1521,17.493213984,78.4126657314,490.794311523,226.47,11.32
101.4667,1522,17.4932088503,78.4126603266,490.801483154,224.69,7.42
101.5227,1523,17.493206129,78.412657635,490.806396484,227.38,5.65
101.5918,1524,17.4932036909,78.4126549851,490.816894531,228.5,11.37
101.661,1525,17.493198876,78.4126495421,490.829986572,233.6,6.46
101.722,1526,17.4931967076,78.412646601,490.844421387,227.83,5.92
101.7879,1527,17.4931942898,78.4126439321,490.852111816,230.44,11.68
101.8552,1528,17.4931896582,78.4126383255,490.879638672,230.76,5.96
101.923,1529,17.4931872948,78.4126354315,490.892120361,228.17,5.43
101.995,1530,17.4931848889,78.4126327432,490.90145874,229.5,11.94
102.0617,1531,17.4931801072,78.412627144,490.91897583,231.69,6.14
102.1243,1532,17.4931779009,78.412624351,490.932556152,228.27,5.7
102.193,1533,17.4931754962,78.4126216547,490.938110352,230.56,12.49
102.2559,1534,17.4931708781,78.4126160405,490.959136963,232.81,5.85
102.3245,1535,17.4931686295,78.4126130765,490.975189209,228.37,5.67
102.3936,1536,17.493166224,78.4126103701,490.980621338,230.2,13.31
102.4535,1537,17.4931615052,78.4126047059,491.005859375,229.55,5.48
102.5276,1538,17.4931590706,78.4126018505,491.019622803,228.48,5.82
102.5952,1539,17.4931566616,78.4125991293,491.028961182,229.27,10.65
102.6688,1540,17.4931519341,78.4125936387,491.049926758,230.4,7.06
102.7238,1541,17.4931496465,78.4125908731,491.06552124,228.44,6.23
102.787,1542,17.4931472342,78.412588152,491.072601318,228.75,10.82
102.8591,1543,17.4931424821,78.4125827341,491.095001221,227.45,5.87
102.9251,1544,17.493140064,78.4125800995,491.107391357,228.37,5.83
102.9926,1545,17.493137649,78.4125773824,491.114562988,228.51,11.9
103.0574,1546,17.4931329314,78.4125720479,491.138122559,229.13,6.04
103.1213,1547,17.4931305979,78.4125693516,491.145843506,228.27,5.7
103.1903,1548,17.493128182,78.4125666431,491.156738281,228.18,11.48
103.2589,1549,17.4931233323,78.4125612221,491.174072266,230.65,5.88
103.3264,1550,17.4931210046,78.4125583832,491.184295654,227.96,6.27
103.3892,1551,17.4931185724,78.4125556854,491.191894531,229.27,11.78
103.4545,1552,17.4931139351,78.4125502994,491.206787109,231.91,5.53
103.5257,1553,17.4931116837,78.4125474274,491.217956543,227.76,6.41
103.5872,1554,17.4931092391,78.4125447352,491.222106934,227.13,11.6
103.6569,1555,17.4931041667,78.4125392713,491.245025635,223.93,6.64
103.721,1556,17.4931013455,78.4125365536,491.255065918,227.37,5.96
103.7875,1557,17.4930988711,78.4125338653,491.264404297,224.24,12.49
103.8547,1558,17.4930933365,78.412528475,491.285217285,220.98,6.57
103.9237,1559,17.4930901955,78.4125257468,491.308319092,226.76,5.8
103.9926,1560,17.4930876712,78.4125230623,491.312683105,225.43,13.42
104.0551,1561,17.4930822481,78.4125175564,491.347625732,223.61,6.71
104.1223,1562,17.4930792432,78.4125146943,491.379180908,226.32,5.94
104.1888,1563,17.4930767287,78.4125120612,491.384765625,224.59,11.42
104.2611,1564,17.4930713185,78.412506727,491.429443359,223.35,6.06
104.3281,1565,17.4930686021,78.4125041629,491.454406738,225.96,5.7
104.3989,1566,17.4930660153,78.4125014882,491.46685791,224.13,12.96
104.4601,1567,17.4930607778,78.4124964081,491.501037598,224.69,6.12
104.5235,1568,17.4930582363,78.4124938942,491.526611328,225.62,6.02
104.5904,1569,17.4930556404,78.4124912415,491.533996582,225.15,12.14
104.6547,1570,17.4930505712,78.4124861448,491.568145752,223.76,5.58
104.7255,1571,17.4930479446,78.4124836297,491.598724365,225.48,6.5
104.7873,1572,17.4930453481,78.4124809894,491.606292725,224.3,11.57
104.8564,1573,17.4930400822,78.4124758512,491.655059814,223.06,5.62
104.9266,1574,17.4930374337,78.4124733762,491.671813965,225.23,5.41
104.9992,1575,17.4930348857,78.4124708074,491.688598633,224.46,11.9
105.0654,1576,17.4930297106,78.4124657283,491.714904785,223.36,6.19
105.126,1577,17.4930272031,78.4124633602,491.727722168,225.21,6.03
105.1923,1578,17.4930246103,78.4124607481,491.734649658,223.88,10.96
105.2624,1579,17.4930195158,78.4124558489,491.757293701,223.83,5.93
105.326,1580,17.4930170114,78.4124534444,491.780181885,225.05,5.75
105.3953,1581,17.4930144173,78.4124508454,491.785369873,224.56,12.08
105.4605,1582,17.4930092528,78.4124457589,491.826751709,223.88,6.03
105.5253,1583,17.4930066616,78.4124432674,491.838806152,225.05,5.46
105.5982,1584,17.4930040697,78.4124406714,491.855926514,224.52,12.41
105.6622,1585,17.4929988561,78.4124355438,491.878173828,224.58,6.44
105.7234,1586,17.4929962726,78.412432998,491.892089844,224.93,6.18
105.7879,1587,17.4929936755,78.4124304071,491.898590088,225.26,12.23
105.8539,1588,17.4929884406,78.4124251249,491.918365479,226.35,5.95
105.9228,1589,17.4929858318,78.4124223901,491.931945801,225.06,5.91
105.9904,1590,17.4929832324,78.412419785,491.937591553,225.93,11.65
106.0595,1591,17.4929780733,78.4124144557,491.96875,226.46,6.29
106.1227,1592,17.4929755486,78.4124117986,491.974517822,225.16,6.25
106.1868,1593,17.492972949,78.412409184,491.990081787,225.49,10.41
106.2629,1594,17.4929678343,78.4124039802,492.011779785,224.06,5.71
106.3303,1595,17.4929652888,78.4124015171,492.02532959,225.18,5.93
106.3978,1596,17.4929626896,78.4123989018,492.029327393,224.92,13.75
106.4545,1597,17.4929576067,78.4123938338,492.043945312,225.84,5.61
106.5212,1598,17.4929552028,78.4123913587,492.057098389,225.24,5.5
106.5939,1599,17.4929526093,78.4123887434,492.06048584,225.51,12.15
106.6587,1600,17.4929475261,78.4123835694,492.091888428,226.71,6.5
106.7213,1601,17.4929449545,78.4123808395,492.097595215,225.24,6.02
106.7875,1602,17.4929423683,78.4123782318,492.111602783,225.9,11.93
106.8533,1603,17.4929373355,78.4123730384,492.128967285,223.89,5.26
106.9267,1604,17.4929347743,78.4123705749,492.139160156,225.38,5.98
106.9931,1605,17.4929322037,78.41236797,492.142120361,223.15,11.39
107.0622,1606,17.4929269266,78.4123630226,492.156616211,227.35,6.51
107.122,1607,17.4929244933,78.4123603806,492.171661377,225.37,6.08
107.1871,1608,17.4929219318,78.4123577855,492.17388916,226.71,10.84
107.2588,1609,17.4929170163,78.4123525671,492.20501709,228.47,5.01
107.3336,1610,17.4929147237,78.4123499785,492.209838867,225.65,6.51
107.3941,1611,17.492912189,78.4123473856,492.222991943,225.44,11.99
107.4595,1612,17.4929071222,78.4123422396,492.239349365,225.94,6.31
107.5202,1613,17.4929046678,78.4123397033,492.251098633,225.74,5.42
107.5924,1614,17.492902151,78.4123371206,492.252471924,226.32,11.16
107.6615,1615,17.4928972424,78.4123319805,492.265136719,224.5,6.33
107.7241,1616,17.4928946407,78.4123294237,492.279876709,225.86,6.08
107.7881,1617,17.4928921419,78.4123268485,492.281799316,225.38,11.76
107.8544,1618,17.4928870972,78.4123217372,492.311065674,224.78,5.45
107.926,1619,17.4928845459,78.4123192053,492.309875488,225.9,5.44
107.9971,1620,17.4928820642,78.4123166448,492.323883057,225.11,12.2
108.0594,1621,17.4928771265,78.4123116875,492.332000732,226.66,5.76
108.1225,1622,17.4928748282,78.4123092516,492.337188721,225.99,5.94
108.1868,1623,17.4928723827,78.4123067204,492.337799072,225.92,10.51
108.2597,1624,17.4928674696,78.4123016474,492.338439941,226.83,5.73
108.3275,1625,17.4928650173,78.4122990328,492.346008301,226.03,5.71
108.3939,1626,17.4928625931,78.4122965199,492.346801758,226.45,11.5
108.4608,1627,17.4928577063,78.4122913794,492.369995117,224.57,6.06
108.5247,1628,17.4928551669,78.4122888775,492.362731934,226.07,5.64
108.5911,1629,17.4928527718,78.4122863915,492.373504639,227.18,11.19
108.6582,1630,17.4928480644,78.412281311,492.377410889,224.89,5.77
108.7266,1631,17.4928454918,78.412278748,492.382293701,226.36,6.05
108.7876,1632,17.4928431428,78.4122762851,492.379547119,224.48,10.56
108.8586,1633,17.4928382173,78.4122714478,492.378448486,229.33,5.92
108.9208,1634,17.492835998,78.412268865,492.382537842,226.33,5.31
108.9896,1635,17.4928336738,78.4122664304,492.379119873,226.42,10.84
109.0581,1636,17.4928289541,78.4122614703,492.394348145,225.51,5.84
109.123,1637,17.4928265063,78.4122589783,492.370300293,226.63,5.52
109.1885,1638,17.4928242186,78.4122565564,492.381011963,226.92,9.05
109.268,1639,17.492819686,78.4122517101,492.357116699,225.6,5.64
109.3285,1640,17.4928174872,78.4122494651,492.338500977,226.61,5.63
109.3919,1641,17.4928152281,78.412247075,492.336456299,226.1,10.83
109.456,1642,17.4928107922,78.412242465,492.324493408,227.77,4.96
109.5204,1643,17.4928088119,78.4122402835,492.32421875,226.75,5.23
109.5864,1644,17.4928066311,78.4122379653,492.320495605,225.44,9.27
109.6588,1645,17.4928022922,78.4122335591,492.338043213,226.82,4.72
109.7253,1646,17.4928003113,78.4122314479,492.339782715,226.78,5.56
109.7884,1647,17.4927980943,78.4122290887,492.347564697,226.79,10.25
109.853,1648,17.4927939116,78.412224636,492.364746094,226.98,4.62
109.92,1649,17.4927919626,78.4122225476,492.387298584,227.05,9.51
109.992,1650,17.4927876594,78.4122179248,492.407043457,226.81,4.41
110.0725,1651,17.4927854203,78.4122155394,492.403137207,224.88,4.86
110.1399,1652,17.492783284,78.4122134117,492.418151855,226.75,6.67
110.1933,1653,17.4927810336,78.4122110198,492.41696167,224.08,11.53
110.2552,1654,17.492776317,78.4122064527,492.432128906,227.07,4.57
110.3276,1655,17.4927742371,78.4122042171,492.435333252,226.6,5.13
110.3977,1656,17.4927719568,78.4122018058,492.444671631,227.15,11.47
110.4602,1657,17.4927674601,78.412196959,492.46206665,225.87,5.86
110.5205,1658,17.492765193,78.4121946217,492.480255127,226.39,4.91
110.5946,1659,17.4927628801,78.4121921939,492.479309082,225.83,11.23
110.6581,1660,17.4927583033,78.4121874818,492.497924805,226.72,5.13
110.7261,1661,17.4927560986,78.412185141,492.513305664,226.21,5.94
110.7877,1662,17.4927537632,78.4121827052,492.515136719,226.3,10.81
110.8542,1663,17.4927491845,78.4121779135,492.539276123,227.19,5.24
110.9213,1664,17.4927469785,78.4121755322,492.543426514,225.96,5.23
110.9919,1665,17.4927446147,78.4121730875,492.554962158,226.64,11.74
111.0545,1666,17.4927399621,78.4121681609,492.575134277,226.13,5.45
111.1207,1667,17.4927376563,78.412165762,492.588867188,225.86,5.2
111.1923,1668,17.4927352694,78.4121633021,492.59362793,228.64,10.94
111.2591,1669,17.4927308078,78.4121582347,492.616973877,230.66,5.65
111.324,1670,17.492728658,78.4121556123,492.638275146,226.16,5.36
111.3932,1671,17.4927262916,78.412153148,492.64352417,229.25,11.53
111.4566,1672,17.4927218821,78.4121480298,492.675354004,228.49,5.59
111.5232,1673,17.4927196016,78.4121454532,492.685211182,226.36,4.82
111.5998,1674,17.4927172511,78.412142988,492.698028564,227.08,12.13
111.6613,1675,17.4927125641,78.412137948,492.729309082,227.82,5.76
111.7265,1676,17.4927102357,78.4121353782,492.752685547,226.35,5.62
111.7919,1677,17.4927078983,78.4121329277,492.757659912,226.52,11.83
111.8534,1678,17.492703282,78.4121280594,492.783691406,226.6,5.24
111.9251,1679,17.4927009012,78.4121255414,492.805786133,226.37,5.47
111.9916,1680,17.4926985865,78.4121231129,492.809417725,225.61,10.95
112.0588,1681,17.4926938435,78.4121182681,492.842163086,227.02,5.55
112.1283,1682,17.4926914168,78.4121156641,492.845092773,226.44,5.77
112.1908,1683,17.4926891267,78.4121132562,492.859100342,226.82,10.42
112.2606,1684,17.4926845347,78.4121083634,492.879730225,227.86,5.77
112.324,1685,17.492682271,78.4121058616,492.893707275,226.48,5.51
112.3886,1686,17.4926800115,78.4121034819,492.896636963,226.72,10.82
112.454,1687,17.4926755373,78.4120987312,492.911743164,225.88,5.67
112.5193,1688,17.4926731619,78.4120962821,492.92666626,226.49,5.14
112.5877,1689,17.492670931,78.4120939324,492.929626465,226.46,9.74
112.6591,1690,17.4926665131,78.4120892836,492.957733154,227.39,5.68
112.7207,1691,17.4926643285,78.4120869084,492.963439941,226.44,4.91
112.7911,1692,17.4926621323,78.4120845991,492.97869873,226.29,10.27
112.8583,1693,17.492657738,78.4120800029,492.997344971,223.42,5.23
112.9233,1694,17.4926554675,78.4120778541,493.012420654,226.23,5.2
112.9882,1695,17.4926533158,78.4120756077,493.014404297,225.3,9.61
113.0574,1696,17.492649007,78.4120712541,493.035797119,226.2,5.03
113.1257,1697,17.4926468155,78.4120689692,493.0546875,226.04,5.49
113.186,1698,17.4926446959,78.4120667712,493.056854248,225.57,9.0
113.2598,1699,17.4926404148,78.4120624034,493.089508057,225.49,5.24
113.3225,1700,17.4926382935,78.4120602458,493.095489502,225.95,4.97
113.3877,1701,17.4926362175,78.4120581001,493.10949707,225.16,9.45
113.4559,1702,17.4926320343,78.4120538937,493.129150391,226.04,4.87
113.52,1703,17.4926300376,78.4120518229,493.149108887,225.76,4.62
113.5889,1704,17.4926279894,78.4120497198,493.152954102,225.23,9.18
113.658,1705,17.4926238752,78.412045573,493.172668457,226.25,4.87
113.7243,1706,17.4926218159,78.4120434219,493.193237305,225.58,4.75
113.7906,1707,17.492619787,78.4120413517,493.193756104,225.34,10.18
113.8525,1708,17.4926157083,78.4120372248,493.227294922,224.27,4.41
113.9216,1709,17.4926136991,78.4120352663,493.230651855,225.4,4.37
113.9924,1710,17.4926116992,78.4120332384,493.244659424,225.12,9.65
114.0564,1711,17.4926076881,78.4120292101,493.261260986,223.7,4.52
114.1234,1712,17.4926056723,78.4120272836,493.278442383,225.23,4.3
114.1927,1713,17.4926037414,78.4120253369,493.281463623,224.92,9.53
114.2568,1714,17.492599758,78.4120213647,493.298278809,224.26,4.42
114.3248,1715,17.4925977767,78.4120194337,493.314300537,225.15,4.67
114.3887,1716,17.4925958369,78.4120174836,493.313690186,224.56,9.03
114.4548,1717,17.4925919208,78.4120136275,493.343322754,225.44,4.15
114.5272,1718,17.4925899805,78.4120116571,493.343688965,225.1,4.85
114.5877,1719,17.4925880714,78.412009741,493.357696533,224.78,8.44
114.6577,1720,17.4925842107,78.4120059094,493.369567871,223.53,4.54
114.7221,1721,17.4925822611,78.4120040576,493.382019043,225.02,4.5
114.7864,1722,17.4925803765,78.4120021717,493.381256104,225.56,8.56
114.8536,1723,17.492576667,78.4119983893,493.391784668,226.13,4.04
114.9191,1724,17.4925749754,78.4119966294,493.40322876,225.15,4.23
114.9863,1725,17.4925731275,78.4119947716,493.400604248,228.34,8.14
115.0559,1726,17.4925696511,78.4119908644,493.426940918,229.86,4.31
115.1211,1727,17.4925679766,78.4119888788,493.426818848,225.98,4.02
115.191,1728,17.492566177,78.4119870163,493.437713623,227.24,7.98
115.258,1729,17.4925628266,78.4119833925,493.447296143,231.59,3.94
115.3257,1730,17.4925612937,78.4119814592,493.459777832,226.92,4.44
115.388,1731,17.4925595522,78.411979597,493.455932617,227.85,8.33
115.4545,1732,17.4925561217,78.4119758072,493.46697998,231.37,4.18
115.5199,1733,17.492554542,78.4119738304,493.482543945,227.79,3.83
115.5916,1734,17.4925528389,78.4119719527,493.480651855,228.75,7.82
115.6616,1735,17.4925495064,78.4119681528,493.506561279,230.17,4.24
115.7239,1736,17.4925479412,78.4119662764,493.507232666,228.79,4.16
115.7909,1737,17.492546244,78.4119643382,493.518127441,228.43,8.02
115.8581,1738,17.4925429397,78.4119606132,493.535186768,227.43,4.01
115.9211,1739,17.4925413621,78.4119588956,493.546173096,229.11,4.17
115.9889,1740,17.4925396519,78.4119569209,493.547302246,228.17,8.18
116.0565,1741,17.492536245,78.4119531149,493.550109863,224.32,4.06
116.1218,1742,17.4925345008,78.4119514118,493.559448242,229.52,3.62
116.2009,1743,17.4925327835,78.4119493996,493.559173584,227.12,8.78
116.2615,1744,17.4925294453,78.4119458048,493.587158203,225.81,4.03
116.3265,1745,17.4925277645,78.4119440757,493.586090088,229.55,4.45
116.3901,1746,17.4925260686,78.4119420863,493.599395752,227.15,8.4
116.455,1747,17.4925226504,78.4119384009,493.611419678,225.1,3.95
116.5242,1748,17.4925208731,78.4119366175,493.624847412,229.31,4.09
116.5929,1749,17.4925191817,78.4119346506,493.624694824,227.68,8.63
116.6576,1750,17.4925157106,78.4119308391,493.638519287,226.61,4.61
116.7191,1751,17.4925139133,78.411928938,493.653259277,229.29,4.03
116.7882,1752,17.4925122329,78.4119269851,493.654205322,227.7,8.34
116.8548,1753,17.4925087819,78.4119231926,493.6796875,227.67,4.1
116.9248,1754,17.4925070006,78.4119212367,493.677215576,228.87,4.36
116.987,1755,17.4925053512,78.4119193478,493.689849854,228.14,8.22
117.0538,1756,17.4925019695,78.4119155731,493.695587158,223.89,4.12
117.1227,1757,17.4925000874,78.4119137623,493.701416016,228.51,3.72
117.1928,1758,17.4924984914,78.4119119579,493.699462891,223.76,8.7
117.2554,1759,17.4924948722,78.4119084921,493.698120117,221.08,4.27
117.3226,1760,17.4924928879,78.4119067626,493.701965332,227.81,3.65
117.3914,1761,17.4924913332,78.4119050475,493.698150635,225.8,7.85
117.4565,1762,17.4924880505,78.4119016715,493.712615967,222.8,3.67
117.5261,1763,17.4924863301,78.4119000783,493.698791504,227.36,3.72
117.5903,1764,17.4924848355,78.4118984554,493.709686279,225.78,7.21
117.6581,1765,17.4924816941,78.4118952276,493.709136963,226.73,4.19
117.7199,1766,17.4924800559,78.4118934871,493.711883545,227.04,3.39
117.7873,1767,17.4924786207,78.4118919458,493.707824707,228.0,6.66
117.857,1768,17.4924757521,78.4118887601,493.705963135,229.66,3.4
117.9232,1769,17.4924744067,78.411887176,493.703979492,226.71,3.31
117.9887,1770,17.4924730341,78.4118857187,493.697937012,229.62,6.3
118.0537,1771,17.4924705821,78.4118828356,493.701324463,230.1,3.04
118.1229,1772,17.4924693351,78.4118813442,493.682617188,227.03,2.77
118.1978,1773,17.4924680286,78.4118799416,493.692871094,226.31,6.69
118.2594,1774,17.4924654053,78.4118771957,493.686584473,226.24,3.06
118.3249,1775,17.4924641285,78.4118758624,493.6902771,226.24,3.07
118.3899,1776,17.4924628563,78.4118745341,493.685394287,227.31,5.66
118.4587,1777,17.4924604202,78.4118718935,493.678070068,226.57,2.61
118.5243,1778,17.4924593341,78.4118707461,493.679260254,225.42,3.05
118.5871,1779,17.492458097,78.4118694907,493.671936035,226.6,5.55
118.652,1780,17.4924558162,78.4118670791,493.679840088,229.82,2.58
118.7193,1781,17.4924547824,78.4118658547,493.663238525,225.55,2.46
118.7919,1782,17.4924536285,78.4118646784,493.67086792,226.42,5.75
118.8541,1783,17.4924513566,78.4118622907,493.662689209,228.59,2.71
118.9193,1784,17.4924502769,78.4118610664,493.66027832,225.77,2.47
118.9909,1785,17.4924491419,78.4118599005,493.654296875,226.77,5.43
119.0566,1786,17.492446887,78.4118575016,493.645629883,228.88,2.64
119.1252,1787,17.4924457889,78.4118562435,493.643615723,226.09,2.54
119.193,1788,17.4924446902,78.4118551022,493.636260986,226.75,5.15
119.2595,1789,17.4924425246,78.4118527999,493.643463135,228.85,2.67
119.3242,1790,17.4924414734,78.4118515972,493.631866455,226.59,2.68
119.3864,1791,17.4924404176,78.4118504811,493.63760376,226.6,4.81
119.4541,1792,17.4924383566,78.4118483019,493.63470459,230.37,2.27
119.5258,1793,17.4924373966,78.4118471429,493.638366699,227.56,2.34
119.5935,1794,17.4924364103,78.4118460642,493.629577637,229.04,4.62
119.6601,1795,17.4924345455,78.4118439159,493.620635986,233.69,2.51
119.7189,1796,17.4924337346,78.4118428123,493.617126465,229.1,2.33
119.7861,1797,17.4924327886,78.4118417202,493.608703613,231.16,4.19
119.8575,1798,17.4924310511,78.4118395625,493.615783691,230.77,2.22
119.9265,1799,17.4924301545,78.4118384642,493.609680176,231.42,2.33
119.9927,1800,17.4924292658,78.4118373501,493.614349365,232.63,5.27
120.0519,1801,17.4924275103,78.4118350518,493.612762451,231.08,2.26
120.1229,1802,17.4924265778,78.4118338971,493.618011475,233.67,2.25
120.1907,1803,17.4924257391,78.4118327567,493.610687256,235.75,4.31
120.2598,1804,17.4924241813,78.4118304691,493.606811523,238.63,2.08
120.3252,1805,17.4924235219,78.4118293877,493.620819092,237.6,2.3
120.391,1806,17.4924227662,78.411828197,493.610656738,244.33,4.77
120.454,1807,17.4924215489,78.4118256638,493.628173828,241.38,2.19
120.5217,1808,17.4924208862,78.4118244492,493.630065918,241.91,2.18
120.5911,1809,17.4924202215,78.4118232036,493.631622314,245.08,4.18
120.6547,1810,17.4924191725,78.4118209463,493.638000488,250.01,2.0
120.7191,1811,17.4924187596,78.411819811,493.646728516,246.45,2.23
120.7857,1812,17.4924182033,78.4118185345,493.636779785,249.5,3.89
120.8576,1813,17.4924172858,78.4118160805,493.637939453,251.42,2.13
120.9213,1814,17.4924168807,78.4118148753,493.650512695,251.02,2.18
120.9896,1815,17.4924164254,78.4118135518,493.641265869,254.73,4.12
121.0562,1816,17.4924157468,78.4118110653,493.660430908,256.9,2.06
121.1202,1817,17.4924154651,78.4118098545,493.662078857,255.39,2.14
121.1903,1818,17.4924151099,78.4118084922,493.665863037,269.7,1.92
121.259,1819,17.4924151034,78.4118072484,493.668487549,261.88,4.18
121.3262,1820,17.4924147295,78.4118046284,493.682891846,260.44,2.55
121.3852,1821,17.4924144944,78.4118032329,493.675292969,264.82,4.06
121.4553,1822,17.492414252,78.4118005603,493.67980957,268.23,2.22
121.5202,1823,17.4924142099,78.4117992011,493.691223145,265.31,2.21
121.5885,1824,17.4924140935,78.4117977818,493.683959961,268.51,4.47
121.6531,1825,17.4924140225,78.4117950581,493.703521729,271.76,2.27
121.7199,1826,17.4924140664,78.4117936294,493.705047607,269.74,2.05
121.7918,1827,17.49241406,78.4117922407,493.711273193,272.86,4.71
121.8556,1828,17.4924142017,78.411789409,493.717346191,276.34,2.37
121.9192,1829,17.492414359,78.4117879941,493.731079102,274.14,2.14
121.9862,1830,17.4924144568,78.4117866439,493.722717285,276.58,3.94
122.0583,1831,17.4924147642,78.4117839801,493.72845459,281.1,2.36
122.1218,1832,17.4924150359,78.411782595,493.745025635,278.74,1.93
122.1944,1833,17.4924152368,78.4117812887,493.739349365,283.53,4.58
122.2565,1834,17.4924158629,78.4117786866,493.768554688,286.65,1.81
122.3275,1835,17.4924162097,78.411777527,493.776397705,282.94,2.33
122.3875,1836,17.4924165045,78.4117762442,493.78314209,290.34,3.79
122.4588,1837,17.4924173846,78.4117738695,493.787353516,289.4,2.0
122.5203,1838,17.4924177685,78.4117727791,493.790893555,286.99,1.97
122.5899,1839,17.492418144,78.4117715501,493.783966064,289.85,4.35
122.6525,1840,17.4924190111,78.4117691479,493.789489746,296.98,2.06
122.7193,1841,17.4924195952,78.4117680005,493.800079346,288.64,2.01
122.7878,1842,17.4924200079,78.4117667768,493.795043945,294.8,3.84
122.8573,1843,17.4924210546,78.411764512,493.81048584,296.01,2.03
122.9209,1844,17.492421585,78.411763425,493.801483154,294.31,1.97
122.9888,1845,17.4924221007,78.4117622833,493.810821533,294.71,3.95
123.0541,1846,17.492423109,78.4117600925,493.808990479,293.59,1.89
123.1207,1847,17.4924235801,78.4117590139,493.806732178,296.72,1.94
123.1882,1848,17.4924241307,78.4117579199,493.802032471,309.02,1.77
123.2567,1849,17.4924248387,78.4117570462,493.798309326,300.35,4.23
123.3197,1850,17.4924260946,78.4117549015,493.806060791,300.08,1.99
123.3852,1851,17.4924267037,78.4117538497,493.794586182,299.3,3.65
123.4566,1852,17.4924278945,78.411751728,493.812957764,303.02,1.83
123.5243,1853,17.4924285227,78.4117507615,493.813140869,301.01,2.19
123.5896,1854,17.4924292098,78.4117496185,493.816375732,304.02,4.31
123.6537,1855,17.4924306444,78.4117474933,493.82434082,312.73,1.83
123.7188,1856,17.4924313916,78.4117466845,493.824798584,303.11,2.21
123.7868,1857,17.4924321554,78.4117455133,493.820953369,307.91,4.5
123.8538,1858,17.4924338722,78.4117433089,493.814666748,307.8,2.08
123.9194,1859,17.4924346486,78.411742308,493.81942749,305.23,2.48
123.986,1860,17.4924355341,78.4117410542,493.812316895,319.52,4.62
124.055,1861,17.4924377561,78.4117391575,493.827972412,334.23,2.15
124.1271,1862,17.492439024,78.4117385454,493.82723999,308.18,2.43
124.1984,1863,17.4924400153,78.4117372846,493.831817627,318.63,5.14
124.2623,1864,17.4924422799,78.4117352905,493.835235596,319.52,2.69
124.3244,1865,17.492443446,78.4117342952,493.844329834,310.05,2.86
124.3901,1866,17.4924445624,78.4117329671,493.837371826,319.25,2.52
124.4574,1867,17.4924457392,78.4117319531,493.847412109,312.99,5.89
124.5201,1868,17.4924480623,78.4117294606,493.849945068,311.57,3.06
124.5851,1869,17.4924492798,78.4117280879,493.844207764,312.68,5.77
124.653,1870,17.4924517322,78.4117254285,493.857818604,311.56,2.87
124.7184,1871,17.4924528816,78.4117241321,493.856079102,312.26,3.05
124.7867,1872,17.492454174,78.41172271,493.860748291,312.47,5.86
124.8572,1873,17.492456749,78.4117198974,493.864868164,313.02,3.35
124.9201,1874,17.4924580762,78.4117184751,493.869445801,313.3,3.31
124.9857,1875,17.4924594512,78.4117170162,493.861755371,313.62,6.35
125.0553,1876,17.4924622638,78.4117140649,493.859588623,313.9,3.22
125.1253,1877,17.4924637028,78.4117125697,493.864257812,314.09,3.24
125.1955,1878,17.4924651628,78.4117110625,493.857971191,315.25,6.34
125.2687,1879,17.4924681979,78.4117080537,493.874969482,319.88,4.04
125.3279,1880,17.4924698773,78.4117066387,493.874969482,314.56,4.15
125.3855,1881,17.4924714223,78.4117050697,493.879638672,316.85,6.71
125.458,1882,17.4924746868,78.4117020091,493.886505127,311.59,3.82
125.5236,1883,17.4924762241,78.4117002769,493.898590088,314.32,3.91
125.5875,1884,17.4924778337,78.4116986285,493.893005371,312.23,7.4
125.6524,1885,17.4924808129,78.4116953464,493.896942139,307.59,3.65
125.7188,1886,17.4924821822,78.4116935679,493.907928467,313.59,3.78
125.7875,1887,17.4924838308,78.4116918363,493.903625488,309.97,7.68
125.8542,1888,17.492486875,78.4116882045,493.9168396,307.26,3.9
125.9233,1889,17.4924883857,78.4116862184,493.913970947,312.96,4.19
125.9876,1890,17.4924900785,78.4116844008,493.918640137,309.57,8.26
126.0532,1891,17.4924932728,78.4116805356,493.921966553,306.96,3.86
126.12,1892,17.4924947094,78.4116786261,493.93170166,312.27,3.79
126.1936,1893,17.492496441,78.4116767214,493.927246094,311.05,4.66
126.2544,1894,17.4924981617,78.4116747453,493.934783936,311.21,7.98
126.3247,1895,17.4925015744,78.4116708483,493.939025879,312.15,4.79
126.3851,1896,17.4925033654,78.4116688694,493.93359375,310.19,7.8
126.4597,1897,17.4925068387,78.4116647575,493.950592041,312.31,4.34
126.526,1898,17.4925086279,78.4116627916,493.952697754,312.18,4.68
126.59,1899,17.4925104826,78.4116607448,493.958068848,311.52,9.18
126.6571,1900,17.4925142531,78.4116564867,493.965026855,312.6,5.02
126.7184,1901,17.4925161743,78.4116543971,493.97454834,312.47,4.2
126.7919,1902,17.4925180968,78.4116522971,493.970733643,312.57,9.41
126.8577,1903,17.4925219622,78.4116480893,493.977813721,315.28,4.97
126.9241,1904,17.4925241222,78.4116459504,493.990936279,312.95,5.1
126.986,1905,17.4925261052,78.4116438204,493.986938477,314.44,9.56
127.0525,1906,17.4925302065,78.4116396378,494.004730225,313.91,4.8
127.1209,1907,17.4925323032,78.4116374594,494.001739502,313.63,4.44
127.1924,1908,17.4925343237,78.4116353397,494.009521484,314.23,9.46
127.2599,1909,17.4925384265,78.4116311247,494.012939453,312.04,5.03
127.3238,1910,17.4925404148,78.4116289199,494.021850586,313.89,5.02
127.3877,1911,17.4925424662,78.4116267874,494.019714355,313.6,9.77
127.4536,1912,17.4925465603,78.4116224876,494.025848389,314.9,4.36
127.5272,1913,17.4925486464,78.4116203939,494.029937744,313.87,4.42
127.6006,1914,17.492550718,78.4116182387,494.027313232,314.84,11.13
127.6603,1915,17.4925550347,78.4116138977,494.039733887,314.25,5.73
127.7198,1916,17.4925572254,78.4116116489,494.035064697,313.67,4.81
127.7882,1917,17.4925593193,78.4116094555,494.041290283,315.19,9.65
127.8583,1918,17.4925637363,78.4116050678,494.043212891,316.37,5.3
127.9228,1919,17.4925660106,78.4116028999,494.045623779,313.56,5.2
127.9855,1920,17.4925680805,78.4116007236,494.040863037,314.56,9.38
128.0573,1921,17.4925724339,78.4115963033,494.037017822,318.71,4.85
128.1251,1922,17.4925747036,78.4115943101,494.043823242,313.24,4.7
128.1963,1923,17.492576816,78.411592064,494.038146973,316.09,9.95
128.2636,1924,17.4925812559,78.4115877892,494.047943115,318.55,5.9
128.321,1925,17.492583585,78.4115857322,494.049438477,313.16,4.83
128.3909,1926,17.4925857154,78.4115834606,494.054107666,315.79,10.81
128.4542,1927,17.4925902299,78.4115790688,494.061706543,313.78,4.88
128.5256,1928,17.4925924503,78.4115767514,494.072845459,313.07,4.87
128.5959,1929,17.4925946072,78.4115744444,494.068634033,314.66,10.85
128.66,1930,17.4925991097,78.4115698884,494.072723389,315.41,5.66
128.7194,1931,17.4926013141,78.4115677154,494.078826904,313.03,5.1
128.7874,1932,17.4926034984,78.4115653752,494.075531006,313.88,10.23
128.8564,1933,17.4926080091,78.4115606851,494.088897705,313.65,5.29
128.9225,1934,17.4926102357,78.4115583513,494.089447021,312.96,5.59
128.9854,1935,17.4926124477,78.4115559762,494.095672607,314.16,10.45
129.0528,1936,17.4926169692,78.41155132,494.102478027,312.72,4.74
129.1292,1937,17.4926192351,78.4115488665,494.108459473,313.13,5.56
129.1932,1938,17.4926214789,78.4115464711,494.106323242,312.5,10.98
129.2592,1939,17.4926259969,78.4115415402,494.11026001,311.48,4.86
129.3324,1940,17.4926281724,78.4115390798,494.117950439,313.23,6.4
129.3887,1941,17.4926304491,78.4115366578,494.114959717,312.79,10.95
129.4553,1942,17.4926350178,78.4115317222,494.131713867,312.11,4.94
129.5286,1943,17.4926372573,78.411529245,494.133270264,313.58,4.89
129.6033,1944,17.4926395783,78.4115268064,494.14074707,312.7,13.95
129.6566,1945,17.4926442308,78.4115217648,494.148925781,312.4,6.07
129.7187,1946,17.4926465771,78.4115191955,494.161560059,314.04,5.44
129.7868,1947,17.4926489496,78.4115167421,494.159759521,313.51,10.68
129.8569,1948,17.4926536995,78.411511738,494.169494629,313.85,5.88
129.9188,1949,17.4926560227,78.4115093195,494.180236816,314.47,5.41
129.9879,1950,17.4926584365,78.4115068606,494.178070068,314.33,11.76
130.0512,1951,17.4926632276,78.4115019564,494.192382812,314.72,5.21
130.1224,1952,17.492665631,78.4114995295,494.190490723,314.87,5.36
130.1929,1953,17.4926680838,78.4114970653,494.196716309,314.76,11.54
130.2582,1954,17.4926729693,78.4114921394,494.205078125,314.05,6.12
130.3208,1955,17.4926754247,78.4114896014,494.213500977,315.29,5.86
130.3859,1956,17.4926779221,78.4114871293,494.20993042,315.56,10.76
130.4568,1957,17.4926829354,78.4114822137,494.216644287,313.82,5.8
130.5242,1958,17.4926854315,78.4114796129,494.22644043,315.21,5.07
130.6002,1959,17.4926879477,78.4114771148,494.222839355,315.79,12.04
130.664,1960,17.4926930156,78.4114721844,494.241577148,315.85,7.24
130.7181,1961,17.4926956032,78.4114696722,494.244110107,315.04,5.72
130.7856,1962,17.4926981178,78.4114671615,494.25189209,315.43,11.4
130.8542,1963,17.4927032455,78.4114621097,494.258392334,314.32,6.07
130.92,1964,17.492705817,78.4114594766,494.260925293,314.61,5.74
130.9872,1965,17.4927083112,78.4114569482,494.261352539,314.96,11.76
131.0531,1966,17.4927133524,78.4114518999,494.26171875,313.25,5.7
131.1223,1967,17.4927158427,78.4114492525,494.26651001,314.14,5.65
131.1906,1968,17.4927183185,78.4114467009,494.264678955,314.05,12.05
131.255,1969,17.4927232896,78.4114415619,494.276733398,315.6,5.69
131.3235,1970,17.492725854,78.4114390503,494.268554688,313.41,5.77
131.3904,1971,17.4927283002,78.4114364645,494.275146484,314.2,11.32
131.4599,1972,17.4927333551,78.4114312661,494.27432251,314.91,5.85
131.529,1973,17.4927359827,78.4114286304,494.282073975,313.1,6.23
131.5914,1974,17.4927384309,78.4114260138,494.279602051,317.48,6.3
131.6548,1975,17.4927411358,78.4114235335,494.289581299,315.41,12.2
131.7194,1976,17.4927463005,78.4114184421,494.296173096,312.99,5.92
131.7853,1977,17.4927487525,78.4114158119,494.295379639,314.01,11.9
131.8512,1978,17.492753775,78.4114106136,494.312561035,313.06,5.78
131.9189,1979,17.4927562381,78.4114079782,494.311798096,312.56,5.52
131.9896,1980,17.492758674,78.4114053254,494.319580078,313.58,11.64
132.057,1981,17.4927636589,78.4114000876,494.324157715,312.45,5.91
132.1238,1982,17.4927661197,78.4113973974,494.327606201,312.08,6.24
132.1864,1983,17.4927685374,78.4113947202,494.326507568,312.16,11.53
132.2547,1984,17.4927734155,78.4113893323,494.328826904,312.13,6.13
132.3201,1985,17.4927758987,78.411386587,494.331817627,311.7,5.93
132.3862,1986,17.4927783057,78.4113838859,494.330963135,311.62,11.91
132.4526,1987,17.4927831559,78.4113784269,494.34362793,313.74,5.9
132.5203,1988,17.4927857025,78.4113757656,494.33972168,311.6,5.63
132.5887,1989,17.4927880636,78.4113731066,494.346008301,313.1,6.18
132.6534,1990,17.4927905817,78.4113704159,494.343841553,313.52,11.99
132.7189,1991,17.4927955676,78.4113651661,494.355010986,311.78,6.05
132.7839,1992,17.4927979847,78.4113624604,494.35269165,312.87,11.2
132.8545,1993,17.4928029458,78.4113571166,494.352264404,314.83,5.83
132.922,1994,17.4928055019,78.4113545454,494.356628418,312.03,6.13
132.9862,1995,17.4928079341,78.4113518472,494.354858398,311.93,11.17
133.0572,1996,17.4928128278,78.4113463987,494.371765137,312.06,5.84
133.1247,1997,17.4928152647,78.4113436983,494.378540039,312.1,5.32
133.1988,1998,17.4928177048,78.4113409975,494.38458252,311.86,14.04
133.2553,1999,17.4928225935,78.4113355421,494.393768311,312.7,5.79
133.3232,2000,17.492825055,78.4113328749,494.402404785,312.12,5.52
133.3948,2001,17.4928275004,78.4113301703,494.400543213,311.91,12.31
133.4587,2002,17.4928323519,78.4113247648,494.405731201,312.79,6.57
133.5204,2003,17.4928348929,78.4113220202,494.412384033,312.12,6.07
133.5855,2004,17.4928373409,78.4113193129,494.411010742,312.06,5.89
133.6533,2005,17.4928398108,78.4113165751,494.415588379,312.4,11.28
133.7235,2006,17.4928447391,78.4113111787,494.416870117,312.09,6.41
133.7853,2007,17.4928471885,78.4113084669,494.42175293,311.86,11.26
133.8558,2008,17.4928520779,78.4113030094,494.426422119,311.75,5.97
133.9221,2009,17.4928545108,78.4113002833,494.434906006,312.13,5.97
133.9884,2010,17.4928569636,78.4112975718,494.432159424,311.58,12.49
134.0522,2011,17.4928618465,78.4112920674,494.438049316,312.32,5.43
134.1233,2012,17.4928642466,78.4112894316,494.445068359,312.2,5.78
134.1919,2013,17.4928667042,78.4112867216,494.441925049,312.63,12.56
134.2546,2014,17.4928716234,78.411281377,494.453430176,312.68,5.69
134.3235,2015,17.4928740768,78.411278716,494.454406738,312.24,5.66
134.3935,2016,17.4928765348,78.4112760087,494.460632324,311.99,12.32
134.4576,2017,17.4928814123,78.411270589,494.469116211,311.89,6.05
134.5225,2018,17.4928838315,78.4112678916,494.476318359,312.26,5.94
134.5891,2019,17.4928862874,78.4112651884,494.473754883,312.89,12.03
134.6549,2020,17.4928912575,78.4112598373,494.477416992,312.15,5.95
134.7209,2021,17.492893692,78.411257148,494.483551025,312.4,5.71
134.7901,2022,17.4928961509,78.4112544551,494.483306885,312.26,13.03
134.8509,2023,17.4929010686,78.4112490426,494.494659424,312.45,5.83
134.9186,2024,17.4929035277,78.4112463542,494.491851807,312.52,5.7
134.9879,2025,17.4929059925,78.4112436666,494.498077393,312.82,11.45
135.057,2026,17.492910954,78.411238312,494.503997803,312.17,5.93
135.123,2027,17.4929133806,78.4112356328,494.511016846,312.59,5.78
135.1913,2028,17.4929158456,78.4112329513,494.50994873,312.17,12.77
135.2538,2029,17.4929207909,78.4112274923,494.515594482,314.09,5.98
135.3207,2030,17.4929233554,78.4112248452,494.523254395,312.69,5.66
135.3905,2031,17.4929258274,78.4112221658,494.521453857,312.91,11.38
135.4602,2032,17.4929308107,78.4112168052,494.539367676,313.31,5.93
135.5274,2033,17.4929333307,78.4112141323,494.541107178,312.81,6.79
135.5856,2034,17.4929358078,78.4112114585,494.548736572,312.43,11.63
135.6534,2035,17.4929407153,78.4112060906,494.55368042,312.91,6.15
135.7192,2036,17.492943257,78.4112033567,494.561798096,312.93,5.95
135.7856,2037,17.4929457409,78.4112006868,494.561767578,313.85,11.87
135.8515,2038,17.4929507375,78.411195486,494.569519043,313.54,5.79
135.9175,2039,17.492953164,78.4111929325,494.580108643,313.11,5.64
135.9874,2040,17.4929556487,78.4111902783,494.57989502,313.8,11.67
136.0545,2041,17.4929606454,78.4111850679,494.599578857,313.89,5.52
136.1249,2042,17.492963127,78.4111824885,494.59954834,313.3,5.96
136.1908,2043,17.492965611,78.4111798528,494.608886719,313.59,12.34
136.2542,2044,17.4929705836,78.4111746293,494.616363525,313.35,5.74
136.3231,2045,17.4929730886,78.4111719753,494.618988037,313.39,5.71
136.3918,2046,17.4929755712,78.411169349,494.618499756,313.66,11.1
136.4615,2047,17.4929804965,78.4111641882,494.620239258,313.39,6.05
136.5271,2048,17.4929830106,78.4111615285,494.625579834,313.58,6.46
136.5878,2049,17.4929855023,78.4111589097,494.624053955,313.88,11.94
136.6543,2050,17.4929905763,78.4111536334,494.635528564,314.44,6.12
136.7196,2051,17.4929931562,78.411151003,494.632202148,313.89,5.5
136.7912,2052,17.4929956703,78.4111483891,494.638000488,314.35,12.18
136.8564,2053,17.4930007838,78.4111431574,494.639099121,314.4,6.54
136.9172,2054,17.4930033456,78.4111405417,494.645751953,314.25,5.76
136.9857,2055,17.4930058837,78.4111379366,494.642700195,314.09,10.92
137.0581,2056,17.4930109518,78.4111327058,494.646179199,314.3,5.93
137.1262,2057,17.4930135486,78.4111300448,494.654052734,314.29,5.76
137.1936,2058,17.4930160444,78.4111274862,494.651092529,313.78,13.46
137.2522,2059,17.4930210759,78.4111222354,494.661621094,315.52,5.61
137.3224,2060,17.4930236645,78.4111196938,494.656616211,314.01,5.74
137.3913,2061,17.4930261983,78.411117071,494.6612854,314.32,10.45
137.4684,2062,17.4930313828,78.4111117615,494.664550781,315.09,7.71
137.522,2063,17.4930340793,78.4111090739,494.666229248,313.81,6.01
137.588,2064,17.4930366104,78.4111064353,494.66583252,314.04,6.24
137.6549,2065,17.4930392854,78.4111036691,494.669494629,314.46,12.41
137.72,2066,17.4930444997,78.4110983563,494.672149658,313.89,6.11
137.7852,2067,17.4930470435,78.4110957124,494.668945312,314.83,5.65
137.8565,2068,17.49304966,78.4110930807,494.672546387,313.68,13.12
137.9175,2069,17.4930547543,78.4110877463,494.673065186,313.78,6.02
137.9838,2070,17.4930572993,78.4110850905,494.677734375,312.31,11.14
138.0569,2071,17.49306236,78.4110795314,494.678344727,312.77,6.4
138.1209,2072,17.4930649257,78.4110767574,494.681091309,313.57,5.88
138.189,2073,17.4930674685,78.4110740843,494.679290771,311.5,12.64
138.2529,2074,17.4930724127,78.4110684967,494.680358887,313.06,5.78
138.3212,2075,17.4930748997,78.4110658351,494.685821533,313.43,5.6
138.3927,2076,17.4930774367,78.4110631553,494.683532715,313.35,11.64
138.461,2077,17.4930824697,78.4110578233,494.694702148,315.18,5.67
138.5273,2078,17.4930849233,78.4110553852,494.691589355,313.44,6.39
138.5897,2079,17.4930874532,78.4110527141,494.696258545,313.98,11.82
138.6555,2080,17.4930924324,78.4110475546,494.697387695,314.78,5.64
138.7229,2081,17.4930948973,78.4110450708,494.694488525,313.52,5.92
138.79,2082,17.4930974192,78.4110424148,494.693084717,313.45,12.74
138.8515,2083,17.4931023857,78.4110371725,494.686828613,314.14,5.99
138.9174,2084,17.4931049189,78.411034562,494.681640625,313.38,5.42
138.9905,2085,17.4931074292,78.411031906,494.681884766,313.34,12.37
139.0543,2086,17.4931124243,78.4110266127,494.677062988,314.24,5.76
139.1233,2087,17.4931149782,78.4110239903,494.667572021,313.25,5.78
139.1919,2088,17.493117484,78.4110213263,494.669525146,313.62,12.51
139.255,2089,17.493122505,78.4110160582,494.667327881,312.75,6.15
139.3203,2090,17.4931250212,78.4110133361,494.668670654,313.05,5.66
139.3904,2091,17.4931275208,78.4110106604,494.664581299,313.97,6.42
139.4521,2092,17.4931300566,78.4110080316,494.664154053,314.22,11.59
139.5196,2093,17.4931350844,78.4110028647,494.657562256,312.92,6.16
139.584,2094,17.4931375765,78.4110001844,494.653533936,313.94,11.2
139.6562,2095,17.4931427464,78.4109948199,494.65222168,315.65,5.79
139.723,2096,17.493145291,78.4109923321,494.642791748,312.97,6.29
139.7861,2097,17.4931477848,78.4109896546,494.644348145,315.02,5.85
139.8512,2098,17.4931502662,78.4109871751,494.632019043,313.96,11.88
139.917,2099,17.4931552663,78.4109819906,494.627746582,313.01,5.85
139.9846,2100,17.4931577534,78.4109793245,494.624603271,313.38,11.21
140.0549,2101,17.4931627446,78.4109740425,494.619598389,311.68,5.91
140.1226,2102,17.4931651998,78.4109712849,494.620269775,312.93,5.58
140.1935,2103,17.4931676839,78.4109686142,494.614349365,312.16,12.54
140.2564,2104,17.4931725698,78.4109632181,494.616912842,312.59,6.34
140.319,2105,17.4931750487,78.4109605214,494.604888916,312.79,5.83
140.3867,2106,17.4931775211,78.4109578504,494.606445312,312.98,10.94
140.4585,2107,17.4931824587,78.4109525521,494.591186523,314.82,5.54
140.5277,2108,17.4931849455,78.4109500498,494.586212158,312.87,6.58
140.5876,2109,17.4931874187,78.4109473857,494.58001709,313.01,11.9
140.6533,2110,17.4931923384,78.4109421123,494.573760986,313.93,5.67
140.7234,2111,17.4931948813,78.4109394722,494.577301025,312.91,6.16
140.7874,2112,17.4931973563,78.4109368098,494.571685791,313.42,12.46
140.8509,2113,17.4932023713,78.4109315094,494.574005127,311.53,5.9
140.9199,2114,17.4932048657,78.4109286926,494.569763184,312.99,5.51
140.99,2115,17.4932072962,78.4109260855,494.571289062,312.66,11.96
141.0555,2116,17.4932121927,78.4109207713,494.566192627,311.97,5.32
141.1283,2117,17.493214584,78.4109181124,494.565155029,313.21,6.37
141.19,2118,17.4932170658,78.4109154702,494.559875488,312.38,12.33
141.2532,2119,17.4932219144,78.4109101571,494.55480957,311.22,6.02
141.3192,2120,17.4932243345,78.4109073949,494.554779053,313.53,5.49
141.3908,2121,17.4932268286,78.4109047694,494.549560547,311.24,11.88
141.4587,2122,17.4932317388,78.4108991685,494.55166626,308.6,6.02
141.524,2123,17.493234009,78.4108963242,494.557342529,313.45,5.92
141.5905,2124,17.4932365047,78.41089369,494.558258057,311.1,11.77
141.6564,2125,17.4932412147,78.410888291,494.564819336,310.32,5.7
141.7262,2126,17.4932435963,78.4108854851,494.569488525,313.27,6.33
141.7869,2127,17.4932460234,78.4108829068,494.569580078,311.6,12.53
141.8503,2128,17.4932508935,78.410877422,494.568572998,308.32,6.31
141.917,2129,17.4932533107,78.4108743639,494.564575195,313.28,5.42
141.9892,2130,17.4932557855,78.410871736,494.565185547,310.6,12.13
142.0562,2131,17.493260675,78.4108660313,494.56350708,309.67,6.01
142.1264,2132,17.4932631673,78.4108630264,494.551849365,313.12,5.48
142.1979,2133,17.4932656377,78.4108603883,494.558013916,312.7,12.98
142.2593,2134,17.4932706237,78.4108549842,494.554138184,314.49,6.79
142.3172,2135,17.4932731616,78.4108524007,494.54888916,313.42,5.65
142.3865,2136,17.4932756419,78.4108497794,494.551147461,315.66,10.93
142.4587,2137,17.4932808345,78.4108447059,494.549682617,320.63,6.06
142.5232,2138,17.4932836034,78.4108424343,494.550384521,313.9,6.25
142.5858,2139,17.4932861037,78.4108398357,494.549926758,316.45,11.65
142.6522,2140,17.4932912606,78.410834934,494.556945801,317.61,5.45
142.7228,2141,17.4932938711,78.4108325509,494.552825928,314.36,5.95
142.7884,2142,17.4932963864,78.4108299784,494.554412842,317.8,5.97
142.8536,2143,17.4932990363,78.4108275753,494.550628662,316.33,11.67
142.9202,2144,17.4933042099,78.4108226373,494.552642822,314.47,6.11
142.9843,2145,17.4933067393,78.4108200611,494.54800415,316.85,11.86
143.0506,2146,17.4933120129,78.4108151178,494.547790527,329.95,5.55
143.1224,2147,17.493315155,78.4108133004,494.564178467,314.87,5.71
143.1912,2148,17.4933177091,78.4108107343,494.561096191,321.82,12.05
143.2564,2149,17.493323367,78.4108062857,494.577270508,326.17,6.22
143.3194,2150,17.4933263393,78.410804294,494.589172363,315.3,5.67
143.3889,2151,17.4933289178,78.4108017427,494.587615967,317.41,10.67
143.4629,2152,17.4933342591,78.4107968335,494.592132568,318.23,5.94
143.5295,2153,17.4933369701,78.4107944118,494.599487305,315.24,6.88
143.5869,2154,17.4933395532,78.4107918505,494.595214844,316.31,12.07
143.6528,2155,17.4933448415,78.4107867981,494.597351074,317.54,5.44
143.7266,2156,17.4933475609,78.4107843099,494.605499268,315.14,6.51
143.7873,2157,17.4933501416,78.4107817415,494.60043335,316.28,11.87
143.8541,2158,17.4933554147,78.4107766995,494.608642578,318.52,6.19
143.9185,2159,17.4933581582,78.4107742738,494.61807251,315.09,5.89
143.9856,2160,17.4933607348,78.4107717053,494.617858887,317.13,11.79
144.0526,2161,17.4933660547,78.4107667661,494.634246826,321.14,5.66
144.1251,2162,17.4933689833,78.4107644063,494.658599854,315.17,6.07
144.1901,2163,17.4933715605,78.4107618447,494.656707764,319.57,12.13
144.2563,2164,17.4933771678,78.4107570669,494.683197021,325.09,6.84
144.3187,2165,17.4933803653,78.4107548357,494.714874268,315.52,5.62
144.3888,2166,17.4933829535,78.4107522944,494.715057373,321.07,11.81
144.4582,2167,17.493388794,78.4107475761,494.753662109,323.16,5.7
144.5284,2168,17.4933917255,78.4107453798,494.785705566,315.87,6.24
144.5913,2169,17.4933943167,78.4107428663,494.790374756,315.2,12.08
144.6564,2170,17.4933994525,78.4107377657,494.827331543,313.96,5.72
144.7243,2171,17.4934019366,78.41073519,494.861663818,315.65,5.86
144.7906,2172,17.4934044932,78.4107326908,494.860412598,314.13,11.84
144.8544,2173,17.4934093404,78.4107276935,494.891967773,311.16,6.1
144.9189,2174,17.4934117315,78.4107249586,494.926574707,315.3,5.42
144.9898,2175,17.4934142471,78.4107224696,494.925994873,312.77,12.2
145.0542,2176,17.4934191705,78.410717148,494.967315674,309.12,5.67
145.1234,2177,17.493421461,78.4107143318,494.996948242,314.92,5.31
145.1948,2178,17.4934239287,78.4107118574,495.003173828,313.18,11.79
145.2597,2179,17.4934287578,78.4107067117,495.040313721,316.61,6.81
145.3183,2180,17.4934314263,78.4107041893,495.081359863,314.8,5.54
145.3859,2181,17.4934338562,78.4107017423,495.080352783,316.83,10.63
145.4595,2182,17.4934391018,78.4106968217,495.118438721,317.49,6.18
145.523,2183,17.4934417589,78.4106943861,495.154174805,315.07,5.34
145.5907,2184,17.4934441157,78.4106920354,495.152587891,315.76,11.53
145.6564,2185,17.4934491112,78.4106871704,495.197479248,317.12,4.89
145.7321,2186,17.4934516029,78.4106848562,495.217956543,315.18,5.92
145.7933,2187,17.4934539685,78.4106825058,495.229034424,314.68,11.4
145.8577,2188,17.4934587214,78.4106776988,495.261383057,312.28,6.12
145.9194,2189,17.493461067,78.4106751192,495.29510498,315.16,5.37
145.9855,2190,17.4934633842,78.4106728147,495.296203613,312.25,4.91
146.06,2191,17.4934656528,78.410670317,495.326477051,313.23,11.14
146.1232,2192,17.4934700992,78.4106655876,495.354003906,315.05,5.56
146.1847,2193,17.4934723281,78.4106633629,495.353179932,313.56,5.16
146.2517,2194,17.4934745226,78.4106610551,495.376922607,314.77,10.02
146.3174,2195,17.4934787902,78.4106567526,495.398376465,315.12,4.82
146.3852,2196,17.493480922,78.4106546299,495.410827637,314.63,4.82
146.459,2197,17.493483226,78.410652296,495.422821045,315.25,9.93
146.5243,2198,17.4934874646,78.4106480944,495.461791992,315.32,5.22
146.5844,2199,17.4934895161,78.4106460655,495.46005249,312.33,4.95
146.6542,2200,17.4934916633,78.410643708,495.485687256,312.98,10.34
146.7184,2201,17.4934958356,78.41063923,495.512176514,315.05,4.57
146.7851,2202,17.493497824,78.4106372452,495.510284424,313.79,9.34
146.851,2203,17.4935017489,78.4106331506,495.549163818,314.48,4.4
146.9213,2204,17.493503744,78.4106311192,495.557830811,315.09,4.56
146.9865,2205,17.4935056842,78.4106291851,495.571838379,314.79,8.61
147.0556,2206,17.4935095463,78.4106252949,495.597808838,318.61,4.23
147.1222,2207,17.4935114866,78.4106235849,495.629119873,315.07,4.26
147.1903,2208,17.4935133755,78.4106217004,495.626922607,316.39,8.8
147.2561,2209,17.493517231,78.410618027,495.656707764,317.66,4.64
147.3176,2210,17.4935191688,78.4106162615,495.687225342,0.0,0.0
