timestamp,image_idx,lat,lon,altitude,heading,speed
0.0,0,17.4963986521,78.4156927533,483.576812744,232.79,0.5
0.0647,1,17.4963984706,78.4156925143,483.57913208,227.01,1.28
0.1317,2,17.4963979292,78.4156919335,483.584533691,219.24,0.75
0.1984,3,17.4963975728,78.4156916424,483.5859375,257.49,0.77
0.265,4,17.4963974683,78.4156911714,483.585571289,227.47,1.9
0.3308,5,17.4963966888,78.4156903217,483.5831604,221.26,1.09
0.3974,6,17.49639619,78.4156898841,483.584716797,235.26,1.1
0.4657,7,17.4963957927,78.4156893111,483.579406738,228.2,2.33
0.5347,8,17.496394805,78.4156882065,483.570922852,222.23,1.32
0.5991,9,17.4963942268,78.4156876817,483.574035645,234.75,1.48
0.6663,10,17.4963936956,78.4156869301,483.56350708,228.75,2.78
0.7359,11,17.4963925186,78.4156855878,483.562805176,224.95,1.48
0.8005,12,17.4963918943,78.4156849646,483.56552124,228.87,1.59
0.8643,13,17.4963912774,78.4156842583,483.564239502,224.25,2.8
0.9347,14,17.4963899801,78.4156829945,483.560150146,224.93,1.47
1.0025,15,17.4963893305,78.4156823464,483.561706543,226.3,1.75
1.0649,16,17.4963886364,78.41568162,483.557403564,222.73,2.91
1.1346,17,17.4963872694,78.4156803571,483.560577393,224.74,1.55
1.1996,18,17.4963866119,78.4156797056,483.560577393,224.5,1.48
1.265,19,17.4963859764,78.4156790812,483.559814453,223.64,3.27
1.3317,20,17.4963845255,78.4156776978,483.565704346,222.94,1.69
1.3974,21,17.4963837796,78.4156770036,483.565460205,222.44,1.62
1.466,22,17.4963830238,78.4156763126,483.583251953,217.39,3.29
1.5319,23,17.4963814477,78.4156751079,483.604156494,220.93,1.82
1.5984,24,17.4963806092,78.4156743808,483.607269287,215.46,1.61
1.6659,25,17.4963797981,78.415673803,483.618804932,214.79,3.48
1.736,26,17.4963779678,78.4156725315,483.631622314,218.89,2.07
1.7992,27,17.4963770367,78.4156717805,483.638061523,213.03,1.88
1.8642,28,17.496376101,78.4156711721,483.63848877,217.97,4.12
1.9305,29,17.4963741315,78.4156696351,483.645599365,216.59,2.11
1.9977,30,17.496373088,78.4156688604,483.649291992,215.68,2.22
2.0641,31,17.4963719922,78.4156680736,483.660888672,212.8,4.44
2.1306,32,17.4963697303,78.4156666157,483.677978516,213.85,2.43
2.1977,33,17.4963684957,78.4156657878,483.699676514,214.3,2.31
2.2638,34,17.4963673428,78.4156650014,483.707244873,216.55,4.74
2.3309,35,17.4963650064,78.4156632696,483.726287842,212.98,2.35
2.3977,36,17.4963638041,78.4156624895,483.733825684,218.03,2.34
2.4662,37,17.4963626499,78.4156615867,483.740631104,211.77,5.09
2.5307,38,17.4963601049,78.4156600103,483.762939453,212.57,2.36
2.5992,39,17.4963588612,78.4156592157,483.767242432,210.68,2.53
2.6658,40,17.4963575396,78.4156584317,483.783782959,210.99,5.3
2.7304,41,17.4963548646,78.4156568249,483.808227539,210.51,2.45
2.7986,42,17.4963535555,78.4156560534,483.81463623,213.97,2.62
2.8653,43,17.496352231,78.415655161,483.840087891,211.37,5.25
2.9308,44,17.496349556,78.4156535301,483.87411499,210.12,2.38
3.0023,45,17.4963482159,78.4156527525,483.88885498,209.48,2.91
3.0652,46,17.4963467648,78.4156519321,483.911468506,209.81,5.11
3.1335,47,17.4963440103,78.4156503537,483.94354248,213.49,2.69
3.1975,48,17.4963426997,78.4156494865,483.961730957,209.63,2.66
3.2638,49,17.4963413035,78.4156486924,483.96786499,208.34,5.28
3.3315,50,17.4963384408,78.4156471486,483.984527588,209.26,2.73
3.3968,51,17.4963370262,78.415646356,483.991729736,209.87,2.7
3.4638,52,17.4963355969,78.4156455352,483.999603271,207.34,5.42
3.5307,53,17.4963326685,78.4156440214,484.021209717,208.2,2.68
3.597,54,17.4963312432,78.4156432572,484.038513184,208.77,5.12
3.6692,55,17.4963282945,78.415641638,484.032653809,208.19,2.75
3.7358,56,17.4963268263,78.415640851,484.045959473,208.13,2.79
3.8025,57,17.4963253361,78.4156400542,484.054779053,204.67,3.36
3.8644,58,17.4963236232,78.4156392675,484.061828613,208.97,5.99
3.9301,59,17.4963204934,78.4156375346,484.087432861,207.6,2.95
3.9971,60,17.4963189039,78.4156367036,484.09173584,206.25,5.63
4.0689,61,17.4963156102,78.4156350791,484.122711182,207.75,3.16
4.1335,62,17.49631397,78.4156342163,484.139373779,206.69,3.17
4.1991,63,17.4963122821,78.4156333677,484.150268555,210.24,3.17
4.2651,64,17.4963106347,78.4156324074,484.157165527,207.0,6.56
4.3301,65,17.4963071825,78.4156306486,484.17666626,206.91,3.31
4.3967,66,17.4963053992,78.4156297434,484.184814453,206.26,3.32
4.4646,67,17.4963035621,78.415628837,484.19732666,207.25,6.79
4.5307,68,17.4962999359,78.4156269691,484.218200684,206.87,3.43
4.5972,69,17.4962980897,78.4156260338,484.227539062,207.82,3.55
4.6639,70,17.496296189,78.4156250308,484.23840332,208.41,7.08
4.7303,71,17.4962924321,78.4156229988,484.259002686,206.9,3.48
4.7977,72,17.496290532,78.4156220349,484.269897461,206.43,3.7
4.865,73,17.496288509,78.4156210292,484.27911377,207.67,7.2
4.9313,74,17.496284665,78.4156190134,484.299346924,207.14,3.49
5.0005,75,17.4962827129,78.4156180129,484.308776855,206.16,3.78
5.0665,76,17.4962806821,78.4156170155,484.316650391,206.95,7.09
5.1362,77,17.4962766799,78.4156149806,484.335083008,207.19,3.69
5.2033,78,17.4962746786,78.4156139527,484.345977783,208.11,4.03
5.2673,79,17.4962726118,78.4156128488,484.34954834,207.79,7.67
5.3344,80,17.4962684737,78.415610668,484.363250732,207.7,3.85
5.4008,81,17.4962664148,78.4156095869,484.372589111,207.55,3.94
5.4676,82,17.4962642958,78.4156084813,484.379150391,209.21,8.27
5.5303,83,17.4962601815,78.4156061807,484.397918701,208.92,3.96
5.5967,84,17.4962580901,78.4156050254,484.405395508,209.55,3.86
5.6637,85,17.4962560445,78.4156038657,484.413604736,209.13,8.09
5.731,86,17.4962517198,78.4156014556,484.432373047,209.97,4.07
5.7973,87,17.4962495925,78.415600229,484.441711426,212.55,4.03
5.8645,88,17.4962475128,78.4155989013,484.450897217,211.09,8.05
5.9328,89,17.4962432258,78.4155963162,484.471801758,211.22,4.1
6.0002,90,17.4962410745,78.4155950124,484.482696533,210.76,4.14
6.0654,91,17.4962389608,78.4155937545,484.49029541,212.9,8.16
6.1333,92,17.4962347185,78.4155910103,484.509857178,210.24,4.3
6.1981,93,17.4962325276,78.4155897332,484.516906738,212.7,4.32
6.2635,94,17.4962303573,78.4155883398,484.527740479,213.75,8.62
6.33,95,17.4962260083,78.4155854342,484.54699707,213.33,4.3
6.3967,96,17.4962238211,78.415583996,484.557891846,212.47,4.13
6.4641,97,17.4962216793,78.4155826332,484.5652771,213.42,8.67
6.5306,98,17.4962172897,78.4155797364,484.583404541,214.19,4.38
6.5969,99,17.4962150959,78.4155782458,484.594299316,214.75,4.18
6.6654,100,17.496212949,78.4155767567,484.605316162,213.89,8.59
6.7319,101,17.4962086213,78.4155738493,484.627197266,214.84,4.31
6.7996,102,17.4962064337,78.4155723267,484.635894775,214.06,4.26
6.8676,103,17.496204244,78.4155708465,484.645751953,214.63,8.95
6.9332,104,17.4961998309,78.4155677983,484.664154053,215.08,4.66
6.9967,105,17.4961976202,78.4155662456,484.676605225,213.28,4.26
7.0686,106,17.4961952859,78.4155647134,484.681091309,214.18,9.58
7.1312,107,17.4961907592,78.4155616392,484.698242188,211.42,4.58
7.197,108,17.4961884165,78.4155602083,484.710662842,215.15,4.5
7.2643,109,17.4961861528,78.4155586144,484.719177246,214.56,9.28
7.3301,110,17.4961815612,78.4155554511,484.742736816,215.1,4.53
7.3976,111,17.4961792772,78.4155538458,484.752990723,214.28,4.55
7.4642,112,17.4961769912,78.4155522877,484.761993408,213.22,9.57
7.5296,113,17.4961722166,78.4155491615,484.775787354,215.34,4.75
7.5962,114,17.4961698605,78.4155474906,484.784637451,214.86,4.6
7.6635,115,17.4961675379,78.4155458729,484.794891357,214.68,9.35
7.73,116,17.4961628688,78.4155426426,484.816772461,214.74,4.67
7.7968,117,17.4961605289,78.4155410202,484.830718994,212.64,4.74
7.864,118,17.496158085,78.4155394548,484.834838867,215.95,9.49
7.9308,119,17.4961533946,78.4155360532,484.856323242,214.88,4.78
7.9969,120,17.4961510254,78.4155344015,484.867889404,217.99,4.52
8.0685,121,17.4961486899,78.4155325772,484.87210083,213.1,10.26
8.1303,122,17.4961438447,78.4155294181,484.878204346,217.4,4.63
8.1998,123,17.4961415058,78.4155276296,484.877593994,215.02,5.04
8.2637,124,17.4961390957,78.4155259407,484.887969971,215.3,9.75
8.3313,125,17.496134183,78.4155224617,484.902069092,215.04,4.95
8.3974,126,17.4961317348,78.4155207448,484.913085938,214.63,4.81
8.4636,127,17.4961293403,78.415519091,484.92288208,215.17,9.52
8.5328,128,17.4961244189,78.4155156236,484.946105957,215.13,5.2
8.5966,129,17.4961219415,78.4155138802,484.955627441,215.76,5.03
8.663,130,17.4961194668,78.4155120978,484.96081543,215.96,10.13
8.7296,131,17.4961144733,78.4155084755,484.969696045,215.26,5.03
8.7961,132,17.4961119764,78.4155067105,484.982147217,215.11,5.05
8.8632,133,17.4961094437,78.4155049296,484.979736328,215.72,9.62
8.9328,134,17.4961044776,78.4155013582,484.996002197,215.39,5.16
8.9979,135,17.4961019748,78.4154995801,485.005340576,214.67,4.97
9.0682,136,17.4960993513,78.4154977657,485.015106201,215.21,10.29
9.1342,137,17.4960942826,78.4154941893,485.031799316,218.4,4.85
9.2034,138,17.4960918722,78.4154922785,485.036315918,215.62,5.37
9.266,139,17.4960893733,78.415490488,485.047210693,214.62,10.54
9.33,140,17.4960843019,78.4154869867,485.060241699,215.57,4.85
9.3992,141,17.4960818085,78.4154852038,485.069580078,214.69,9.46
9.4714,142,17.4960766809,78.4154816545,485.084289551,213.25,5.24
9.5356,143,17.4960741138,78.4154799712,485.091094971,215.4,5.0
9.6026,144,17.4960716206,78.4154781995,485.10043335,213.56,9.95
9.6701,145,17.496066516,78.4154748128,485.118438721,215.21,5.05
9.7363,146,17.4960640222,78.4154730529,485.1277771,215.19,5.27
9.7985,147,17.4960615758,78.4154713275,485.134338379,215.11,4.92
9.8669,148,17.4960590615,78.4154695597,485.144866943,214.2,10.27
9.9324,149,17.4960539846,78.4154661098,485.165679932,214.97,4.77
10.0031,150,17.4960514581,78.4154643425,485.174072266,214.42,9.96
10.0714,151,17.4960463336,78.4154608315,485.192749023,213.26,5.18
10.1374,152,17.4960437231,78.4154591196,485.202423096,212.22,5.72
10.1966,153,17.4960411136,78.4154574752,485.213104248,214.17,9.46
10.2693,154,17.4960359187,78.4154539482,485.226043701,210.68,5.07
10.3343,155,17.4960333376,78.415452417,485.237731934,213.81,4.7
10.4065,156,17.4960307625,78.4154506923,485.242736816,210.22,5.71
10.4657,157,17.4960281043,78.4154491441,485.256011963,211.39,10.04
10.5347,158,17.4960227186,78.4154458579,485.278320312,213.01,5.26
10.6015,159,17.4960200286,78.4154441105,485.286102295,212.49,10.0
10.6707,160,17.4960147067,78.4154407215,485.314971924,212.64,5.43
10.7361,161,17.4960119786,78.4154389738,485.321868896,212.53,5.86
10.797,162,17.4960092354,78.4154372243,485.331085205,212.99,5.17
10.8648,163,17.4960065551,78.4154354842,485.345123291,212.37,10.8
10.9319,164,17.4960009756,78.4154319481,485.370635986,212.24,5.17
11.0007,165,17.4959982317,78.4154302172,485.377410889,219.5,5.0
11.067,166,17.495995885,78.4154282827,485.39239502,214.64,10.87
11.1311,167,17.4959906516,78.415424667,485.413909912,213.75,4.87
11.2022,168,17.4959880264,78.415422913,485.428283691,212.45,6.03
11.2627,169,17.4959852195,78.4154211284,485.437347412,211.98,10.72
11.3303,170,17.4959796197,78.4154176322,485.461517334,212.14,5.38
11.3987,171,17.4959767791,78.4154158472,485.472412109,210.07,5.74
11.4657,172,17.4959737517,78.4154140941,485.486053467,210.44,10.82
11.5348,173,17.4959678811,78.4154106444,485.513214111,211.47,5.82
11.5977,174,17.4959650376,78.4154089039,485.523040771,208.34,5.43
11.6682,175,17.4959619725,78.4154072505,485.538970947,208.56,12.09
11.7308,176,17.4959559296,78.4154039619,485.563110352,210.65,5.73
11.7967,177,17.4959529736,78.4154022104,485.575561523,210.45,5.67
11.8643,178,17.4959499648,78.4154004419,485.58493042,207.89,11.4
11.9324,179,17.4959437269,78.4153971403,485.609405518,210.15,5.68
11.9996,180,17.4959407249,78.4153953969,485.621856689,207.46,6.06
12.0654,181,17.4959375112,78.4153937265,485.636138916,209.3,11.74
12.1323,182,17.4959312786,78.4153902284,485.665863037,209.66,6.16
12.1972,183,17.4959281192,78.4153884289,485.676269531,209.78,5.56
12.2653,184,17.4959251278,78.4153867168,485.690002441,209.67,11.45
12.3344,185,17.4959188703,78.415383152,485.713287354,209.84,6.28
12.3962,186,17.4959158048,78.4153813933,485.727294922,211.75,5.82
12.4636,187,17.4959127658,78.4153795128,485.737609863,209.9,11.63
12.5308,188,17.4959066011,78.4153759678,485.760345459,210.05,5.68
12.5994,189,17.4959035311,78.4153741918,485.774353027,210.08,10.84
12.6737,190,17.495897186,78.4153705164,485.797088623,210.14,6.43
12.7346,191,17.4958941049,78.4153687277,485.811096191,210.21,6.34
12.7964,192,17.4958910248,78.4153669344,485.821289062,211.99,5.31
12.8685,193,17.4958880638,78.4153650849,485.827941895,210.54,11.94
12.9347,194,17.4958818646,78.4153614274,485.842956543,210.5,6.27
12.9973,195,17.4958787873,78.4153596144,485.856964111,208.52,5.8
13.0655,196,17.4958756252,78.4153578958,485.856384277,211.25,11.94
13.1319,197,17.495869449,78.4153541481,485.873596191,211.08,6.09
13.1981,198,17.4958663021,78.4153522511,485.885437012,210.72,5.71
13.2672,199,17.4958632138,78.4153504161,485.893005371,210.86,11.23
13.3381,200,17.4958569873,78.4153466956,485.917297363,211.98,6.53
13.3991,201,17.4958539058,78.4153447717,485.921905518,211.01,6.07
13.4629,202,17.4958508818,78.4153429538,485.934112549,211.89,11.69
13.531,203,17.4958447197,78.4153391201,485.950714111,212.14,5.63
13.6024,204,17.4958416157,78.4153371696,485.963165283,212.46,11.53
13.671,205,17.4958355312,78.4153332998,485.984558105,211.6,6.17
13.7352,206,17.4958324565,78.4153314086,485.994171143,211.68,5.85
13.8029,207,17.4958293836,78.4153295119,486.006622314,212.58,11.43
13.8725,208,17.4958232741,78.4153256072,486.027252197,214.47,6.28
13.9344,209,17.4958203475,78.4153235984,486.038696289,212.21,6.09
13.9994,210,17.4958172927,78.4153216743,486.048065186,214.72,5.66
14.0681,211,17.4958143715,78.4153196497,486.061828613,213.18,12.64
14.1308,212,17.495808319,78.4153156923,486.085968018,213.89,5.85
14.1982,213,17.4958053312,78.4153136853,486.099060059,212.9,5.97
14.2645,214,17.4958022982,78.4153117229,486.107513428,212.77,11.72
14.3324,215,17.4957961971,78.4153077955,486.131225586,213.08,6.07
14.3977,216,17.4957931672,78.4153058215,486.143676758,210.82,5.93
14.4644,217,17.4957900745,78.4153039766,486.156066895,212.5,10.71
14.5384,218,17.4957839812,78.4153000951,486.18258667,213.15,6.8
14.5965,219,17.495780963,78.4152981241,486.192718506,213.46,5.43
14.6673,220,17.4957780388,78.4152961916,486.19708252,214.08,11.95
14.7343,221,17.4957719832,78.4152920943,486.214691162,213.38,6.35
14.7964,222,17.4957689774,78.4152901142,486.227142334,212.63,5.8
14.8633,223,17.4957659961,78.4152882053,486.233612061,213.17,11.69
14.9307,224,17.4957599807,78.415284274,486.254882812,213.26,5.63
15.0004,225,17.4957569866,78.4152823101,486.267333984,214.4,6.34
15.0635,226,17.4957539747,78.4152802478,486.273620605,213.1,11.53
15.1312,227,17.4957480111,78.4152763606,486.292175293,211.63,5.67
15.2013,228,17.495744929,78.4152744625,486.295959473,213.11,6.05
15.2659,229,17.495741944,78.415272516,486.306854248,212.74,10.75
15.3377,230,17.4957360243,78.41526871,486.321929932,208.85,6.14
15.4015,231,17.4957329031,78.4152669909,486.328430176,211.46,11.24
15.4705,232,17.4957268777,78.4152633046,486.34463501,212.51,5.79
15.5375,233,17.4957238971,78.4152614051,486.351409912,212.17,5.75
15.606,234,17.49572086,78.4152594951,486.362579346,211.46,10.71
15.6778,235,17.4957148864,78.4152558399,486.377929688,212.29,6.23
15.7399,236,17.4957119059,78.4152539566,486.387268066,209.53,5.76
15.8059,237,17.4957088948,78.4152522509,486.390533447,211.94,6.24
15.8679,238,17.495705905,78.4152503872,486.399871826,212.03,11.83
15.9325,239,17.4957000006,78.4152466936,486.416046143,210.95,5.55
16.0009,240,17.495697036,78.4152449157,486.424468994,211.91,6.23
16.063,241,17.4956940407,78.4152430508,486.431335449,209.68,10.8
16.1342,242,17.4956879631,78.4152395868,486.443878174,207.23,6.09
16.1966,243,17.4956848953,78.415238008,486.447784424,209.49,10.19
16.272,244,17.4956788086,78.4152345663,486.458404541,211.08,5.98
16.3368,245,17.4956757835,78.4152327432,486.466186523,205.56,5.81
16.4046,246,17.495672556,78.4152311998,486.470062256,210.79,6.38
16.4655,247,17.4956695147,78.4152293877,486.477844238,208.51,11.69
16.5311,248,17.4956633877,78.4152260591,486.487335205,205.83,5.95
16.5973,249,17.4956601675,78.4152245005,486.491485596,210.61,5.72
16.6655,250,17.4956571107,78.4152226917,486.497589111,208.43,11.31
16.7345,251,17.49565087,78.4152193132,486.50869751,207.49,5.58
16.8016,252,17.4956478509,78.4152177424,486.516845703,210.73,5.84
16.8685,253,17.4956447928,78.4152159245,486.52243042,209.47,11.9
16.9354,254,17.4956384861,78.4152123603,486.5418396,209.81,5.23
17.0096,255,17.4956354196,78.4152106035,486.545532227,209.5,12.07
17.0734,256,17.4956293207,78.4152071534,486.555419922,211.71,6.31
17.1355,257,17.4956262833,78.4152052765,486.566314697,206.97,5.88
17.2035,258,17.4956230482,78.41520363,486.566650391,210.76,10.75
17.2749,259,17.4956170403,78.415200054,486.582244873,212.39,5.96
17.3408,260,17.4956140191,78.4151981375,486.588195801,211.53,5.9
17.4061,261,17.4956110272,78.4151963016,486.593994141,213.53,12.07
17.4703,262,17.4956051359,78.4151923973,486.6015625,213.57,4.99
17.5487,263,17.4956021603,78.4151904223,486.610961914,214.09,6.03
17.6095,264,17.4955993901,78.4151885474,486.604522705,215.46,11.85
17.6744,265,17.4955936655,78.4151844699,486.604858398,214.91,5.98
17.7398,266,17.4955907385,78.4151824271,486.612640381,212.23,5.9
17.8042,267,17.4955878067,78.4151805784,486.615509033,214.07,11.84
17.8713,268,17.4955818013,78.4151765166,486.631774902,215.86,6.41
17.9325,269,17.4955788951,78.415174416,486.635406494,213.47,5.77
18.0014,270,17.49557587,78.4151724163,486.648132324,215.03,10.94
18.073,271,17.4955700126,78.415168311,486.658905029,216.95,6.83
18.1304,272,17.4955671471,78.4151661553,486.668243408,216.25,5.33
18.2004,273,17.4955643955,78.4151641379,486.663604736,217.53,5.77
18.2682,274,17.4955615558,78.4151619568,486.671386719,220.76,11.44
18.3377,275,17.4955560289,78.4151571931,486.673187256,224.64,6.75
18.3983,276,17.4955533508,78.4151545481,486.678497314,219.44,5.67
18.4678,277,17.4955505615,78.4151522533,486.680603027,222.64,12.49
18.5316,278,17.4955451744,78.4151472931,486.688049316,224.38,5.98
18.5982,279,17.4955425554,78.41514473,486.692474365,222.93,11.16
18.6691,280,17.495537229,78.415139775,486.697937012,222.05,6.16
18.7334,281,17.4955345272,78.4151373376,486.702606201,226.18,5.55
18.8037,282,17.4955320353,78.4151347408,486.701934814,222.85,6.37
18.866,283,17.4955293624,78.4151322609,486.705047607,225.07,12.4
18.9302,284,17.4955241867,78.4151270734,486.709350586,227.41,5.78
18.9999,285,17.4955216726,78.4151243384,486.712158203,224.27,5.96
19.0667,286,17.4955190476,78.4151217796,486.713317871,226.15,12.17
19.1325,287,17.4955139347,78.4151164567,486.713195801,227.71,5.97
19.2003,288,17.4955114204,78.4151136926,486.715118408,225.3,6.23
19.2644,289,17.4955088315,78.4151110766,486.715698242,227.66,11.63
19.3331,290,17.4955038646,78.4151056264,486.716156006,229.28,5.98
19.4006,291,17.4955014326,78.4151028009,486.708068848,226.29,5.85
19.4688,292,17.4954988894,78.4151001406,486.709625244,228.28,12.33
19.5335,293,17.4954939883,78.415094643,486.702514648,230.56,5.84
19.6023,294,17.4954916259,78.4150917712,486.697540283,228.64,11.24
19.6737,295,17.495486727,78.415086207,486.703643799,227.53,6.17
19.7382,296,17.4954842475,78.4150834986,486.70111084,230.38,6.28
19.8016,297,17.4954819007,78.4150806639,486.710449219,227.85,6.11
19.8664,298,17.4954794502,78.4150779565,486.707824707,228.59,11.7
19.9343,299,17.4954745956,78.4150724518,486.712097168,228.06,6.05
19.9991,300,17.4954721758,78.4150697586,486.709960938,229.37,5.69
20.0682,301,17.4954698109,78.4150670024,486.712005615,228.99,11.89
20.133,302,17.4954651404,78.4150616317,486.706848145,229.07,5.89
20.2003,303,17.4954627396,78.4150588633,486.706085205,228.64,6.02
20.2641,304,17.4954603963,78.4150562018,486.702270508,229.31,11.02
20.3341,305,17.4954557471,78.4150507946,486.703552246,228.98,5.49
20.4025,306,17.4954534699,78.4150481768,486.700439453,229.93,5.85
20.4657,307,17.4954512712,78.4150455626,486.706939697,229.52,11.42
20.5308,308,17.4954468103,78.4150403357,486.719055176,229.51,5.0
20.6032,309,17.4954446373,78.4150377901,486.713470459,231.03,10.24
20.6738,310,17.4954404285,78.4150325873,486.730865479,229.88,5.61
20.7352,311,17.4954383764,78.4150301522,486.72958374,229.1,5.36
20.8016,312,17.495436224,78.4150276676,486.740875244,229.98,5.17
20.8682,313,17.4954341765,78.4150252291,486.73626709,230.56,10.59
20.9321,314,17.4954301987,78.4150203926,486.74319458,229.85,4.75
21.0024,315,17.4954282092,78.4150180344,486.753448486,230.41,5.01
21.0679,316,17.4954262738,78.4150156939,486.750518799,229.97,9.86
21.1338,317,17.4954224094,78.4150110934,486.758239746,230.72,4.8
21.2004,318,17.4954205383,78.415008806,486.761047363,230.87,4.85
21.2645,319,17.495418722,78.4150065737,486.76260376,230.08,9.09
21.332,320,17.4954150801,78.4150022212,486.764434814,230.44,4.23
21.4004,321,17.4954133739,78.4150001558,486.77154541,231.2,4.61
21.4641,322,17.4954116709,78.4149980376,486.767333984,230.63,8.1
21.535,323,17.4954083026,78.4149939324,486.771240234,230.79,4.64
21.5962,324,17.4954066408,78.4149918954,486.777587891,231.71,3.94
21.6662,325,17.495405057,78.4149898891,486.775299072,230.95,8.56
21.729,326,17.4954019214,78.414986024,486.782043457,230.97,3.67
21.7999,327,17.4954004047,78.4149841533,486.78302002,231.32,7.19
21.871,328,17.4953974485,78.4149804601,486.782836914,232.04,4.07
21.9324,329,17.4953960234,78.4149786336,486.784301758,230.34,3.56
22.0,330,17.4953946038,78.4149769215,486.78994751,231.46,6.81
22.0705,331,17.495391833,78.4149734427,486.791992188,232.38,3.72
22.1332,332,17.4953905133,78.4149717303,486.78894043,229.8,3.23
22.2021,333,17.495389187,78.4149701611,486.791473389,231.22,6.56
22.2696,334,17.4953866182,78.4149669643,486.792755127,232.39,3.25
22.3362,335,17.4953853947,78.4149653761,486.794281006,232.48,3.42
22.3984,336,17.4953841958,78.4149638146,486.789886475,229.07,3.27
22.4633,337,17.4953829103,78.4149623321,486.792938232,231.4,5.63
22.5339,338,17.4953806141,78.4149594558,486.79385376,229.82,2.97
22.5997,339,17.4953794481,78.414958075,486.794525146,230.96,5.36
22.6696,340,17.4953772628,78.4149553802,486.794311523,232.53,2.96
22.7319,341,17.4953762237,78.4149540245,486.789855957,229.46,2.59
22.8015,342,17.4953751398,78.4149527572,486.791595459,232.49,2.8
22.8646,343,17.4953741436,78.4149514593,486.787200928,232.98,5.25
22.9301,344,17.4953722259,78.414948916,486.788269043,232.98,2.36
23.0001,345,17.4953713058,78.4149476959,486.784179688,231.37,2.57
23.0632,346,17.4953703683,78.4149465229,486.78326416,232.97,4.43
23.1335,347,17.4953686283,78.414944216,486.777832031,230.87,2.42
23.1967,348,17.4953677368,78.41494312,486.776733398,233.39,2.18
23.2636,349,17.4953669322,78.414942037,486.772583008,233.24,3.86
23.3344,350,17.4953654165,78.4149400078,486.767547607,232.25,2.22
23.3977,351,17.495364621,78.4149389804,486.763671875,233.92,1.99
23.4624,352,17.4953639164,78.4149380133,486.758300781,231.99,3.68
23.5296,353,17.4953625048,78.4149362075,486.757751465,234.06,1.7
23.5981,354,17.4953618704,78.4149353323,486.751831055,229.04,2.75
23.6738,355,17.4953606078,78.4149338777,486.74786377,233.91,1.67
23.7366,356,17.4953600359,78.4149330932,486.746307373,229.41,1.41
23.8068,357,17.4953594393,78.414932397,486.748291016,229.78,2.95
23.8706,358,17.4953583149,78.4149310674,486.747070312,233.4,1.48
23.9381,359,17.4953577644,78.4149303261,486.742034912,230.29,1.37
23.9975,360,17.495357282,78.4149297453,486.742340088,233.26,1.48
24.0628,361,17.4953567458,78.4149290269,486.737762451,237.26,2.66
24.1295,362,17.4953558534,78.4149276392,486.737762451,226.43,1.19
24.1969,363,17.4953553444,78.4149271041,486.736022949,233.46,1.29
24.2681,364,17.4953548355,78.4149264174,486.734466553,228.28,2.6
24.3341,365,17.4953537811,78.4149252347,486.732788086,227.36,1.33
24.3992,366,17.4953532401,78.4149246472,486.743560791,232.54,1.25
24.4658,367,17.4953527716,78.4149240357,486.74307251,232.44,2.4
24.5312,368,17.4953518848,78.4149228827,486.753997803,230.3,0.93
24.6032,369,17.4953514887,78.4149224056,486.749267578,232.29,1.29
24.6673,370,17.4953510192,78.4149217983,486.741210938,227.78,2.4
24.7347,371,17.4953500163,78.4149206931,486.724182129,231.16,1.06
24.8132,372,17.4953495325,78.4149200923,486.717163086,229.29,2.41
24.8795,373,17.4953485687,78.4149189721,486.707885742,235.44,1.33
24.9375,374,17.4953481627,78.4149183827,486.712036133,231.68,1.23
25.0058,375,17.4953476796,78.4149177714,486.713592529,232.13,1.32
25.0673,376,17.4953472164,78.4149171757,486.719940186,233.46,2.59
25.132,377,17.4953462903,78.4149159262,486.726928711,229.34,1.05
25.2005,378,17.4953458566,78.4149154212,486.730285645,231.68,2.36
25.2692,379,17.4953449263,78.4149142441,486.72479248,229.69,1.1
25.3322,380,17.4953445116,78.4149137552,486.724304199,231.42,1.19
25.3991,381,17.4953440535,78.414913181,486.719451904,235.86,1.16
25.4665,382,17.4953436467,78.414912581,486.721435547,230.88,2.42
25.532,383,17.4953427198,78.4149114411,486.723266602,231.43,1.09
25.6048,384,17.4953422609,78.4149108657,486.723266602,230.61,2.47
25.673,385,17.4953412709,78.4149096602,486.733825684,231.05,1.26
25.7416,386,17.4953407688,78.4149090391,486.731048584,230.97,1.41
25.8045,387,17.495340252,78.4149084015,486.731109619,232.36,2.34
25.8719,388,17.495339358,78.4149072423,486.745819092,234.35,1.17
25.9375,389,17.4953389435,78.4149066643,486.744689941,231.71,1.32
26.0066,390,17.4953384213,78.4149060029,486.75302124,225.27,1.59
26.0664,391,17.4953378067,78.4149053825,486.727050781,228.46,2.99
26.1334,392,17.4953365817,78.4149039996,486.733337402,233.77,1.71
26.2001,393,17.495335956,78.4149031456,486.765533447,230.36,1.59
26.2666,394,17.495335333,78.4149023935,486.753631592,239.59,2.58
26.3359,395,17.4953344915,78.4149009597,486.795715332,230.72,1.7
26.4013,396,17.4953338412,78.4149001645,486.800018311,237.75,1.41
26.4664,397,17.4953333866,78.4148994441,486.815979004,232.28,3.24
26.5326,398,17.4953321696,78.4148978706,486.825469971,231.29,1.67
26.6041,399,17.4953314788,78.4148970088,486.829498291,237.69,3.54
26.6719,400,17.4953302861,78.4148951227,486.839904785,231.7,1.99
26.7362,401,17.4953295524,78.4148941937,486.843017578,231.49,1.98
26.8023,402,17.4953287963,78.4148932434,486.846130371,243.92,1.65
26.868,403,17.4953283505,78.4148923325,486.851013184,231.46,3.97
26.9346,404,17.4953268247,78.4148904173,486.860931396,232.16,1.88
27.0036,405,17.4953260863,78.4148894668,486.862365723,231.62,2.28
27.0667,406,17.4953252585,78.4148884215,486.865203857,231.06,4.34
27.1346,407,17.4953235455,78.4148863016,486.872833252,234.74,2.27
27.2,408,17.4953227514,78.4148851784,486.875091553,231.19,2.34
27.2666,409,17.4953218489,78.4148840562,486.879760742,233.25,4.5
27.3365,410,17.4953201054,78.4148817215,486.885314941,230.95,2.41
27.4042,411,17.4953191537,78.4148805484,486.889984131,237.85,2.63
27.4648,412,17.4953183643,78.4148792926,486.894439697,235.52,5.34
27.5314,413,17.4953164952,78.4148765705,486.903930664,231.49,2.39
27.6036,414,17.4953155003,78.4148753204,486.909820557,230.26,5.38
27.6727,415,17.4953133006,78.4148726743,486.926147461,231.02,2.68
27.7396,416,17.4953122557,78.4148713832,486.932250977,230.82,2.85
27.8032,417,17.4953111958,78.4148700826,486.93460083,233.3,5.66
27.8723,418,17.4953090278,78.4148671745,486.942687988,237.4,3.44
27.9318,419,17.495308002,78.4148655708,486.944824219,230.87,2.92
27.9977,420,17.4953068801,78.4148641918,486.94934082,231.82,2.83
28.0661,421,17.4953057719,78.4148627823,486.958831787,229.21,5.73
28.1321,422,17.4953034882,78.4148601353,486.971313477,228.57,2.91
28.2016,423,17.4953022503,78.4148587325,486.978027344,231.58,5.96
28.2716,424,17.4952998489,78.4148557053,486.987945557,229.94,3.3
28.3347,425,17.4952986097,78.4148542314,486.992614746,228.95,3.53
28.3974,426,17.4952972673,78.4148526901,486.997558594,229.61,3.13
28.4658,427,17.4952959857,78.4148511837,487.002227783,230.67,6.54
28.5349,428,17.4952933353,78.4148479488,487.010284424,229.28,3.56
28.5972,429,17.4952919975,78.4148463945,487.014953613,234.36,5.86
28.6727,430,17.495289607,78.4148430601,487.028289795,229.45,3.73
28.7342,431,17.4952882291,78.4148414498,487.031341553,229.32,3.36
28.8032,432,17.4952868321,78.4148398243,487.036010742,231.83,7.17
28.8706,433,17.4952840665,78.4148363062,487.048248291,235.35,3.75
28.9344,434,17.4952828041,78.4148344799,487.057861328,229.62,3.86
28.9965,435,17.4952813674,78.4148327907,487.060302734,229.61,6.82
29.0687,436,17.4952784163,78.4148293223,487.071685791,228.14,3.94
29.1353,437,17.4952767988,78.4148275172,487.076568604,230.82,3.99
29.2016,438,17.4952752532,78.4148256205,487.080352783,229.19,4.02
29.2627,439,17.4952737701,78.4148239027,487.082672119,230.58,7.08
29.3353,440,17.4952707526,78.414820232,487.089294434,231.27,4.23
29.3963,441,17.4952692572,78.4148183676,487.092163086,229.26,3.7
29.463,442,17.4952677672,78.4148166377,487.094665527,230.99,7.37
29.531,443,17.4952648479,78.4148130335,487.101196289,229.86,3.92
29.5992,444,17.4952632561,78.4148111457,487.101776123,229.44,3.62
29.6677,445,17.4952617671,78.4148094061,487.106445312,227.74,7.13
29.7397,446,17.4952585821,78.4148059004,487.110839844,227.55,3.51
29.8129,447,17.4952569812,78.4148041501,487.119049072,228.96,4.69
29.8658,448,17.4952554778,78.414802423,487.121948242,228.28,7.75
29.9311,449,17.4952523686,78.4147989362,487.129089355,225.47,3.93
29.9973,450,17.4952506865,78.414797226,487.132141113,228.47,3.6
30.0659,451,17.4952491752,78.4147955196,487.133728027,227.3,7.74
30.1307,452,17.4952460357,78.4147921171,487.137451172,223.59,3.53
30.2012,453,17.4952443785,78.4147905393,487.131286621,228.05,3.85
30.2641,454,17.4952428824,78.4147888746,487.137512207,227.18,7.18
30.3331,455,17.4952397765,78.4147855224,487.138000488,227.96,3.75
30.4011,456,17.4952382011,78.4147837751,487.130706787,227.87,3.55
30.4679,457,17.4952367336,78.4147821529,487.132324219,226.87,7.26
30.5336,458,17.4952337258,78.4147789416,487.128112793,225.24,3.78
30.5973,459,17.4952321656,78.4147773684,487.125701904,227.52,3.41
30.6645,460,17.4952307363,78.4147758076,487.123809814,228.02,6.64
30.7334,461,17.4952279107,78.4147726671,487.121948242,225.97,3.49
30.7999,462,17.4952264255,78.4147711308,487.110137939,227.58,3.32
30.8663,463,17.4952250534,78.4147696294,487.113250732,226.63,6.2
30.9367,464,17.4952222906,78.4147667045,487.106292725,226.31,3.73
30.9969,465,17.4952208624,78.4147652093,487.104675293,227.35,2.99
31.0678,466,17.4952195361,78.4147637693,487.100830078,226.18,6.34
31.1342,467,17.4952168504,78.4147609705,487.098419189,229.17,3.3
31.1972,468,17.4952155957,78.4147595182,487.099060059,227.16,2.87
31.2684,469,17.4952143128,78.4147581348,487.095550537,227.62,6.32
31.3325,470,17.4952117936,78.414755374,487.096313477,226.7,2.93
31.402,471,17.4952105078,78.4147540097,487.093994141,226.95,3.12
31.4673,472,17.4952092245,78.4147526358,487.092437744,227.85,6.41
31.5295,473,17.4952067548,78.4147499074,487.088348389,227.42,2.77
31.6016,474,17.4952055102,78.4147485529,487.086303711,227.13,3.16
31.666,475,17.495204234,78.4147471782,487.082733154,227.3,6.26
31.7299,476,17.4952017317,78.4147444663,487.074829102,228.45,2.85
31.8019,477,17.4952004766,78.4147430501,487.069549561,228.24,5.73
31.8728,478,17.4951979768,78.4147402504,487.050872803,226.69,3.12
31.9385,479,17.4951966799,78.4147388748,487.044647217,227.57,3.18
32.0009,480,17.4951954447,78.4147375235,487.032592773,226.94,3.31
32.0634,481,17.4951941438,78.4147361316,487.028625488,227.24,6.17
32.1323,482,17.4951914802,78.4147332515,487.031921387,228.6,3.09
32.2011,483,17.4951901819,78.4147317789,487.047363281,227.0,3.28
32.2672,484,17.4951888171,78.4147303151,487.046295166,226.3,5.5
32.3455,485,17.495186072,78.4147274428,487.055969238,228.77,4.12
32.3978,486,17.4951847612,78.4147259469,487.062469482,226.33,3.49
32.4631,487,17.4951833109,78.4147244278,487.055236816,227.64,6.53
32.5325,488,17.4951804927,78.4147213375,487.061462402,228.89,3.48
32.596,489,17.4951791517,78.4147198006,487.063964844,226.96,3.31
32.6669,490,17.4951776766,78.4147182208,487.067779541,226.78,6.69
32.7361,491,17.4951747526,78.4147151087,487.056610107,227.66,3.56
32.8048,492,17.4951732326,78.4147134407,487.035125732,226.7,3.97
32.8659,493,17.4951716969,78.4147118108,487.042053223,228.55,7.31
32.9326,494,17.4951687154,78.4147084346,487.032684326,227.14,4.21
32.9957,495,17.4951670494,78.4147066394,487.041534424,226.27,3.77
33.0628,496,17.4951654389,78.414704956,487.041625977,227.39,7.61
33.1292,497,17.495162282,78.4147015236,487.059661865,223.52,3.81
33.1961,498,17.4951605832,78.4146999102,487.062438965,226.52,3.82
33.264,499,17.4951589391,78.4146981762,487.067108154,225.97,8.06
33.3288,500,17.495155594,78.4146947154,487.059936523,225.98,3.8
33.398,501,17.4951539116,78.4146929742,487.044311523,226.42,4.04
33.4635,502,17.4951522291,78.4146912059,487.048736572,228.04,8.2
33.5287,503,17.495148928,78.4146875345,487.022949219,227.7,3.93
33.601,504,17.4951471617,78.4146855933,487.006011963,226.35,4.27
33.6656,505,17.4951454063,78.4146837532,487.006072998,226.18,8.26
33.7342,506,17.4951417909,78.4146799856,487.005432129,226.48,4.33
33.8005,507,17.4951399694,78.4146780677,487.016662598,226.37,4.54
33.8634,508,17.4951381539,78.414676163,487.013244629,226.39,8.83
33.9282,509,17.4951345168,78.4146723455,487.022094727,226.45,4.26
33.9964,510,17.4951326696,78.4146704024,487.020751953,228.28,4.25
34.0648,511,17.4951308839,78.4146683998,487.028381348,227.67,9.06
34.1298,512,17.4951272224,78.4146643804,487.022766113,226.41,4.28
34.1981,513,17.4951253623,78.4146624267,487.016967773,226.47,4.57
34.2633,514,17.4951234694,78.4146604339,487.016723633,226.33,9.09
34.3296,515,17.4951196318,78.4146564144,487.018035889,226.16,4.63
34.3968,516,17.4951176456,78.4146543459,487.022033691,226.44,4.51
34.464,517,17.4951157194,78.4146523207,487.021179199,226.77,9.4
34.5288,518,17.4951118712,78.4146482277,487.024749756,227.07,4.23
34.6007,519,17.4951099623,78.4146461755,487.030487061,226.62,4.69
34.6656,520,17.4951080337,78.4146441345,487.029785156,227.3,8.75
34.736,521,17.4951041808,78.4146399585,487.03125,228.98,4.72
34.8008,522,17.4951023249,78.4146378248,487.030029297,226.75,4.83
34.8644,523,17.4951003828,78.41463576,487.029205322,227.42,9.28
34.931,524,17.4950965238,78.4146315605,487.028594971,226.66,4.68
34.9981,525,17.4950945361,78.4146294543,487.030914307,227.0,4.86
35.062,526,17.4950925829,78.4146273594,487.02935791,226.22,9.42
35.1286,527,17.4950885805,78.4146231829,487.032104492,226.88,4.5
35.198,528,17.4950866116,78.4146210802,487.034515381,226.76,4.83
35.263,529,17.4950846279,78.414618971,487.032928467,227.25,9.13
35.3316,530,17.4950807058,78.4146147277,487.034973145,227.23,4.44
35.4013,531,17.495078765,78.4146126297,487.03805542,226.92,4.96
35.4652,532,17.4950767695,78.4146104956,487.037384033,227.16,9.52
35.5318,533,17.4950727908,78.4146062057,487.038299561,227.69,4.96
35.5964,534,17.4950708005,78.4146040188,487.039001465,227.03,4.57
35.6663,535,17.4950687915,78.4146018625,487.037445068,228.88,8.5
35.7419,536,17.4950648902,78.4145973929,487.040649414,229.0,5.24
35.8016,537,17.4950629926,78.4145952096,487.043914795,227.35,5.2
35.8634,538,17.495060982,78.4145930272,487.040740967,226.75,9.78
35.9301,539,17.4950568593,78.4145886454,487.038421631,228.25,4.76
35.9971,540,17.4950548975,78.4145864477,487.043945312,227.3,4.91
36.0633,541,17.4950528643,78.4145842443,487.042663574,227.2,9.34
36.1333,542,17.4950487685,78.4145798214,487.040740967,225.29,5.05
36.1987,543,17.4950466274,78.4145776587,487.047363281,227.09,5.04
36.2641,544,17.495044559,78.4145754339,487.042694092,227.04,10.3
36.3286,545,17.4950403833,78.4145709496,487.045684814,228.3,4.85
36.3952,546,17.4950383974,78.4145687205,487.051330566,227.15,4.87
36.4634,547,17.4950363152,78.4145664758,487.048492432,226.49,9.6
36.5329,548,17.4950320812,78.414562016,487.052001953,227.09,4.75
36.6024,549,17.4950300058,78.4145597835,487.05960083,226.97,5.31
36.6656,550,17.4950278946,78.4145575221,487.056884766,227.31,10.34
36.7307,551,17.4950236837,78.4145529564,487.062866211,225.79,4.82
36.8015,552,17.4950214901,78.4145507017,487.066711426,226.88,5.21
36.8664,553,17.4950193586,78.4145484257,487.069152832,226.48,10.3
36.9328,554,17.4950150167,78.4145438536,487.069091797,226.27,5.37
36.9967,555,17.4950128301,78.4145415676,487.073028564,226.62,4.98
37.0652,556,17.4950106684,78.4145392801,487.074310303,226.82,10.73
37.1288,557,17.4950063617,78.4145346906,487.076202393,225.99,5.18
37.1965,558,17.4950041178,78.4145323675,487.078186035,226.56,5.07
37.2629,559,17.4950019839,78.4145301144,487.080291748,226.51,10.26
37.33,560,17.4949976135,78.4145255073,487.078063965,226.69,5.34
37.3958,561,17.4949953898,78.4145231488,487.07043457,226.48,5.04
37.4645,562,17.4949931931,78.4145208353,487.072509766,226.25,10.96
37.5281,563,17.494988748,78.4145161921,487.066375732,227.15,5.06
37.598,564,17.4949865277,78.4145137989,487.067321777,226.1,9.82
37.6702,565,17.4949819947,78.4145090892,487.069915771,226.27,5.19
37.7379,566,17.4949797545,78.4145067476,487.069366455,227.95,5.41
37.8033,567,17.4949775672,78.4145043227,487.071380615,226.31,5.32
37.8682,568,17.494975367,78.4145020199,487.071960449,226.84,11.33
37.9312,569,17.4949708649,78.4144972196,487.072692871,226.72,5.37
37.996,570,17.4949686637,78.414494882,487.070281982,226.33,4.86
38.0686,571,17.4949664156,78.4144925273,487.071838379,226.29,11.52
38.13,572,17.4949619115,78.4144878161,487.067749023,226.43,5.45
38.1951,573,17.4949596559,78.4144854449,487.06552124,226.21,5.03
38.2654,574,17.4949574002,78.4144830922,487.065917969,226.87,10.9
38.3307,575,17.4949529117,78.4144783015,487.065948486,226.22,5.29
38.3979,576,17.4949506433,78.4144759346,487.062988281,226.16,5.4
38.4622,577,17.4949484273,78.4144736267,487.063903809,225.99,10.8
38.5284,578,17.4949438496,78.4144688873,487.062896729,225.97,5.34
38.5953,579,17.494941561,78.4144665201,487.059814453,226.02,4.99
38.6661,580,17.4949393004,78.4144641772,487.061004639,225.9,9.66
38.7393,581,17.4949347679,78.4144594997,487.05380249,225.96,5.78
38.8003,582,17.4949325094,78.4144571645,487.054992676,226.05,5.39
38.8659,583,17.494930247,78.4144548176,487.048217773,226.04,10.53
38.9335,584,17.4949256933,78.4144500951,487.045715332,225.92,5.58
38.9965,585,17.4949234382,78.4144477664,487.044158936,226.35,4.81
39.068,586,17.494921249,78.4144454718,487.044250488,225.72,10.54
39.1343,587,17.4949167526,78.4144408612,487.040893555,225.75,5.55
39.1972,588,17.4949145063,78.4144385554,487.037353516,225.85,5.12
39.2653,589,17.4949122679,78.4144362494,487.036254883,225.83,10.25
39.3336,590,17.494907772,78.4144316221,487.031005859,226.81,5.2
39.3999,591,17.4949055973,78.4144293055,487.028167725,225.97,5.17
39.4668,592,17.4949033797,78.4144270118,487.02520752,226.11,10.6
39.5323,593,17.4948989439,78.4144224012,487.021148682,225.93,4.68
39.6059,594,17.4948967379,78.4144201223,487.019592285,225.75,5.71
39.6658,595,17.4948945404,78.4144178667,487.016021729,225.14,10.03
39.7344,596,17.4948900725,78.4144133764,487.011779785,225.98,5.32
39.7985,597,17.4948878898,78.4144111179,487.009399414,225.21,5.24
39.864,598,17.4948856633,78.4144088748,487.007019043,224.98,10.17
39.9314,599,17.4948811967,78.4144044114,487.004364014,226.0,4.89
40.0006,600,17.4948790297,78.4144021674,487.004364014,224.87,9.37
40.0727,601,17.4948746194,78.4143977776,487.006530762,224.24,5.13
40.1392,602,17.494872371,78.4143955881,487.002258301,225.65,5.47
40.2017,603,17.4948701689,78.4143933356,487.003295898,225.83,5.16
40.2668,604,17.4948680136,78.4143911167,487.001953125,225.48,9.88
40.3331,605,17.4948637821,78.4143868139,487.000091553,225.85,5.21
40.397,606,17.4948616452,78.4143846125,487.001708984,225.21,5.09
40.4626,607,17.4948594796,78.4143824313,486.994720459,226.13,9.84
40.5297,608,17.4948552604,78.4143780422,486.990020752,225.82,4.84
40.5984,609,17.4948531235,78.4143758435,486.990020752,225.95,5.05
40.6653,610,17.4948509605,78.4143736077,486.986419678,225.25,9.87
40.7329,611,17.4948466336,78.4143692436,486.986236572,226.98,5.04
40.7985,612,17.4948445546,78.4143670158,486.985839844,225.79,5.18
40.8637,613,17.4948423863,78.4143647866,486.985595703,226.29,9.77
40.9312,614,17.4948381871,78.4143603937,486.982147217,226.03,4.98
40.9976,615,17.4948360699,78.4143581988,486.97467041,225.79,4.99
41.0648,616,17.4948339146,78.4143559829,486.97467041,227.1,10.54
41.1281,617,17.494829725,78.4143514736,486.969573975,227.24,4.67
41.1992,618,17.4948276469,78.4143492264,486.970458984,226.13,5.32
41.2618,619,17.4948255186,78.4143470123,486.968078613,227.52,9.6
41.3311,620,17.4948213719,78.4143424833,486.968597412,226.24,4.9
41.3991,621,17.4948192482,78.4143402656,486.967041016,227.41,5.08
41.4659,622,17.4948171311,78.4143379623,486.966339111,223.94,10.29
41.5314,623,17.4948126662,78.4143336596,486.962158203,226.08,4.86
41.5994,624,17.4948105523,78.4143314648,486.960479736,222.44,5.06
41.6675,625,17.4948082173,78.4143293294,486.951263428,223.75,10.13
41.7347,626,17.4948036943,78.4143249993,486.941864014,225.4,4.98
41.8032,627,17.494801486,78.4143227599,486.94052124,225.77,5.29
41.866,628,17.4947993504,78.4143205664,486.93536377,226.75,10.57
41.9292,629,17.494795129,78.4143160791,486.926177979,226.05,4.76
41.9986,630,17.4947930146,78.4143138857,486.921508789,227.88,9.29
42.0694,631,17.4947889445,78.414309385,486.916412354,226.69,5.03
42.1349,632,17.4947868601,78.4143071741,486.911743164,227.07,5.1
42.1986,633,17.4947848207,78.4143049821,486.909667969,227.12,5.06
42.2634,634,17.4947827636,78.4143027671,486.904998779,227.24,9.79
42.3297,635,17.4947786976,78.4142983695,486.896270752,228.03,4.63
42.3992,636,17.4947767116,78.4142961612,486.894195557,227.7,4.99
42.4643,637,17.4947746923,78.4142939423,486.889404297,228.41,9.87
42.5303,638,17.4947706993,78.4142894434,486.877685547,229.06,4.48
42.6005,639,17.4947687931,78.4142872462,486.865966797,228.29,4.96
42.6654,640,17.494766817,78.4142850288,486.860870361,228.78,9.35
42.7337,641,17.4947629303,78.4142805921,486.844451904,230.06,4.8
42.795,642,17.4947611833,78.4142785057,486.834747314,228.61,4.48
42.8657,643,17.4947592497,78.4142763114,486.830078125,228.43,9.66
42.9301,644,17.4947554359,78.4142720115,486.817932129,225.66,4.27
43.0023,645,17.4947534526,78.4142699819,486.815490723,228.29,4.95
43.0652,646,17.4947515393,78.4142678352,486.809997559,227.74,9.3
43.1311,647,17.4947477373,78.4142636509,486.802337646,225.13,4.41
43.1985,648,17.4947458044,78.4142617089,486.79574585,227.75,4.86
43.2614,649,17.4947439092,78.4142596226,486.791931152,227.05,8.5
43.3332,650,17.4947400745,78.4142555039,486.776367188,224.02,4.77
43.3993,651,17.4947379894,78.4142534888,486.76184082,227.0,4.49
43.4664,652,17.4947360961,78.4142514588,486.758728027,227.04,9.61
43.528,653,17.4947323735,78.414247461,486.740142822,226.74,4.52
43.5958,654,17.4947304388,78.4142454049,486.728485107,226.36,4.09
43.6676,655,17.4947285685,78.4142434438,486.721710205,225.43,8.88
43.7338,656,17.4947247694,78.4142395873,486.706359863,225.89,4.9
43.7948,657,17.4947228533,78.4142376107,486.698669434,225.58,4.15
43.8634,658,17.4947210194,78.4142357393,486.692108154,224.94,8.43
43.9296,659,17.4947173822,78.4142321093,486.680877686,226.82,4.12
43.9981,660,17.4947156016,78.4142302119,486.67401123,225.08,4.11
44.0645,661,17.4947138272,78.4142284324,486.667785645,225.06,8.4
44.129,662,17.4947103034,78.4142249017,486.656341553,226.46,3.86
44.1966,663,17.494708646,78.4142231576,486.65222168,224.54,3.94
44.2625,664,17.4947069412,78.4142214799,486.644226074,225.35,7.86
44.328,665,17.4947036082,78.4142181055,486.634033203,224.35,3.62
44.3973,666,17.4947019576,78.4142164918,486.627807617,223.85,3.87
44.4612,667,17.4947003174,78.4142149163,486.624237061,225.38,7.32
44.5273,668,17.4946971855,78.4142117425,486.617797852,224.1,3.6
44.5939,669,17.4946956026,78.4142102085,486.609710693,223.95,3.51
44.6618,670,17.4946940246,78.4142086872,486.609680176,223.18,6.7
44.7314,671,17.4946908983,78.4142057533,486.601745605,223.83,3.55
44.7954,672,17.4946893888,78.4142043043,486.59552002,226.16,3.12
44.8662,673,17.4946879775,78.4142028348,486.591339111,224.36,6.8
44.9315,674,17.4946850557,78.4141999773,486.581176758,224.02,3.24
44.9973,675,17.4946836441,78.4141986132,486.574951172,223.36,3.11
45.0647,676,17.4946822439,78.414197291,486.573822021,223.87,6.12
45.1306,677,17.4946795698,78.4141947201,486.567932129,223.12,2.83
45.2027,678,17.4946782029,78.41419344,486.565673828,224.13,5.79
45.2691,679,17.4946756624,78.4141909751,486.553283691,222.32,2.98
45.3345,680,17.4946743399,78.4141897709,486.553039551,223.99,2.9
45.3974,681,17.4946731327,78.4141886057,486.546813965,224.37,2.68
45.463,682,17.4946719765,78.4141874746,486.544311523,223.48,4.88
45.5336,683,17.4946696795,78.4141852967,486.537231445,224.1,2.44
45.6013,684,17.4946685886,78.4141842397,486.532562256,226.42,4.46
45.6697,685,17.4946666485,78.4141822007,486.531402588,224.5,2.23
45.7364,686,17.4946656714,78.4141812404,486.526824951,224.61,2.26
45.8018,687,17.4946647036,78.4141802857,486.520172119,225.98,3.97
45.8709,688,17.4946629464,78.4141784675,486.515350342,221.72,1.84
45.9409,689,17.4946620629,78.4141776798,486.517120361,224.91,2.09
46.0037,690,17.4946612077,78.4141768272,486.514007568,224.66,3.78
46.0709,691,17.4946595447,78.4141751841,486.507629395,227.82,1.75
46.1366,692,17.4946588335,78.4141743991,486.509643555,228.96,1.66
46.2039,693,17.4946581554,78.41417362,486.51473999,225.03,3.46
46.2734,694,17.4946565898,78.4141720527,486.506500244,229.58,1.74
46.3308,695,17.49465599,78.4141713484,486.510986328,225.12,1.75
46.3994,696,17.4946552102,78.4141705653,486.505554199,225.8,1.71
46.4648,697,17.494654493,78.4141698278,486.505249023,225.84,3.06
46.5323,698,17.4946531682,78.4141684634,486.497131348,225.44,1.58
46.6037,699,17.4946524387,78.4141677225,486.498504639,223.34,1.84
46.6675,700,17.4946516536,78.4141669816,486.510040283,221.89,3.41
46.7367,701,17.4946500417,78.4141655356,486.543487549,227.14,1.51
46.8,702,17.4946494401,78.4141648873,486.56652832,226.59,2.71
46.8729,703,17.494648187,78.4141635628,486.560241699,223.74,1.66
46.9383,704,17.4946474652,78.414162872,486.550689697,229.52,1.22
47.006,705,17.4946469683,78.4141622897,486.529571533,222.91,3.2
47.0695,706,17.4946456017,78.4141610192,486.501586914,226.21,1.79
47.1301,707,17.4946449102,78.4141602978,486.496917725,218.45,1.67
47.1981,708,17.4946440962,78.4141596515,486.498687744,224.02,3.19
47.269,709,17.4946425991,78.4141582049,486.519500732,223.62,1.69
47.3347,710,17.4946418583,78.4141574989,486.522003174,223.39,1.68
47.4006,711,17.4946411175,78.4141567985,486.525421143,223.97,3.13
47.4697,712,17.4946396854,78.4141554171,486.538085938,231.18,1.5
47.5366,713,17.4946391023,78.4141546925,486.543395996,224.77,1.53
47.6047,714,17.4946384209,78.4141540165,486.543457031,223.73,3.01
47.6736,715,17.4946370418,78.4141526974,486.531585693,225.0,1.77
47.7316,716,17.4946363734,78.414152029,486.536437988,219.84,1.45
47.7964,717,17.494635714,78.4141514788,486.49798584,226.29,2.58
47.874,718,17.4946344412,78.4141501473,486.473083496,222.76,1.79
47.9335,719,17.4946337207,78.414149481,486.477874756,226.99,1.86
47.9995,720,17.4946329468,78.4141486514,486.486816406,222.81,1.76
48.0666,721,17.4946321488,78.4141479123,486.473449707,227.21,3.94
48.1315,722,17.4946305444,78.4141461794,486.499816895,237.83,1.68
48.2006,723,17.494629969,78.4141452646,486.543243408,224.36,3.09
48.2774,724,17.4946284068,78.4141437368,486.549468994,225.63,2.15
48.34,725,17.4946275394,78.4141428502,486.559234619,222.92,1.82
48.4013,726,17.4946267888,78.4141421523,486.530548096,225.75,4.2
48.4698,727,17.4946249397,78.4141402544,486.519195557,223.79,2.24
48.5372,728,17.4946239367,78.4141392929,486.520355225,228.63,2.47
48.6013,729,17.4946229717,78.4141381971,486.519744873,227.47,4.58
48.6716,730,17.494620963,78.4141360074,486.527587891,223.98,2.6
48.7352,731,17.49461987,78.4141349526,486.521362305,227.37,2.31
48.8032,732,17.494618887,78.4141338849,486.534454346,223.8,4.63
48.876,733,17.4946166504,78.4141317403,486.536560059,224.35,2.91
48.9368,734,17.4946154852,78.4141306012,486.538543701,225.1,2.41
49.006,735,17.4946143992,78.4141295115,486.535827637,224.14,3.18
49.0634,736,17.4946131921,78.4141283403,486.537994385,222.48,5.73
49.1292,737,17.4946106385,78.4141260019,486.53616333,228.8,2.73
49.1993,738,17.4946094736,78.4141246714,486.538269043,223.73,2.8
49.2682,739,17.4946081906,78.4141234439,486.536376953,225.88,6.42
49.3302,740,17.4946056381,78.4141208116,486.54006958,227.51,2.96
49.397,741,17.4946044072,78.414119468,486.544555664,223.99,3.13
49.4618,742,17.4946030649,78.4141181724,486.544555664,222.99,6.19
49.5279,743,17.4946003143,78.4141156083,486.547668457,222.88,2.97
49.5957,744,17.4945989584,78.4141143491,486.555419922,223.66,3.01
49.6666,745,17.4945975389,78.4141129943,486.555938721,223.12,6.58
49.7322,746,17.4945946421,78.4141102816,486.564819336,223.41,3.56
49.7946,747,17.4945931588,78.4141088786,486.566314697,223.21,5.9
49.8707,748,17.4945901489,78.4141060511,486.57144165,224.81,3.28
49.9386,749,17.4945886945,78.4141046065,486.58013916,223.29,3.29
50.0082,750,17.4945871602,78.4141031613,486.579772949,224.07,4.33
50.065,751,17.4945855332,78.4141015865,486.584777832,225.69,7.61
50.1279,752,17.4945824507,78.414098429,486.59185791,232.5,3.3
50.2003,753,17.4945811019,78.4140966712,486.598480225,227.16,6.99
50.2714,754,17.4945779834,78.414093308,486.606719971,224.11,4.14
50.3327,755,17.4945763076,78.4140916836,486.607910156,224.08,3.83
50.3996,756,17.4945746125,78.414090042,486.609466553,229.51,4.22
50.4615,757,17.494573045,78.4140882059,486.618255615,226.2,6.9
50.5369,758,17.4945697244,78.4140847431,486.629760742,224.5,4.22
50.6003,759,17.4945679683,78.4140830175,486.630157471,225.04,4.31
50.6637,760,17.4945661913,78.4140812383,486.64239502,226.18,8.65
50.7282,761,17.4945626285,78.4140775261,486.653869629,224.55,3.95
50.7989,762,17.4945607951,78.4140757213,486.656982422,224.75,8.04
50.8711,763,17.4945569983,78.4140719581,486.668395996,224.88,4.45
50.9377,764,17.4945550654,78.4140700332,486.677154541,224.44,4.5
51.0027,765,17.4945531438,78.4140681491,486.679351807,224.54,9.04
51.0697,766,17.4945491701,78.4140642393,486.690307617,223.96,4.95
51.1327,767,17.4945471054,78.4140622484,486.707611084,223.5,4.69
51.1995,768,17.4945450159,78.4140602657,486.718780518,224.3,4.63
51.2649,769,17.4945430221,78.4140583198,486.720306396,223.75,9.45
51.33,770,17.4945389337,78.4140544055,486.731140137,224.1,4.85
51.3951,771,17.4945368467,78.4140523834,486.73425293,223.81,4.75
51.4628,772,17.4945347131,78.4140503364,486.736419678,224.51,8.6
51.5378,773,17.4945304771,78.4140461721,486.744110107,224.01,4.81
51.6056,774,17.4945283202,78.4140440887,486.745666504,224.78,10.09
51.6722,775,17.4945239291,78.4140397316,486.764984131,224.03,5.44
51.7333,776,17.4945217306,78.4140376061,486.768096924,224.05,5.32
51.7961,777,17.4945195219,78.4140354692,486.769104004,224.35,8.98
51.8718,778,17.4945150466,78.4140310941,486.773803711,223.27,5.49
51.9348,779,17.4945127293,78.4140289127,486.77520752,223.95,5.18
52.0011,780,17.4945104534,78.4140267188,486.778320312,224.64,5.75
52.0623,781,17.494508148,78.4140244419,486.777374268,224.99,10.56
52.1296,782,17.4945035201,78.4140198164,486.781158447,224.99,5.27
52.1967,783,17.4945012185,78.4140175157,486.785522461,224.08,5.08
52.2669,784,17.4944988614,78.4140152331,486.786315918,224.2,10.97
52.3335,785,17.4944940395,78.4140105444,486.788726807,224.06,5.59
52.3985,786,17.4944916366,78.414008219,486.789764404,224.35,5.56
52.4641,787,17.4944892345,78.4140058712,486.78918457,223.72,10.82
52.5324,788,17.4944843225,78.4140011739,486.788635254,224.05,5.73
52.5971,789,17.4944818717,78.4139988032,486.791748047,226.04,5.57
52.6655,790,17.4944794366,78.4139962778,486.785583496,224.68,12.24
52.7279,791,17.4944744382,78.4139913344,486.785736084,228.25,5.49
52.7984,792,17.4944720582,78.4139886678,486.784454346,224.62,10.62
52.87,793,17.4944670759,78.4139837504,486.788787842,226.77,5.78
52.9367,794,17.4944646391,78.4139811582,486.7890625,224.99,5.66
53.0044,795,17.4944621426,78.4139786628,486.79119873,224.87,6.52
53.0636,796,17.4944596248,78.4139761566,486.785827637,224.27,11.8
53.13,797,17.4944544627,78.4139711244,486.78503418,225.92,6.24
53.194,798,17.4944519026,78.4139684809,486.782470703,225.2,5.79
53.2612,799,17.4944493756,78.4139659361,486.784301758,225.6,11.76
53.3286,800,17.4944442652,78.4139607168,486.78427124,225.74,5.93
53.3966,801,17.4944416737,78.4139580574,486.776367188,225.56,5.63
53.4663,802,17.4944391406,78.4139554746,486.77935791,225.47,12.9
53.5277,803,17.4944340254,78.4139502748,486.780578613,226.14,6.07
53.594,804,17.4944314538,78.413947599,486.767852783,225.96,5.62
53.6641,805,17.494428928,78.4139449867,486.774078369,226.93,12.05
53.7291,806,17.4944239969,78.4139397116,486.767333984,226.1,6.04
53.7945,807,17.4944214726,78.4139370887,486.772003174,227.71,5.56
53.8674,808,17.4944189572,78.4139343238,486.765167236,225.73,11.71
53.9352,809,17.494413852,78.4139290864,486.758514404,226.26,6.31
53.998,810,17.4944113258,78.413926447,486.762298584,227.38,6.13
54.0643,811,17.4944087878,78.4139236889,486.748657227,226.5,12.56
54.1277,812,17.494403733,78.4139183621,486.749572754,225.42,5.38
54.2004,813,17.4944012048,78.4139157966,486.74041748,226.18,5.84
54.2684,814,17.4943986719,78.4139131568,486.743530273,225.85,12.42
54.3331,815,17.4943935151,78.4139078446,486.740478516,226.23,6.13
54.398,816,17.4943909782,78.4139051963,486.743591309,227.09,6.24
54.463,817,17.4943884328,78.4139024578,486.737304688,226.79,12.1
54.5288,818,17.494383407,78.4138971074,486.734802246,226.34,5.59
54.6,819,17.4943808745,78.4138944536,486.737915039,225.52,6.54
54.6619,820,17.4943782612,78.4138917923,486.730529785,225.98,11.58
54.7308,821,17.4943731533,78.4138865071,486.731842041,226.27,5.79
54.7995,822,17.4943706178,78.4138838568,486.730926514,225.93,5.77
54.8681,823,17.4943680813,78.4138812369,486.730987549,225.52,12.16
54.932,824,17.494363064,78.4138761277,486.734680176,226.18,6.08
54.9973,825,17.4943605312,78.4138734886,486.737792969,227.6,5.72
55.0674,826,17.4943580374,78.4138707575,486.740264893,226.86,12.84
55.1298,827,17.4943529833,78.4138653642,486.747589111,226.28,5.23
55.2046,828,17.4943504935,78.4138627603,486.755371094,226.54,6.54
55.2652,829,17.4943479805,78.4138601088,486.754730225,226.36,11.76
55.3314,830,17.4943430273,78.4138549155,486.761016846,226.44,6.39
55.3932,831,17.4943405193,78.4138522784,486.760284424,222.77,5.59
55.4621,832,17.4943379198,78.4138498738,486.761810303,226.15,11.12
55.5304,833,17.4943330718,78.4138448279,486.770812988,226.38,5.77
55.5986,834,17.4943305713,78.4138422037,486.774810791,223.4,5.83
55.6668,835,17.494327913,78.4138396897,486.787475586,228.31,12.28
55.7306,836,17.4943231017,78.4138342886,486.8097229,226.45,6.04
55.7955,837,17.4943206124,78.4138316699,486.817443848,226.33,10.08
55.8732,838,17.4943156256,78.4138264452,486.83996582,225.22,4.91
55.9506,839,17.494313161,78.4138239616,486.845123291,226.43,7.33
56.0038,840,17.4943106839,78.4138213578,486.850738525,223.93,7.02
56.062,841,17.4943079774,78.4138187509,486.855773926,225.77,11.58
56.1302,842,17.4943029007,78.4138135359,486.866394043,224.98,5.56
56.202,843,17.4943003016,78.4138109388,486.873657227,226.05,6.03
56.2669,844,17.4942978001,78.4138083435,486.877471924,225.29,11.43
56.3355,845,17.4942927194,78.4138032104,486.885009766,226.13,6.66
56.3942,846,17.4942902208,78.4138006116,486.892791748,224.0,5.76
56.4603,847,17.4942877016,78.4137981788,486.890777588,225.33,10.41
56.5346,848,17.4942826937,78.4137931123,486.903961182,225.97,6.0
56.5997,849,17.4942801901,78.4137905223,486.90512085,226.39,5.97
56.664,850,17.4942777477,78.4137879586,486.914794922,227.43,11.75
56.73,851,17.4942729086,78.4137826914,486.927490234,226.04,5.45
56.8017,852,17.4942704071,78.4137800975,486.93371582,226.21,10.53
56.8763,853,17.4942653969,78.4137748703,486.945617676,229.85,7.09
56.934,854,17.4942629575,78.4137719784,486.945343018,226.16,6.0
56.9994,855,17.4942604503,78.4137693676,486.951568604,228.89,6.15
57.0635,856,17.4942580562,78.4137666242,486.952850342,227.1,11.02
57.1365,857,17.4942530033,78.4137611873,486.956970215,226.45,5.26
57.209,858,17.4942505827,78.4137586408,486.951263428,226.36,12.51
57.272,859,17.4942455693,78.4137533831,486.950561523,228.13,6.18
57.3371,860,17.4942430889,78.4137506159,486.954437256,226.37,6.33
57.3997,861,17.4942405668,78.4137479702,486.95602417,228.46,5.96
57.4649,862,17.4942381861,78.4137452827,486.958770752,226.49,10.81
57.5382,863,17.4942331552,78.4137399832,486.975952148,226.53,6.22
57.602,864,17.4942306371,78.4137373267,486.978637695,226.4,6.09
57.6676,865,17.4942280989,78.4137346612,486.98727417,226.71,12.3
57.732,866,17.4942230918,78.413729346,486.994995117,226.54,5.52
57.804,867,17.494220573,78.4137266879,486.9949646,226.88,9.45
57.886,868,17.4942156892,78.4137214728,486.99118042,227.32,5.56
57.9558,869,17.4942132622,78.4137188408,486.988769531,226.37,11.47
58.0267,870,17.4942080902,78.4137134157,486.99319458,226.46,8.1
58.0759,871,17.4942055581,78.4137107514,486.994750977,226.79,7.22
58.1319,872,17.4942030041,78.4137080324,486.999572754,227.3,5.9
58.1992,873,17.494200519,78.4137053396,487.00982666,226.43,6.41
58.2615,874,17.4941979827,78.4137026736,487.007476807,226.17,11.37
58.3324,875,17.4941928368,78.4136973124,487.019226074,226.3,6.41
58.3947,876,17.4941902944,78.4136946521,487.019683838,227.24,10.54
58.4704,877,17.494185295,78.413689246,487.023468018,225.39,5.66
58.5401,878,17.4941827431,78.4136866592,487.023803711,226.28,6.39
58.6025,879,17.4941802026,78.4136840025,487.0284729,227.69,11.72
58.6708,880,17.4941752295,78.4136785394,487.018676758,226.32,6.27
58.7343,881,17.4941726958,78.4136758858,487.018218994,226.32,6.32
58.7972,882,17.4941701639,78.4136732349,487.024169922,226.36,5.92
58.866,883,17.4941675736,78.4136705187,487.017211914,226.18,12.72
58.9286,884,17.4941624898,78.4136652217,487.023834229,226.15,6.0
58.9948,885,17.4941599519,78.4136625801,487.023223877,227.98,6.28
59.0604,886,17.4941574072,78.4136597558,487.02947998,225.39,11.43
59.1301,887,17.494152255,78.4136545325,487.038299561,225.33,5.62
59.2004,888,17.4941496975,78.413651945,487.034637451,226.08,10.98
59.2719,889,17.4941446793,78.4136467338,487.045257568,226.45,6.5
59.3329,890,17.4941421624,78.4136440865,487.03225708,226.21,6.37
59.3941,891,17.4941396766,78.4136414936,487.040283203,227.28,10.12
59.4718,892,17.494134753,78.4136361616,487.032501221,226.14,4.88
59.5525,893,17.4941322384,78.4136335453,487.020721436,226.85,9.98
59.6297,894,17.4941273805,78.4136283628,487.0105896,227.31,6.87
59.6864,895,17.494124945,78.4136257226,486.995788574,226.44,7.82
59.7341,896,17.4941225743,78.4136232294,486.998779297,226.41,6.02
59.7971,897,17.4941201632,78.4136206967,487.000335693,225.37,10.52
59.8695,898,17.4941152353,78.4136157052,486.993255615,224.53,5.49
59.9389,899,17.494112737,78.4136132478,486.984191895,226.13,6.3
59.9983,900,17.494110348,78.4136107629,486.984191895,225.0,5.89
60.0638,901,17.4941078352,78.4136082499,486.976379395,225.4,10.94
60.1321,902,17.4941030027,78.4136033496,486.977081299,225.76,5.52
60.1994,903,17.4941006155,78.4136008986,486.977844238,225.96,5.89
60.2619,904,17.494098258,78.4135984608,486.977050781,226.55,10.92
60.3283,905,17.4940936615,78.413593608,486.97869873,226.09,5.29
60.3958,906,17.494091379,78.4135912371,486.97869873,227.39,5.42
60.4637,907,17.4940890789,78.4135887369,486.982086182,226.11,10.58
60.5327,908,17.4940844152,78.4135838887,486.986694336,226.26,5.37
60.6,909,17.4940821102,78.4135814802,486.988250732,225.86,5.8
60.6618,910,17.4940798115,78.4135791117,486.987365723,226.99,10.68
60.7286,911,17.4940753225,78.4135742991,486.990020752,226.19,4.86
60.8021,912,17.4940730426,78.4135719222,486.987365723,226.17,10.56
60.8696,913,17.4940684939,78.4135671845,486.98348999,225.85,5.27
60.936,914,17.4940662483,78.4135648712,486.978149414,226.46,5.49
60.9993,915,17.4940640399,78.4135625472,486.980010986,225.94,5.97
61.0597,916,17.4940617291,78.4135601597,486.977600098,226.84,9.82
61.1319,917,17.494057255,78.4135553881,486.985443115,224.91,5.49
61.1986,918,17.4940548676,78.4135530081,486.997650146,226.25,5.7
61.2612,919,17.4940525951,78.4135506341,486.996490479,226.03,10.87
61.3264,920,17.494048062,78.4135459352,487.007110596,226.31,5.37
61.3931,921,17.4940457803,78.413543547,487.010223389,227.52,4.91
61.4644,922,17.4940435988,78.4135411649,487.005279541,227.03,10.94
61.5302,923,17.4940390746,78.4135363088,486.998077393,226.52,5.53
61.5944,924,17.4940368238,78.4135339357,487.001708984,228.15,4.91
61.6679,925,17.4940346004,78.4135314535,486.993774414,227.55,12.15
61.7272,926,17.4940301145,78.4135265487,486.99697876,226.85,5.3
61.7961,927,17.4940278125,78.4135240927,487.001647949,227.24,5.09
61.8679,928,17.4940255214,78.4135216152,486.999603271,227.13,12.2
61.9281,929,17.494020911,78.4135166486,487.006011963,227.29,5.17
61.9995,930,17.4940186007,78.4135141457,487.006439209,228.79,5.63
62.0646,931,17.4940163699,78.4135115986,487.010925293,226.89,10.96
62.1323,932,17.4940116929,78.4135066028,487.016815186,227.89,5.73
62.1969,933,17.4940094011,78.4135040675,487.01953125,227.56,5.3
62.2675,934,17.4940070731,78.4135015218,487.02130127,228.15,12.65
62.3269,935,17.4940024458,78.4134963562,487.024383545,227.92,5.71
62.3929,936,17.4940001143,78.4134937741,487.029052734,226.94,5.67
62.4594,937,17.4939977421,78.4134912352,487.026031494,227.63,10.81
62.5292,938,17.4939930498,78.4134860911,487.030578613,228.09,5.73
62.5955,939,17.4939907057,78.4134834797,487.031463623,229.04,5.57
62.6656,940,17.4939883417,78.4134807566,487.038604736,229.2,11.7
62.7312,941,17.4939837097,78.41347539,487.044921875,227.54,5.84
62.7947,942,17.4939814013,78.4134728671,487.049133301,228.49,5.46
62.8651,943,17.4939790494,78.4134702097,487.048309326,228.19,11.84
62.93,944,17.4939743214,78.4134649237,487.040252686,228.4,5.74
62.9974,945,17.4939719507,78.4134622535,487.040252686,231.93,5.98
63.0619,946,17.4939697498,78.4134594434,487.029754639,227.33,11.34
63.1305,947,17.4939648858,78.4134541675,487.026580811,226.75,6.26
63.1946,948,17.4939623516,78.4134514733,487.034912109,228.21,5.84
63.2619,949,17.4939599316,78.4134487657,487.03036499,228.29,12.46
63.3257,950,17.4939550487,78.4134432873,487.044403076,228.12,5.62
63.3947,951,17.4939526576,78.4134406209,487.044769287,229.22,5.76
63.4621,952,17.4939503131,78.4134379028,487.05947876,228.19,11.09
63.5339,953,17.4939454118,78.4134324222,487.067047119,227.91,6.24
63.5974,954,17.4939429585,78.413429706,487.070281982,228.88,10.38
63.6745,955,17.4939380946,78.4134241337,487.075012207,227.85,6.74
63.7334,956,17.4939356369,78.4134214184,487.078125,227.82,6.01
63.7994,957,17.4939331774,78.4134187043,487.078277588,227.41,11.38
63.8694,958,17.493928204,78.4134132934,487.078277588,224.86,5.84
63.9366,959,17.4939256431,78.4134107448,487.077575684,227.34,5.02
64.0152,960,17.4939231767,78.4134080684,487.080688477,225.8,13.61
64.0727,961,17.4939181482,78.4134028972,487.078582764,224.08,6.52
64.1346,962,17.4939154811,78.4134003142,487.07611084,228.03,5.9
64.202,963,17.493913027,78.4133975853,487.080322266,226.7,6.25
64.2643,964,17.4939105664,78.4133949738,487.079956055,227.04,11.48
64.3331,965,17.4939056023,78.4133896427,487.091339111,227.6,6.46
64.3945,966,17.4939031338,78.4133869396,487.094909668,226.64,5.87
64.46,967,17.4939007018,78.4133843642,487.098022461,226.85,11.59
64.5265,968,17.4938958405,78.4133791789,487.099243164,226.99,5.4
64.5971,969,17.4938934413,78.4133766069,487.088592529,226.26,5.78
64.6611,970,17.4938910852,78.4133741445,487.088684082,225.86,10.92
64.7302,971,17.4938862413,78.413369153,487.073669434,226.05,5.78
64.7947,972,17.4938838562,78.4133666789,487.07522583,225.89,5.56
64.8642,973,17.4938813797,78.4133641238,487.064331055,225.78,10.94
64.9328,974,17.4938765569,78.4133591679,487.0652771,225.7,5.33
65.002,975,17.4938741837,78.413356736,487.060455322,227.34,6.23
65.062,976,17.4938718483,78.4133542018,487.07131958,226.23,10.6
65.1305,977,17.4938672184,78.4133493692,487.069000244,227.23,4.97
65.2033,978,17.4938649536,78.4133469207,487.064605713,225.59,5.39
65.2685,979,17.4938626883,78.4133446081,487.061706543,225.57,10.97
65.3342,980,17.4938580424,78.4133398684,487.056732178,225.49,5.95
65.3935,981,17.4938557648,78.4133375519,487.056732178,224.78,5.35
65.4596,982,17.4938534554,78.4133352602,487.048400879,226.22,10.35
65.5269,983,17.4938490112,78.4133306226,487.047912598,225.27,4.92
65.5966,984,17.4938467874,78.4133283777,487.043212891,226.21,5.31
65.6617,985,17.4938445803,78.4133260756,487.047332764,226.35,10.45
65.7266,986,17.4938402635,78.4133215508,487.044616699,224.5,4.75
65.7959,987,17.4938381005,78.413319425,487.045623779,225.17,4.52
65.8669,988,17.4938360183,78.4133173307,487.041900635,224.55,9.61
65.9349,989,17.4938317319,78.4133131105,487.038574219,225.3,4.86
66.0021,990,17.4938296167,78.4133109728,487.040039062,224.87,5.09
66.0639,991,17.4938275658,78.4133089315,487.037261963,223.37,9.54
66.1286,992,17.49382344,78.4133050337,487.039337158,223.05,4.32
66.201,993,17.4938213411,78.413303073,487.036743164,224.44,8.58
66.2705,994,17.493817424,78.4132992311,487.032653809,230.62,4.26
66.3415,995,17.4938156477,78.4132970668,487.034912109,224.76,5.56
66.3934,996,17.4938137601,78.4132951952,487.034912109,229.27,4.43
66.4618,997,17.493811933,78.4132930731,487.03604126,227.41,8.25
66.5322,998,17.4938083059,78.4132891273,487.034088135,225.39,4.52
66.5931,999,17.4938065266,78.4132873238,487.035644531,226.96,4.07
66.6633,1000,17.4938047292,78.4132853992,487.031433105,227.21,8.52
66.7262,1001,17.4938013692,78.4132817694,487.032653809,225.79,3.9
66.7928,1002,17.493799701,78.4132800543,487.029724121,227.08,3.55
66.8621,1003,17.4937981544,78.4132783912,487.029815674,225.33,7.2
66.9316,1004,17.4937949134,78.4132751132,487.027252197,225.92,3.87
66.9951,1005,17.4937933383,78.4132734865,487.029266357,223.05,3.65
67.0593,1006,17.4937917627,78.4132720145,487.030975342,223.27,6.99
67.1265,1007,17.4937886174,78.4132690538,487.033203125,225.36,3.02
67.2004,1008,17.4937871748,78.4132675931,487.039520264,225.74,3.4
67.2681,1009,17.4937856965,78.4132660761,487.038238525,225.77,6.75
67.3322,1010,17.4937829155,78.4132632198,487.047210693,225.83,3.58
67.3936,1011,17.4937815048,78.4132617677,487.045593262,222.98,3.57
67.4591,1012,17.4937799334,78.4132603034,487.048217773,225.95,6.18
67.5284,1013,17.4937771895,78.4132574674,487.050018311,225.8,3.24
67.5928,1014,17.4937758475,78.4132560875,487.053131104,225.65,2.89
67.6606,1015,17.4937745862,78.4132547974,487.053924561,226.15,6.06
67.7264,1016,17.4937720389,78.4132521455,487.058197021,226.14,2.91
67.794,1017,17.4937707807,78.4132508363,487.061309814,225.57,2.61
67.8654,1018,17.4937695777,78.4132496093,487.064453125,224.41,5.26
67.9361,1019,17.4937671321,78.4132472138,487.068878174,225.75,2.83
68.0016,1020,17.4937659416,78.4132459917,487.065429688,225.83,2.66
68.063,1021,17.4937648925,78.4132449118,487.068786621,221.64,5.3
68.1287,1022,17.4937625034,78.413242788,487.069274902,218.43,2.62
68.1955,1023,17.4937612457,78.4132417901,487.074707031,225.14,2.55
68.2626,1024,17.4937601349,78.4132406738,487.073608398,221.44,4.9
68.3285,1025,17.4937579127,78.4132387116,487.079620361,225.04,2.44
68.3963,1026,17.4937568383,78.4132376358,487.082733154,219.08,2.47
68.4605,1027,17.4937557094,78.4132367191,487.086334229,219.68,4.8
68.5271,1028,17.4937534516,78.4132348457,487.097137451,223.77,2.46
68.5935,1029,17.4937523683,78.413233808,487.092895508,224.1,2.15
68.6612,1030,17.4937514055,78.4132328749,487.101135254,229.72,4.32
68.7302,1031,17.4937496244,78.4132307735,487.114685059,223.88,2.39
68.7965,1032,17.4937485718,78.4132297612,487.115692139,225.08,4.07
68.8691,1033,17.493746652,78.413227836,487.133361816,225.62,2.35
68.9342,1034,17.4937456657,78.413226828,487.14855957,225.28,2.54
68.9965,1035,17.4937446413,78.4132257935,487.149169922,226.63,2.21
69.0603,1036,17.4937437477,78.4132248477,487.154754639,229.41,4.49
69.1265,1037,17.4937419622,78.4132227641,487.155334473,237.91,2.33
69.1933,1038,17.493741192,78.4132215358,487.155761719,225.22,2.26
69.2621,1039,17.493740183,78.413220519,487.155578613,233.16,4.54
69.3259,1040,17.4937385747,78.413218372,487.165985107,226.07,2.29
69.3939,1041,17.4937375811,78.4132173404,487.1690979,243.54,2.02
69.4598,1042,17.4937370283,78.4132162298,487.190124512,237.13,4.19
69.5271,1043,17.4937356045,78.4132140264,487.225128174,228.04,2.17
69.5964,1044,17.4937346769,78.4132129946,487.232269287,251.34,2.12
69.6608,1045,17.493734266,78.4132117782,487.26171875,229.48,4.05
69.7297,1046,17.4937325885,78.4132098153,487.272094727,217.62,2.0
69.7998,1047,17.4937315727,78.4132090324,487.299835205,228.04,2.27
69.866,1048,17.4937306468,78.4132080026,487.299194336,227.13,4.89
69.9268,1049,17.4937287792,78.4132059905,487.340667725,227.61,2.32
69.9987,1050,17.4937277422,78.4132048544,487.388763428,227.52,2.51
70.0587,1051,17.4937268025,78.413203828,487.389221191,221.28,4.14
70.1311,1052,17.4937247358,78.4132020139,487.420532227,221.14,2.16
70.2011,1053,17.4937236897,78.4132011002,487.426849365,226.96,2.44
70.2624,1054,17.4937227469,78.4132000907,487.434143066,225.66,4.65
70.3289,1055,17.4937207563,78.4131980537,487.453857422,226.77,2.37
70.3927,1056,17.4937198031,78.4131970397,487.458465576,220.18,2.29
70.4601,1057,17.4937187194,78.4131961246,487.468353271,226.18,4.42
70.5314,1058,17.4937167078,78.4131940286,487.487945557,225.58,2.37
70.5954,1059,17.4937157318,78.4131930325,487.498199463,228.81,2.48
70.662,1060,17.4937147285,78.4131918859,487.5078125,222.93,4.7
70.7266,1061,17.4937126842,78.4131899843,487.52154541,225.58,2.26
70.7932,1062,17.4937117139,78.4131889943,487.533996582,225.26,3.83
70.8722,1063,17.493709752,78.4131870147,487.540771484,218.73,2.15
70.9461,1064,17.4937086189,78.413186106,487.548065186,225.07,2.62
71.0027,1065,17.4937076528,78.4131851374,487.550506592,228.46,2.69
71.0604,1066,17.4937067023,78.4131840644,487.561157227,225.71,4.52
71.1289,1067,17.4937047121,78.4131820244,487.583496094,226.99,2.0
71.2088,1068,17.4937037056,78.4131809455,487.603485107,225.28,4.59
71.2724,1069,17.4937018136,78.4131790348,487.619110107,225.32,2.38
71.3305,1070,17.4937009188,78.4131781301,487.622955322,224.97,2.41
71.3921,1071,17.4936999497,78.4131771621,487.63571167,225.69,2.03
71.46,1072,17.493699063,78.4131762538,487.639984131,226.09,3.96
71.5301,1073,17.49369729,78.4131744123,487.659301758,220.8,2.23
71.5962,1074,17.4936962683,78.4131735303,487.660003662,225.38,2.05
71.6604,1075,17.4936954149,78.4131726655,487.670898438,226.12,3.62
71.7301,1076,17.4936938041,78.4131709904,487.682037354,225.21,1.88
71.7967,1077,17.4936929933,78.4131701737,487.692932129,220.54,1.87
71.8656,1078,17.493692096,78.4131694062,487.694122314,224.64,3.27
71.9353,1079,17.4936906032,78.413167932,487.704864502,225.59,1.83
71.9969,1080,17.4936898759,78.4131671896,487.719360352,227.43,1.88
72.0602,1081,17.493689134,78.4131663818,487.713317871,226.53,2.99
72.1297,1082,17.4936878151,78.4131649906,487.736053467,216.96,1.89
72.1992,1083,17.4936868552,78.4131642682,487.755157471,225.29,1.54
72.2608,1084,17.4936862386,78.4131636453,487.776031494,222.33,2.8
72.329,1085,17.4936849434,78.4131624654,487.823852539,226.21,1.41
72.3936,1086,17.4936843618,78.4131618587,487.832824707,197.91,1.46
72.4585,1087,17.4936835498,78.4131615963,487.842071533,218.97,2.44
72.5263,1088,17.4936823722,78.4131606438,487.823638916,221.9,1.27
72.5971,1089,17.4936817567,78.4131600916,487.818969727,217.12,1.07
72.6628,1090,17.4936812462,78.4131597052,487.783081055,225.35,2.52
72.7281,1091,17.4936801816,78.4131586274,487.764801025,220.58,1.36
72.7952,1092,17.4936795458,78.4131580829,487.771026611,228.8,2.56
72.8704,1093,17.4936783754,78.413156746,487.798461914,219.8,1.35
72.9351,1094,17.4936777609,78.413156234,487.834625244,223.29,1.43
72.997,1095,17.4936771674,78.413155675,487.848907471,229.24,1.21
73.0612,1096,17.4936766999,78.4131551326,487.865661621,224.16,2.24
73.1266,1097,17.4936757335,78.4131541941,487.86807251,231.14,1.23
73.1933,1098,17.493675257,78.4131536028,487.865509033,223.01,1.26
73.2589,1099,17.4936747025,78.4131530856,487.86114502,234.55,2.45
73.3261,1100,17.4936738173,78.4131518421,487.869384766,221.73,1.26
73.3919,1101,17.4936732488,78.413151335,487.867645264,222.76,1.17
73.4594,1102,17.4936727151,78.4131508414,487.88079834,225.84,2.39
73.5257,1103,17.4936716961,78.4131497921,487.897735596,205.71,0.91
73.5953,1104,17.493671177,78.4131495422,487.879577637,225.43,1.06
73.6593,1105,17.4936707388,78.4131490973,487.896087646,216.54,2.41
73.7272,1106,17.4936695368,78.4131482067,487.881622314,210.16,1.32
73.7952,1107,17.4936688294,78.4131477957,487.886871338,223.5,1.09
73.8662,1108,17.4936683122,78.4131473049,487.880126953,217.76,2.7
73.93,1109,17.4936670656,78.4131463394,487.894317627,220.76,1.11
73.9963,1110,17.4936665547,78.4131458991,487.923980713,220.3,1.51
74.0583,1111,17.4936658995,78.4131453435,487.910766602,223.81,2.55
74.1303,1112,17.4936646783,78.413144172,487.945861816,218.79,1.03
74.2033,1113,17.4936641414,78.4131437404,487.97869873,221.04,2.89
74.2729,1114,17.4936627476,78.413142527,488.006439209,213.89,1.27
74.3302,1115,17.493662198,78.4131421578,487.985321045,221.39,1.76
74.3918,1116,17.4936614511,78.4131414995,488.006622314,218.16,1.56
74.4596,1117,17.4936606905,78.4131409019,487.969818115,219.22,3.19
74.5312,1118,17.4936590681,78.4131395777,487.967224121,220.73,1.91
74.5967,1119,17.4936581977,78.4131388282,487.9637146,220.71,1.87
74.6608,1120,17.493657365,78.4131381118,487.965606689,225.65,4.09
74.727,1121,17.4936556208,78.4131363275,487.970306396,220.93,2.14
74.7926,1122,17.4936546471,78.4131354831,487.978515625,229.97,1.65
74.8662,1123,17.4936539247,78.413134623,487.974975586,224.5,4.04
74.9346,1124,17.4936521123,78.4131328421,487.971374512,221.86,2.41
74.9973,1125,17.4936510772,78.4131319147,487.982055664,228.01,2.32
75.0585,1126,17.4936502016,78.4131309419,487.96572876,226.05,4.73
75.1275,1127,17.4936481155,78.4131287778,487.972839355,230.43,2.45
75.1943,1128,17.4936471493,78.4131276088,487.964416504,222.83,2.6
75.2603,1129,17.4936459927,78.4131265367,487.97064209,226.26,5.05
75.3286,1130,17.4936437924,78.4131242375,487.964141846,232.54,2.63
75.3939,1131,17.4936428261,78.4131229764,487.961486816,223.44,2.73
75.4613,1132,17.4936415994,78.4131218149,487.963165283,226.64,5.48
75.5292,1133,17.4936392416,78.4131193183,487.962615967,219.97,3.2
75.5925,1134,17.4936378195,78.4131181264,487.961608887,223.52,2.89
75.6603,1135,17.4936365123,78.4131168852,487.961639404,225.21,5.93
75.7287,1136,17.4936338818,78.4131142354,487.964233398,223.47,3.17
75.7931,1137,17.4936325178,78.4131129423,487.963012695,219.65,2.92
75.8666,1138,17.4936310024,78.4131116862,487.963195801,225.92,6.7
75.9305,1139,17.4936282563,78.4131088507,487.96081543,223.25,3.37
75.9945,1140,17.4936268105,78.4131074906,487.965484619,223.58,3.24
76.0625,1141,17.4936253421,78.413106093,487.96383667,226.9,6.7
76.1283,1142,17.4936225652,78.4131031259,487.963134766,226.54,3.24
76.1982,1143,17.4936211305,78.413101612,487.970306396,224.06,6.48
76.2702,1144,17.4936180441,78.4130986252,487.971710205,224.29,3.99
76.3332,1145,17.4936163874,78.4130970088,487.979492188,223.67,4.14
76.3917,1146,17.4936147752,78.41309547,487.976501465,222.12,3.66
76.4629,1147,17.4936129972,78.4130938622,487.984405518,227.68,7.24
76.5326,1148,17.4936098632,78.4130904201,487.991668701,223.91,3.96
76.5972,1149,17.4936081684,78.4130887885,487.994781494,232.77,4.11
76.6605,1150,17.4936067111,78.4130868706,488.000396729,223.92,7.98
76.7266,1151,17.4936032143,78.4130835037,488.008728027,223.78,3.93
76.7923,1152,17.4936014997,78.4130818605,488.013275146,224.1,3.7
76.8656,1153,17.4935997093,78.4130801256,488.013763428,225.32,8.93
76.9286,1154,17.4935960644,78.4130764394,488.018554688,224.27,4.3
76.9922,1155,17.4935942642,78.4130746844,488.009613037,223.93,4.16
77.0599,1156,17.4935923975,78.4130728864,488.015838623,222.72,8.44
77.1287,1157,17.4935884756,78.4130692651,488.012542725,221.06,4.68
77.1926,1158,17.4935864073,78.4130674636,488.012145996,223.42,4.32
77.2598,1159,17.4935844671,78.4130656273,488.014434814,222.9,8.75
77.328,1160,17.4935804468,78.4130618919,488.017181396,223.08,4.31
77.3945,1161,17.4935785211,78.4130600912,488.024810791,223.09,4.23
77.4656,1162,17.4935765029,78.4130582034,488.015411377,222.25,8.92
77.5314,1163,17.4935725132,78.4130545789,488.012145996,222.73,4.56
77.5952,1164,17.4935705489,78.4130527642,488.012695312,222.95,4.41
77.6617,1165,17.4935685744,78.4130509264,488.000732422,222.84,8.98
77.728,1166,17.4935645599,78.4130472043,487.983459473,222.74,4.28
77.7957,1167,17.4935626032,78.4130453964,487.988128662,229.66,4.38
77.8635,1168,17.4935608283,78.4130433063,487.972717285,227.07,8.28
77.9346,1169,17.4935571301,78.4130393314,487.966217041,223.28,4.21
78.0033,1170,17.4935551937,78.4130375077,487.967773438,233.03,4.64
78.0659,1171,17.4935535738,78.413035356,487.964080811,225.91,8.84
78.1336,1172,17.4935497366,78.413031395,487.963897705,227.49,4.36
78.2016,1173,17.4935478881,78.4130293782,487.958007812,224.36,4.48
78.2663,1174,17.4935459799,78.4130275124,487.959564209,224.78,9.42
78.329,1175,17.4935421217,78.4130236841,487.954437256,224.48,4.67
78.3915,1176,17.4935402067,78.4130218036,487.954437256,222.67,4.33
78.4616,1177,17.4935381553,78.4130199127,487.946960449,223.06,8.47
78.5297,1178,17.4935342784,78.4130162902,487.943023682,224.18,4.63
78.5935,1179,17.4935323304,78.4130143969,487.944580078,224.11,4.38
78.6589,1180,17.4935304382,78.4130125625,487.93963623,224.81,8.6
78.729,1181,17.4935265019,78.4130086516,487.938842773,224.35,4.23
78.7998,1182,17.4935245297,78.4130067236,487.935241699,225.51,4.94
78.8646,1183,17.4935224633,78.41300462,487.934356689,226.22,9.38
78.9313,1184,17.4935184738,78.4130004573,487.931671143,224.61,4.54
78.9984,1185,17.4935164761,78.4129984863,487.933227539,227.05,4.91
79.0611,1186,17.4935145409,78.4129964077,487.925018311,225.47,9.46
79.1255,1187,17.4935106046,78.4129924064,487.918640137,225.4,4.08
79.2011,1188,17.4935086094,78.4129903832,487.918060303,224.87,4.81
79.2639,1189,17.4935066372,78.4129884196,487.914825439,225.59,9.55
79.3284,1190,17.4935026661,78.4129843662,487.916320801,225.09,4.58
79.3959,1191,17.4935006575,78.4129823511,487.913452148,225.58,5.04
79.458,1192,17.4934986393,78.4129802916,487.913574219,224.72,9.08
79.5271,1193,17.4934945336,78.4129762261,487.912261963,225.24,4.65
79.5935,1194,17.493492533,78.4129742086,487.915374756,227.22,4.64
79.6605,1195,17.4934905873,78.4129721056,487.910827637,226.34,9.54
79.7251,1196,17.4934866663,78.4129679964,487.901672363,225.73,4.57
79.7923,1197,17.4934846927,78.4129659722,487.904785156,225.72,4.25
79.8615,1198,17.4934828015,78.4129640327,487.897735596,225.56,9.57
79.9279,1199,17.4934787009,78.4129598515,487.896575928,226.15,4.68
79.9926,1200,17.4934767663,78.4129578378,487.895202637,230.58,4.81
80.0583,1201,17.493474911,78.4129555808,487.884918213,231.16,8.6
80.126,1202,17.4934715314,78.4129513837,487.873382568,238.13,4.14
80.1926,1203,17.493470177,78.4129492056,487.869384766,227.45,4.32
80.261,1204,17.4934683354,78.4129471991,487.865478516,227.67,8.96
80.3278,1205,17.4934646159,78.4129431155,487.865264893,228.05,4.46
80.3931,1206,17.4934628205,78.4129411183,487.866485596,222.33,4.64
80.4582,1207,17.4934607707,78.4129392514,487.870941162,226.79,9.01
80.5244,1208,17.4934570041,78.4129352411,487.889099121,227.8,4.2
80.5924,1209,17.4934552322,78.4129332867,487.882598877,229.69,4.42
80.6609,1210,17.4934534225,78.4129311534,487.903839111,228.49,8.51
80.7268,1211,17.4934499889,78.4129272741,487.912719727,228.48,3.94
80.7973,1212,17.4934482888,78.4129253538,487.914276123,227.76,4.18
80.8624,1213,17.4934466012,78.412923495,487.917053223,227.49,8.44
80.9269,1214,17.4934432076,78.4129197927,487.918518066,228.92,3.97
80.9938,1215,17.4934415972,78.4129179452,487.920074463,224.96,3.62
81.0674,1216,17.4934398619,78.4129162123,487.924255371,227.97,7.77
81.1352,1217,17.4934366043,78.4129125981,487.938751221,229.88,4.31
81.1973,1218,17.493435009,78.412910705,487.946868896,229.53,3.78
81.2635,1219,17.4934335083,78.4129089459,487.948425293,226.8,7.61
81.3285,1220,17.4934303873,78.4129056226,487.959442139,229.64,3.69
81.3933,1221,17.4934289566,78.412903939,487.960998535,227.29,3.5
81.4602,1222,17.4934274922,78.4129023524,487.960266113,224.9,7.01
81.5271,1223,17.4934244345,78.4128993052,487.961486816,229.85,3.4
81.593,1224,17.493423099,78.412897722,487.963043213,224.95,3.28
81.6635,1225,17.4934215907,78.4128962164,487.963043213,225.09,7.19
81.726,1226,17.4934186705,78.4128932868,487.967102051,229.55,2.93
81.7976,1227,17.4934174131,78.4128918122,487.962677002,221.67,3.58
81.8616,1228,17.4934158393,78.4128904117,487.96194458,221.38,6.52
81.9265,1229,17.4934129246,78.4128878435,487.950286865,229.1,3.03
81.9914,1230,17.4934117355,78.412886471,487.951477051,214.21,3.04
82.0667,1231,17.4934100094,78.4128852977,487.948699951,224.69,5.92
82.1344,1232,17.4934073877,78.4128827043,487.942840576,224.21,2.82
82.2007,1233,17.4934061543,78.4128815045,487.942779541,228.13,2.73
82.2669,1234,17.4934050412,78.4128802625,487.937835693,226.04,5.38
82.3286,1235,17.493402918,78.4128780608,487.936950684,226.65,2.18
82.4066,1236,17.4934018416,78.4128769206,487.933563232,227.62,3.06
82.4629,1237,17.4934007694,78.4128757455,487.935119629,226.57,5.3
82.5263,1238,17.4933986409,78.4128734973,487.935974121,227.77,2.43
82.5915,1239,17.4933976576,78.4128724141,487.937927246,227.69,2.57
82.6579,1240,17.493396599,78.4128712511,487.933441162,228.04,5.01
82.7257,1241,17.4933945044,78.4128689214,487.929992676,229.06,2.22
82.8002,1242,17.493393501,78.4128677645,487.928009033,227.05,2.69
82.8632,1243,17.4933924375,78.4128666221,487.923797607,227.85,5.17
82.9268,1244,17.4933904012,78.4128643727,487.924041748,226.46,2.36
82.9984,1245,17.4933893291,78.4128632445,487.919494629,227.98,2.29
83.0674,1246,17.4933883525,78.4128621606,487.920806885,227.12,4.92
83.1339,1247,17.4933862992,78.4128599494,487.920532227,226.18,2.58
83.1976,1248,17.4933852507,78.4128588568,487.922180176,226.56,2.6
83.2625,1249,17.4933841811,78.4128577273,487.919342041,224.26,5.0
83.3293,1250,17.4933819778,78.4128555805,487.920135498,225.55,2.51
83.3983,1251,17.493380859,78.4128544399,487.918243408,226.31,2.73
83.4613,1252,17.4933797656,78.4128532953,487.923065186,229.1,5.21
83.5261,1253,17.4933777245,78.4128509393,487.938598633,225.81,2.62
83.5946,1254,17.493376571,78.4128497528,487.936035156,226.98,2.51
83.6595,1255,17.4933755479,78.4128486566,487.944122314,226.36,4.99
83.7293,1256,17.4933733343,78.4128463351,487.950683594,225.74,2.78
83.7969,1257,17.4933721265,78.4128450955,487.95223999,225.15,2.63
83.8629,1258,17.4933709984,78.4128439614,487.959472656,226.26,5.5
83.9319,1259,17.4933685812,78.4128414355,487.969512939,225.91,3.06
83.9966,1260,17.4933673135,78.4128401271,487.972625732,224.8,2.89
84.0623,1261,17.4933660726,78.4128388949,487.981964111,224.97,5.93
84.1275,1262,17.4933635545,78.4128363798,487.998077393,225.18,2.81
84.1951,1263,17.4933623201,78.4128351375,488.00881958,226.05,3.34
84.2579,1264,17.4933609799,78.4128337472,488.011932373,226.65,6.13
84.3259,1265,17.4933583435,78.4128309546,488.027252197,226.1,3.02
84.3976,1266,17.4933569587,78.4128295155,488.031921387,225.96,3.4
84.4587,1267,17.493355626,78.4128281376,488.044006348,224.75,6.59
84.5244,1268,17.4933527949,78.4128253307,488.058685303,225.99,3.33
84.5912,1269,17.4933513715,78.412823857,488.063354492,227.56,3.21
84.659,1270,17.4933500151,78.4128223738,488.066680908,225.61,6.79
84.7249,1271,17.4933471308,78.4128194271,488.077331543,226.1,3.01
84.7998,1272,17.4933456888,78.4128179289,488.078979492,225.05,3.75
84.8617,1273,17.4933441776,78.4128164152,488.089538574,224.85,6.58
84.9309,1274,17.4933412031,78.4128134566,488.099212646,229.47,3.69
84.9929,1275,17.4933398275,78.4128118478,488.109588623,225.65,3.24
85.063,1276,17.493338363,78.4128103496,488.110443115,226.48,6.82
85.131,1277,17.4933354176,78.4128072484,488.118804932,226.64,3.43
85.1952,1278,17.4933340253,78.4128057741,488.128143311,225.77,3.53
85.26,1279,17.4933325571,78.4128042658,488.129119873,223.29,6.53
85.3271,1280,17.4933296242,78.4128015028,488.143676758,225.64,3.33
85.3961,1281,17.4933281425,78.4127999875,488.144348145,223.24,2.96
85.4652,1282,17.4933267747,78.4127987013,488.161193848,223.22,7.3
85.5264,1283,17.493323783,78.4127958897,488.17767334,225.31,3.58
85.5916,1284,17.4933222726,78.4127943628,488.183898926,224.67,3.22
85.6606,1285,17.4933208177,78.4127929246,488.195495605,225.55,6.32
85.7341,1286,17.4933178215,78.4127898706,488.213500977,228.34,3.67
85.7971,1287,17.4933164039,78.4127882773,488.227416992,226.09,3.39
85.8678,1288,17.4933148702,78.4127866839,488.232177734,223.14,8.01
85.9271,1289,17.4933116838,78.4127836975,488.250793457,217.85,3.49
85.9948,1290,17.4933099746,78.4127823695,488.250549316,225.22,3.77
86.0604,1291,17.4933083696,78.4127807523,488.256774902,223.26,6.99
86.1303,1292,17.493305096,78.4127776717,488.254699707,218.36,3.54
86.1941,1293,17.4933034724,78.4127763866,488.24911499,225.83,3.97
86.2581,1294,17.4933018425,78.4127747085,488.254394531,222.3,6.66
86.3322,1295,17.4932984907,78.4127716589,488.258239746,226.31,4.14
86.3951,1296,17.4932968324,78.4127699227,488.265563965,218.97,3.66
86.4631,1297,17.4932950608,78.4127684894,488.259460449,224.99,8.08
86.5267,1298,17.4932917134,78.4127651426,488.265899658,227.93,4.11
86.592,1299,17.4932900554,78.4127633056,488.26776123,225.81,3.82
86.6628,1300,17.4932883195,78.4127615198,488.271820068,226.88,8.36
86.7277,1301,17.4932848995,78.4127578677,488.27746582,229.41,4.16
86.7949,1302,17.4932832201,78.4127559076,488.272003174,226.66,4.09
86.8629,1303,17.4932814605,78.412754043,488.278991699,228.2,8.5
86.93,1304,17.4932779525,78.4127501191,488.28213501,226.35,4.29
87.0025,1305,17.4932759745,78.4127480459,488.285003662,226.91,4.79
87.0626,1306,17.4932741605,78.4127461069,488.290405273,227.22,9.07
87.1297,1307,17.4932703459,78.4127419844,488.296508789,226.21,5.04
87.1952,1308,17.4932682408,78.4127397882,488.296295166,226.62,4.17
87.2669,1309,17.4932663496,78.4127377868,488.302520752,228.1,9.47
87.3354,1310,17.4932623503,78.41273333,488.301635742,226.57,4.6
87.4021,1311,17.4932604058,78.4127312759,488.307861328,231.53,5.79
87.4651,1312,17.4932583048,78.4127286315,488.303039551,225.6,10.56
87.5284,1313,17.4932539955,78.4127242305,488.305450439,226.62,5.01
87.592,1314,17.4932519777,78.4127220955,488.310821533,224.64,5.09
87.6618,1315,17.4932496509,78.4127197975,488.30267334,227.38,9.65
87.7307,1316,17.4932454958,78.4127152816,488.299377441,229.22,5.12
87.7963,1317,17.4932434668,78.4127129292,488.290649414,226.38,5.14
87.8607,1318,17.4932413614,78.4127107199,488.293762207,228.61,9.47
87.9313,1319,17.4932372803,78.4127060898,488.292297363,230.87,4.87
87.9981,1320,17.493235381,78.4127037549,488.291931152,226.46,4.84
88.0679,1321,17.493233236,78.412701498,488.296234131,229.85,10.7
88.1314,1322,17.4932291872,78.4126966982,488.301605225,232.22,5.01
88.2001,1323,17.493227233,78.4126941774,488.305664062,226.62,5.22
88.2661,1324,17.4932250496,78.4126918669,488.30758667,228.9,10.69
88.3304,1325,17.4932208753,78.4126870818,488.315338135,226.67,4.77
88.4037,1326,17.4932186626,78.412684736,488.318847656,228.02,6.07
88.4607,1327,17.4932165245,78.41268236,488.322143555,227.72,10.64
88.5257,1328,17.4932122311,78.4126776386,488.329193115,226.64,5.42
88.5912,1329,17.4932099818,78.4126752564,488.332305908,229.53,5.07
88.6597,1330,17.4932078964,78.4126728123,488.336883545,229.38,10.4
88.7273,1331,17.4932036664,78.4126678809,488.345214844,226.91,5.44
88.7934,1332,17.4932014,78.4126654584,488.349029541,231.67,5.37
88.8583,1333,17.493199399,78.4126629277,488.355377197,228.04,10.67
88.9255,1334,17.4931949725,78.4126580049,488.369842529,231.83,5.29
88.9965,1335,17.4931928219,78.412655269,488.377990723,227.41,5.26
89.0658,1336,17.4931905448,78.4126527922,488.384216309,224.68,10.82
89.1347,1337,17.4931856642,78.4126479655,488.404571533,226.7,5.59
89.2015,1338,17.4931833012,78.4126454577,488.410400391,227.13,6.36
89.2594,1339,17.4931809895,78.4126429676,488.416931152,226.36,11.24
89.3262,1340,17.4931762134,78.4126379588,488.427154541,227.05,5.44
89.3943,1341,17.4931738863,78.4126354586,488.434326172,227.0,5.71
89.4597,1342,17.4931715358,78.4126329379,488.437652588,226.69,11.48
89.5254,1343,17.4931667664,78.4126278788,488.444671631,226.93,5.54
89.5913,1344,17.4931644652,78.4126254168,488.45022583,225.86,5.37
89.659,1345,17.4931621311,78.4126230118,488.451507568,226.64,10.12
89.7319,1346,17.4931574607,78.4126180664,488.456207275,226.71,5.68
89.7976,1347,17.4931550996,78.41261556,488.460876465,225.59,9.84
89.871,1348,17.4931504417,78.4126108045,488.464294434,225.54,6.12
89.9279,1349,17.4931481941,78.4126085138,488.460327148,226.44,5.37
89.9973,1350,17.4931458261,78.4126060236,488.463867188,225.5,5.18
90.0669,1351,17.4931435001,78.4126036564,488.461853027,225.58,11.17
90.1326,1352,17.4931387664,78.4125988264,488.463745117,225.15,5.4
90.1979,1353,17.4931364744,78.4125965226,488.463256836,226.13,5.47
90.266,1354,17.4931340966,78.4125940495,488.466369629,226.25,11.44
90.3292,1355,17.4931294875,78.4125892344,488.468688965,225.89,5.48
90.3955,1356,17.4931271558,78.4125868292,488.46774292,226.04,5.43
90.464,1357,17.4931247783,78.4125843637,488.470611572,228.99,12.33
90.526,1358,17.4931201452,78.4125790357,488.4765625,226.3,5.62
90.5923,1359,17.4931177737,78.4125765544,488.481231689,226.11,5.6
90.6629,1360,17.4931152463,78.4125739267,488.480407715,226.84,10.73
90.7334,1361,17.4931104733,78.4125688363,488.48223877,226.35,5.81
90.7965,1362,17.4931081413,78.412566392,488.487182617,229.15,6.22
90.8606,1363,17.4931057321,78.4125636054,488.478424072,227.75,12.11
90.9246,1364,17.4931009228,78.4125583104,488.476348877,226.47,5.24
90.9962,1365,17.4930985402,78.412555802,488.478546143,230.64,5.69
91.0667,1366,17.4930961881,78.4125529341,488.474945068,227.23,11.5
91.1336,1367,17.4930913676,78.4125477227,488.474334717,229.8,6.23
91.1994,1368,17.4930889228,78.4125448297,488.474182129,226.75,5.97
91.2628,1369,17.4930865317,78.412542288,488.477081299,228.74,12.05
91.3278,1370,17.4930817605,78.412536849,488.481109619,226.85,5.29
91.3981,1371,17.4930794145,78.4125343466,488.483062744,234.49,5.63
91.4643,1372,17.4930774051,78.4125315306,488.500335693,228.7,13.41
91.5252,1373,17.4930724251,78.4125258619,488.519622803,227.19,5.75
91.5915,1374,17.4930700362,78.4125232832,488.521759033,220.86,6.73
91.6591,1375,17.4930668777,78.4125205511,488.535186768,225.42,11.1
91.7317,1376,17.4930616694,78.4125152661,488.55279541,226.85,6.17
91.7941,1377,17.4930592398,78.4125126742,488.555877686,226.92,5.86
91.8654,1378,17.4930566066,78.412509858,488.566101074,226.43,13.54
91.9245,1379,17.4930515235,78.4125045148,488.575592041,226.75,5.65
91.9931,1380,17.4930490758,78.4125019125,488.580383301,229.15,5.46
92.0634,1381,17.4930467582,78.4124992322,488.589508057,227.43,12.16
92.127,1382,17.4930419323,78.4124939777,488.602783203,223.37,6.02
92.1915,1383,17.493039336,78.4124915248,488.607177734,226.7,5.73
92.259,1384,17.4930368902,78.4124889292,488.612854004,224.81,11.21
92.3288,1385,17.4930317807,78.4124838539,488.625152588,226.48,5.69
92.3968,1386,17.4930293262,78.4124812689,488.630889893,219.14,6.45
92.4597,1387,17.4930264407,78.4124789202,488.641143799,223.57,11.62
92.5278,1388,17.4930211673,78.4124739039,488.662414551,225.98,5.85
92.5939,1389,17.4930186888,78.4124713393,488.669616699,221.91,5.75
92.6609,1390,17.493016055,78.4124689755,488.683380127,225.78,11.22
92.7299,1391,17.4930110823,78.4124638651,488.694915771,225.68,5.81
92.7963,1392,17.4930086004,78.4124613237,488.702423096,227.5,5.78
92.8624,1393,17.493006218,78.4124587241,488.701934814,225.17,11.37
92.9316,1394,17.4930011096,78.4124535844,488.706634521,225.68,6.1
92.9949,1395,17.492998624,78.4124510394,488.711303711,225.78,5.71
93.0646,1396,17.4929960649,78.41244841,488.718200684,226.09,11.23
93.1336,1397,17.4929911137,78.4124432663,488.733642578,227.76,6.4
93.1957,1398,17.4929886482,78.412440551,488.749176025,225.62,5.9
93.26,1399,17.4929862023,78.4124380516,488.755187988,225.69,11.97
93.3267,1400,17.4929810626,78.4124327857,488.778289795,225.51,5.69
93.3982,1401,17.4929784356,78.4124301112,488.785980225,225.62,6.19
93.461,1402,17.4929759327,78.4124275531,488.793212891,225.49,11.92
93.5279,1403,17.4929707825,78.4124223136,488.809173584,224.52,6.19
93.5912,1404,17.4929682107,78.4124197842,488.814117432,225.57,5.57
93.6611,1405,17.4929656998,78.4124172232,488.82119751,225.99,11.59
93.73,1406,17.492960586,78.4124119297,488.833618164,225.59,5.35
93.803,1407,17.4929580681,78.4124093591,488.840454102,227.18,6.74
93.8647,1408,17.492955461,78.4124065457,488.847991943,226.39,12.24
93.9284,1409,17.4929505026,78.4124013415,488.870910645,225.75,5.58
93.9987,1410,17.4929479825,78.4123987544,488.87713623,224.6,10.97
94.0721,1411,17.4929427028,78.4123935475,488.895324707,226.92,6.38
94.1319,1412,17.4929402987,78.4123909762,488.905212402,228.46,5.85
94.2017,1413,17.4929377962,78.4123881516,488.918884277,225.81,6.22
94.265,1414,17.4929352682,78.4123855513,488.925842285,227.69,12.66
94.3273,1415,17.4929303675,78.4123801682,488.947753906,226.21,5.69
94.3966,1416,17.492927851,78.4123775429,488.953125,230.37,6.04
94.4633,1417,17.4929254762,78.412374675,488.973571777,230.44,12.03
94.5289,1418,17.4929208279,78.4123690477,489.001678467,226.85,6.22
94.5924,1419,17.4929183371,78.4123663903,489.008361816,233.85,5.77
94.6579,1420,17.49291627,78.4123635607,489.03036499,229.62,10.96
94.7303,1421,17.4929115163,78.4123579719,489.053009033,227.62,5.82
94.7981,1422,17.4929090601,78.4123552802,489.059234619,229.32,5.7
94.868,1423,17.4929066612,78.4123524889,489.082061768,227.93,12.71
94.9296,1424,17.4929018173,78.4123471223,489.112304688,227.83,5.74
94.9984,1425,17.492899369,78.4123444198,489.119506836,225.83,5.95
95.0653,1426,17.4928968128,78.4123417882,489.134887695,225.83,11.45
95.1345,1427,17.4928917275,78.4123365528,489.154998779,229.32,5.53
95.2009,1428,17.492889516,78.4123339797,489.160675049,227.81,11.22
95.2712,1429,17.4928846258,78.4123285839,489.176116943,229.85,6.62
95.3268,1430,17.4928824312,78.4123259822,489.179779053,228.03,5.7
95.3958,1431,17.492880003,78.4123232825,489.187561035,228.78,5.45
95.4625,1432,17.4928777891,78.412320755,489.19418335,229.12,11.84
95.5283,1433,17.492873079,78.4123153139,489.211669922,228.36,6.04
95.5931,1434,17.4928706769,78.4123126124,489.218719482,226.12,5.9
95.6586,1435,17.4928682084,78.4123100454,489.223327637,227.68,10.35
95.7355,1436,17.4928632632,78.4123046147,489.233886719,225.96,4.96
95.8144,1437,17.4928607546,78.4123020205,489.234985352,227.05,12.75
95.8767,1438,17.4928557637,78.4122966597,489.240234375,228.06,6.45
95.9374,1439,17.4928533462,78.4122939692,489.246948242,224.23,6.9
95.9978,1440,17.4928505982,78.4122912944,489.24105835,226.43,10.85
96.0716,1441,17.4928455095,78.4122859459,489.236755371,227.41,6.57
96.1315,1442,17.4928430519,78.4122832719,489.242584229,224.73,5.59
96.204,1443,17.4928403993,78.4122806438,489.245574951,227.23,6.38
96.2658,1444,17.4928379297,78.4122779738,489.250244141,226.4,12.86
96.3282,1445,17.4928328263,78.412272615,489.258422852,226.95,5.95
96.3946,1446,17.4928303395,78.4122699526,489.262573242,224.91,5.89
96.464,1447,17.4928276727,78.4122672938,489.264984131,224.53,12.58
96.5278,1448,17.4928224065,78.4122621128,489.273406982,226.61,5.93
96.5947,1449,17.4928198954,78.4122594563,489.278076172,227.02,6.58
96.6583,1450,17.492817263,78.4122566311,489.285369873,226.27,10.2
96.7363,1451,17.4928121945,78.4122513322,489.302764893,226.59,6.5
96.7974,1452,17.4928096783,78.4122486722,489.309509277,230.48,5.61
96.8686,1453,17.492807329,78.4122458242,489.311279297,229.58,13.24
96.9284,1454,17.4928025823,78.4122402514,489.316680908,227.0,6.06
96.9938,1455,17.4928000879,78.4122375768,489.322906494,230.79,5.79
97.0641,1456,17.492797707,78.4122346581,489.321258545,228.18,11.49
97.1331,1457,17.4927928259,78.4122292034,489.326141357,229.43,5.4
97.2087,1458,17.492790371,78.4122263362,489.329376221,227.4,13.01
97.2698,1459,17.4927854074,78.4122209391,489.337982178,229.5,7.04
97.3268,1460,17.4927829973,78.4122181168,489.344024658,227.47,5.85
97.3948,1461,17.492780518,78.4122154135,489.348937988,226.45,5.97
97.4607,1462,17.4927780193,78.412212785,489.353271484,227.67,12.26
97.526,1463,17.4927730435,78.4122073221,489.367706299,227.32,6.04
97.5919,1464,17.4927705539,78.4122046218,489.370849609,226.84,5.68
97.6632,1465,17.4927679997,78.4122018977,489.38482666,227.53,11.63
97.7314,1466,17.4927630559,78.4121964968,489.402008057,227.29,5.95
97.7983,1467,17.492760567,78.4121938002,489.407501221,226.32,6.42
97.8615,1468,17.4927579847,78.4121910962,489.417755127,225.8,11.52
97.9309,1469,17.4927528493,78.4121858157,489.431091309,226.98,6.22
97.9949,1470,17.4927503441,78.4121831312,489.436431885,225.95,5.94
98.0644,1471,17.4927476978,78.4121803961,489.443267822,225.62,9.63
98.1454,1472,17.492742674,78.4121752621,489.461883545,222.54,7.29
98.201,1473,17.4927399297,78.4121727442,489.468383789,226.5,6.54
98.2618,1474,17.4927374079,78.4121700869,489.476226807,226.14,12.07
98.3271,1475,17.4927323737,78.4121648482,489.486572266,226.22,5.74
98.3961,1476,17.4927298456,78.4121622102,489.494354248,227.27,6.52
98.4595,1477,17.4927272593,78.4121594101,489.501708984,225.26,11.67
98.5266,1478,17.4927221827,78.4121542878,489.519500732,226.08,5.85
98.5943,1479,17.4927196521,78.4121516599,489.527069092,222.06,6.31
98.6587,1480,17.4927168827,78.4121491609,489.53314209,225.55,10.9
98.7316,1481,17.4927117577,78.4121439358,489.552154541,225.67,5.78
98.8001,1482,17.4927092098,78.4121413279,489.56149292,222.69,6.2
98.866,1483,17.4927064502,78.4121387821,489.56350708,225.05,12.32
98.9306,1484,17.4927012704,78.4121335938,489.577789307,225.32,5.71
98.9999,1485,17.492698706,78.4121310003,489.585571289,224.58,5.88
99.0677,1486,17.4926960907,78.4121284232,489.587280273,224.64,12.15
99.1327,1487,17.492690918,78.4121233143,489.601348877,224.08,5.8
99.2004,1488,17.4926883216,78.4121208,489.60836792,224.94,6.79
99.2586,1489,17.4926857453,78.4121182289,489.616149902,225.89,11.25
99.3279,1490,17.4926807456,78.412113072,489.631134033,224.96,5.8
99.396,1491,17.4926781731,78.4121105031,489.638916016,225.46,5.96
99.4634,1492,17.492675576,78.4121078637,489.647216797,225.25,12.55
99.5266,1493,17.4926704316,78.4121026746,489.658935547,224.88,5.99
99.5925,1494,17.4926678562,78.41210011,489.666717529,226.23,5.7
99.6616,1495,17.4926653466,78.4120974902,489.668701172,226.64,11.02
99.7319,1496,17.4926604417,78.4120922964,489.678771973,226.09,5.76
99.799,1497,17.4926579703,78.412089729,489.685821533,225.18,6.35
99.8609,1498,17.4926554196,78.4120871626,489.693603516,225.64,12.15
99.9247,1499,17.4926504276,78.4120820581,489.705535889,225.26,5.56
99.9943,1500,17.4926479184,78.4120795258,489.707672119,225.14,5.4
100.0669,1501,17.4926453733,78.4120769685,489.715301514,225.34,12.66
100.1295,1502,17.4926402426,78.4120717757,489.727661133,225.28,5.98
100.1964,1503,17.4926376497,78.4120691571,489.731903076,225.21,6.05
100.2612,1504,17.492635105,78.4120665939,489.738800049,225.22,11.61
100.3292,1505,17.4926299825,78.4120614321,489.747711182,225.13,6.17
100.3928,1506,17.4926274347,78.412058873,489.755157471,224.58,5.73
100.4609,1507,17.4926248783,78.4120563537,489.752227783,224.85,11.71
100.5281,1508,17.4926197413,78.4120512434,489.75793457,225.06,5.86
100.5951,1509,17.4926171876,78.4120486841,489.764160156,228.11,6.26
100.6584,1510,17.4926147468,78.4120459625,489.760223389,225.71,10.99
100.7307,1511,17.4926096364,78.4120407234,489.764404297,225.3,5.83
100.7982,1512,17.4926070877,78.4120381476,489.769561768,221.97,6.38
100.8632,1513,17.4926042566,78.4120356015,489.76385498,224.99,12.06
100.9292,1514,17.4925990729,78.412030419,489.768188477,225.1,5.88
100.9962,1515,17.4925965129,78.4120278496,489.774078369,225.25,5.47
101.0687,1516,17.4925939425,78.4120252566,489.774719238,224.29,11.15
101.1389,1517,17.4925887841,78.4120202249,489.780181885,220.97,6.11
101.2015,1518,17.4925861342,78.4120179235,489.777191162,224.8,11.48
101.2694,1519,17.4925810407,78.4120128654,489.786773682,222.52,6.47
101.3307,1520,17.4925783534,78.4120104012,489.786468506,224.81,5.61
101.3998,1521,17.4925758197,78.4120078841,489.790374756,222.73,6.05
101.4653,1522,17.4925731431,78.4120054119,489.791992188,224.54,11.51
101.5331,1523,17.4925680214,78.4120003714,489.795776367,224.79,6.09
101.5962,1524,17.4925655102,78.4119978788,489.798583984,222.86,5.96
101.6609,1525,17.4925629132,78.4119954685,489.796173096,224.14,10.1
101.7367,1526,17.4925578565,78.4119905608,489.799468994,224.82,5.38
101.8073,1527,17.4925553747,78.4119880948,489.800842285,225.17,11.81
101.872,1528,17.4925504131,78.4119831038,489.802520752,224.41,6.4
101.9332,1529,17.4925478377,78.4119805809,489.808776855,225.03,5.81
101.9979,1530,17.4925453901,78.4119781306,489.807678223,224.64,10.4
102.0695,1531,17.4925405135,78.4119733146,489.818450928,223.63,5.55
102.1376,1532,17.4925379978,78.4119709163,489.822998047,224.67,6.54
102.1959,1533,17.4925355023,78.4119684492,489.827331543,225.43,5.68
102.2606,1534,17.4925331249,78.4119660358,489.827972412,225.55,10.26
102.332,1535,17.4925284005,78.4119612202,489.834381104,225.47,5.62
102.3966,1536,17.4925260569,78.4119588381,489.8359375,226.78,5.64
102.4636,1537,17.4925236724,78.4119563004,489.843994141,225.95,10.73
102.5326,1538,17.4925189285,78.4119513962,489.854614258,226.4,5.54
102.5965,1539,17.4925166772,78.4119490321,489.856658936,223.53,5.43
102.6606,1540,17.4925143568,78.4119468281,489.861297607,225.13,9.61
102.7344,1541,17.49250975,78.4119422001,489.862213135,226.63,5.02
102.8029,1542,17.4925075724,78.4119398949,489.864776611,225.42,10.31
102.8704,1543,17.4925030731,78.4119353295,489.865875244,221.64,5.66
102.9337,1544,17.4925006128,78.4119331418,489.861358643,226.62,4.98
102.9996,1545,17.4924985348,78.4119309432,489.86328125,222.88,4.78
103.0687,1546,17.4924963093,78.4119288767,489.86505127,223.97,9.63
103.1375,1547,17.4924919226,78.4119246443,489.870056152,222.22,5.12
103.2013,1548,17.4924897011,78.4119226282,489.874359131,226.34,4.95
103.2661,1549,17.4924876597,78.4119204892,489.877105713,225.24,9.6
103.3307,1550,17.4924836377,78.4119164334,489.883544922,226.52,4.72
103.3963,1551,17.4924816725,78.4119143611,489.885437012,225.78,4.63
103.4643,1552,17.4924796474,78.4119122801,489.888122559,225.63,8.96
103.5317,1553,17.492475757,78.4119083033,489.895111084,226.41,4.29
103.5989,1554,17.4924739252,78.4119063789,489.896636963,217.58,4.52
103.6617,1555,17.4924718655,78.4119047938,489.910583496,222.72,7.86
103.7329,1556,17.492468086,78.4119013042,489.928009033,225.68,3.85
103.8048,1557,17.492466304,78.4118994794,489.931121826,224.87,7.78
103.8735,1558,17.4924628182,78.4118960092,489.952270508,225.57,3.93
103.9431,1559,17.4924610521,78.4118942076,489.976989746,225.53,4.8
103.9973,1560,17.4924593727,78.4118924968,489.979125977,229.29,3.57
104.0672,1561,17.492457869,78.4118907494,490.000732422,228.09,7.14
104.139,1562,17.4924547073,78.4118872268,490.027740479,229.21,3.59
104.2069,1563,17.4924532361,78.4118855216,490.04397583,229.4,7.24
104.2731,1564,17.4924503519,78.4118821563,490.054870605,226.25,3.93
104.3334,1565,17.4924488423,78.4118805795,490.055755615,225.48,3.41
104.3986,1566,17.4924474072,78.4118791202,490.058532715,225.42,6.52
104.4691,1567,17.4924444364,78.4118761051,490.065734863,226.47,3.25
104.5379,1568,17.4924430186,78.4118746127,490.072174072,221.5,3.86
104.5963,1569,17.4924414694,78.4118732422,490.074676514,226.67,3.42
104.6599,1570,17.4924400943,78.4118717846,490.082458496,226.28,5.69
104.7345,1571,17.4924373891,78.4118689562,490.095855713,226.15,2.93
104.8045,1572,17.4924360789,78.4118675923,490.099029541,229.15,3.42
104.8675,1573,17.4924347784,78.4118660885,490.111816406,228.98,5.89
104.935,1574,17.4924323673,78.4118633165,490.130249023,226.82,2.84
105.0046,1575,17.4924311194,78.4118619867,490.133361816,227.79,3.11
105.0666,1576,17.4924299233,78.4118606679,490.143096924,228.79,5.58
105.1342,1577,17.4924276268,78.411858046,490.156829834,230.28,2.88
105.2004,1578,17.4924265011,78.411856691,490.155059814,227.81,2.93
105.2627,1579,17.4924253681,78.4118554411,490.162841797,229.37,5.67
105.327,1580,17.4924231729,78.411852883,490.167785645,228.59,2.46
105.3968,1581,17.4924221247,78.4118516945,490.172973633,226.14,2.39
105.4687,1582,17.4924210262,78.4118505515,490.173309326,230.81,5.57
105.5296,1583,17.4924190433,78.4118481191,490.179748535,228.71,2.57
105.593,1584,17.4924180492,78.4118469871,490.181793213,229.58,2.49
105.6592,1585,17.4924170626,78.4118458286,490.182800293,229.8,4.74
105.7285,1586,17.4924151011,78.4118435076,490.191162109,230.25,2.51
105.7936,1587,17.4924141344,78.4118423451,490.192749023,232.61,2.3
105.8611,1588,17.4924132614,78.4118412029,490.200317383,233.52,4.41
105.9332,1589,17.4924115071,78.4118388302,490.207122803,232.32,2.64
105.9926,1590,17.4924106187,78.4118376798,490.211700439,238.62,2.26
106.0599,1591,17.4924098829,78.4118364733,490.210571289,236.13,4.36
106.1312,1592,17.4924082717,78.4118340732,490.210998535,236.51,2.27
106.2005,1593,17.4924074656,78.4118328547,490.213867188,235.24,2.36
106.267,1594,17.4924066344,78.4118316569,490.213928223,238.74,4.93
106.328,1595,17.4924051804,78.4118292616,490.223358154,237.1,2.19
106.399,1596,17.4924043963,78.4118280496,490.223388672,237.9,2.39
106.462,1597,17.4924036524,78.4118268637,490.23034668,237.84,4.61
106.5269,1598,17.4924021706,78.4118245066,490.2371521,239.39,2.26
106.5927,1599,17.4924014641,78.4118233123,490.241729736,242.3,2.3
106.6606,1600,17.4924007862,78.411822021,490.239807129,243.12,4.34
106.7279,1601,17.4923995533,78.4118195884,490.244995117,242.65,2.04
106.8016,1602,17.4923989092,78.4118183434,490.24810791,246.54,2.51
106.8612,1603,17.4923983522,78.4118170601,490.253875732,246.09,4.57
106.9277,1604,17.4923971991,78.4118144592,490.270446777,246.37,1.95
106.9983,1605,17.4923966814,78.4118132761,490.276428223,247.07,2.31
107.0622,1606,17.4923961439,78.4118120054,490.281036377,251.86,4.47
107.1304,1607,17.4923952529,78.4118092861,490.29006958,252.33,2.22
107.1984,1608,17.4923948226,78.411807935,490.297027588,250.68,2.32
107.2617,1609,17.4923943666,78.4118066346,490.297241211,254.72,4.5
107.328,1610,17.4923936279,78.4118039302,490.306121826,254.08,2.09
107.3974,1611,17.4923932533,78.4118026169,490.309234619,254.32,2.04
107.4654,1612,17.4923929013,78.4118013627,490.3152771,256.6,4.89
107.5265,1613,17.4923922504,78.4117986303,490.330963135,258.35,2.16
107.5926,1614,17.4923919783,78.411797311,490.332733154,260.88,1.98
107.6612,1615,17.4923917754,78.4117960476,490.343658447,260.86,4.14
107.7335,1616,17.4923913273,78.4117932625,490.35723877,266.18,1.93
107.8012,1617,17.492391245,78.411792031,490.367156982,266.23,4.19
107.8693,1618,17.4923910683,78.411789348,490.378936768,265.62,2.08
107.9378,1619,17.4923909658,78.4117880093,490.381347656,264.34,2.37
107.995,1620,17.4923908399,78.4117867387,490.389953613,267.9,2.2
108.0597,1621,17.4923907909,78.4117853996,490.391815186,269.19,4.06
108.1292,1622,17.4923907532,78.4117827377,490.406524658,270.11,2.0
108.1968,1623,17.4923907557,78.4117814607,490.413024902,272.32,2.16
108.2624,1624,17.49239081,78.4117801222,490.419250488,272.41,4.19
108.329,1625,17.4923909207,78.4117774891,490.43347168,276.3,1.89
108.3978,1626,17.4923910554,78.4117762694,490.444061279,276.13,2.14
108.4626,1627,17.4923911949,78.4117749713,490.446655273,278.52,4.0
108.5297,1628,17.4923915696,78.4117724703,490.458953857,279.47,2.22
108.5932,1629,17.4923917876,78.4117711632,490.465179443,284.18,1.98
108.6606,1630,17.492392095,78.411769947,490.471466064,281.79,4.03
108.7294,1631,17.4923926289,78.4117673898,490.48840332,284.14,2.11
108.796,1632,17.4923929518,78.4117661081,490.491577148,284.6,1.82
108.865,1633,17.4923932492,78.4117649665,490.504699707,286.51,4.24
108.932,1634,17.4923940074,78.4117624093,490.5284729,287.22,2.34
108.9927,1635,17.492394403,78.4117611329,490.537872314,291.85,1.63
109.0627,1636,17.492394801,78.4117601403,490.54888916,293.38,3.94
109.1307,1637,17.4923957961,78.4117578387,490.558288574,290.96,2.04
109.1956,1638,17.4923962405,78.4117566783,490.56137085,293.77,2.28
109.259,1639,17.4923967861,78.4117554395,490.564666748,300.4,4.18
109.3251,1640,17.4923980891,78.4117532187,490.576019287,295.09,2.25
109.3919,1641,17.4923986847,78.4117519468,490.580200195,317.89,2.01
109.4623,1642,17.49239965,78.4117510744,490.581787109,305.19,4.58
109.5259,1643,17.4924012069,78.4117488667,490.595336914,301.97,2.21
109.5941,1644,17.4924019493,78.4117476772,490.606018066,301.45,2.14
109.658,1645,17.4924026128,78.4117465922,490.605377197,304.04,4.38
109.727,1646,17.4924041857,78.4117442636,490.615631104,303.06,2.04
109.8019,1647,17.4924049616,78.4117430716,490.61730957,305.88,2.45
109.8681,1648,17.4924058428,78.4117418534,490.619232178,302.08,4.68
109.9344,1649,17.4924073774,78.4117394049,490.637512207,294.2,2.82
109.9962,1650,17.4924080453,78.4117379187,490.641052246,307.42,2.58
110.0616,1651,17.4924089936,78.4117366793,490.642852783,309.01,5.23
110.1307,1652,17.4924110998,78.4117340797,490.659423828,303.08,2.66
110.1945,1653,17.4924119595,78.4117327597,490.663146973,308.96,2.55
110.2623,1654,17.4924129657,78.4117315152,490.667633057,308.14,5.49
110.3246,1655,17.4924149234,78.4117290219,490.671966553,310.08,2.67
110.3926,1656,17.4924160053,78.4117277362,490.679351807,300.46,2.5
110.462,1657,17.4924168234,78.4117263452,490.677612305,305.77,5.42
110.5288,1658,17.4924187857,78.4117236214,490.685302734,311.02,3.0
110.5922,1659,17.4924199396,78.4117222949,490.686553955,299.64,2.92
110.6583,1660,17.4924208309,78.4117207286,490.691253662,305.68,5.46
110.7282,1661,17.4924228963,78.4117178522,490.699737549,302.2,2.78
110.7951,1662,17.4924238199,78.4117163853,490.705108643,310.64,3.05
110.8596,1663,17.4924250051,78.4117150044,490.706298828,306.85,5.77
110.9273,1664,17.4924271783,78.411712105,490.711242676,303.47,2.8
110.9959,1665,17.4924281631,78.4117106156,490.715576172,311.09,3.12
111.0629,1666,17.4924294324,78.4117091599,490.718322754,309.14,6.41
111.1278,1667,17.4924318619,78.4117061745,490.727233887,308.29,3.15
111.1975,1668,17.4924331222,78.411704578,490.724609375,312.26,3.55
111.259,1669,17.4924344785,78.4117030851,490.729278564,312.33,6.48
111.3268,1670,17.492437209,78.4117000874,490.72869873,313.42,3.47
111.3915,1671,17.4924386317,78.4116985842,490.73336792,310.5,2.62
111.4652,1672,17.4924397928,78.4116972248,490.73059082,313.08,6.85
111.5308,1673,17.4924426256,78.4116941957,490.73236084,314.54,3.53
111.5954,1674,17.4924440996,78.4116926977,490.738037109,311.43,3.36
111.6639,1675,17.4924455064,78.4116911036,490.729370117,313.81,7.17
111.7276,1676,17.4924484198,78.4116880665,490.729949951,315.48,3.3
111.7978,1677,17.4924499424,78.4116865694,490.731231689,312.18,3.61
111.865,1678,17.4924514445,78.4116849116,490.727050781,312.02,7.05
111.9313,1679,17.4924543316,78.4116817074,490.727722168,315.81,3.79
111.9938,1680,17.4924558966,78.4116801862,490.731201172,315.25,3.27
112.0609,1681,17.4924573322,78.411678763,490.729797363,315.18,6.56
112.1338,1682,17.4924604552,78.4116756595,490.732269287,317.48,3.68
112.1972,1683,17.4924620338,78.411674212,490.733398438,316.33,3.86
112.2606,1684,17.4924636638,78.4116726561,490.734619141,316.75,6.74
112.3333,1685,17.492466946,78.4116695688,490.740264893,316.64,4.1
112.3948,1686,17.4924686316,78.4116679769,490.740875244,315.37,3.96
112.4589,1687,17.4924702923,78.4116663373,490.742156982,314.26,7.39
112.5274,1688,17.4924735486,78.4116629963,490.745697021,316.86,3.93
112.5943,1689,17.4924753111,78.4116613448,490.750366211,313.23,3.77
112.6608,1690,17.4924768927,78.4116596624,490.746032715,314.23,8.23
112.7263,1691,17.4924803559,78.4116561045,490.744018555,316.81,3.87
112.7969,1692,17.4924821853,78.4116543872,490.747131348,309.45,3.84
112.8672,1693,17.4924837722,78.4116524588,490.739715576,313.05,8.17
112.9367,1694,17.4924873464,78.4116486324,490.738037109,316.68,4.61
112.9979,1695,17.4924892326,78.411646854,490.738708496,311.04,4.47
113.0635,1696,17.4924910124,78.4116448092,490.73425293,315.56,8.3
113.133,1697,17.492494805,78.4116410896,490.731079102,313.83,4.56
113.1994,1698,17.4924967382,78.4116390761,490.730316162,317.03,4.48
113.2634,1699,17.4924986689,78.4116372776,490.731231689,315.38,9.15
113.3289,1700,17.4925025971,78.4116334011,490.734924316,317.58,4.66
113.393,1701,17.4925046218,78.4116315509,490.738037109,315.3,4.13
113.4649,1702,17.4925065649,78.4116296279,490.740814209,316.78,9.23
113.5312,1703,17.4925106656,78.4116257742,490.747467041,318.36,4.82
113.5944,1704,17.4925127582,78.4116239139,490.750213623,314.93,4.67
113.6613,1705,17.4925147883,78.4116218788,490.748779297,317.05,9.13
113.7284,1706,17.4925189098,78.4116180426,490.750213623,318.6,4.53
113.7972,1707,17.4925210539,78.411616152,490.754882812,315.84,4.58
113.8665,1708,17.4925231488,78.4116141179,490.753295898,316.26,9.39
113.9339,1709,17.4925273567,78.4116100914,490.758544922,315.48,5.19
113.9963,1710,17.4925294829,78.4116080008,490.75894165,318.02,4.6
114.0658,1711,17.4925316673,78.4116060356,490.762542725,317.55,9.58
114.1343,1712,17.4925361162,78.4116019666,490.765869141,315.77,4.08
114.2136,1713,17.4925382486,78.4115998905,490.762390137,317.55,11.72
114.2695,1714,17.4925426919,78.4115958264,490.76751709,317.42,5.32
114.3324,1715,17.4925449576,78.4115937448,490.768127441,317.28,5.1
114.3975,1716,17.4925471989,78.4115916749,490.769683838,314.46,5.25
114.4601,1717,17.4925493186,78.4115895146,490.767059326,314.93,9.87
114.5284,1718,17.492553701,78.4115851208,490.767486572,316.43,5.07
114.5951,1719,17.4925559526,78.4115829787,490.769042969,315.68,5.21
114.6592,1720,17.4925581525,78.4115808304,490.767059326,315.96,10.21
114.726,1721,17.4925626646,78.4115764673,490.766357422,315.73,4.64
114.7999,1722,17.4925649256,78.4115742634,490.766998291,315.23,5.16
114.866,1723,17.4925671562,78.4115720506,490.768249512,315.74,10.5
114.9323,1724,17.4925717425,78.411567582,490.773956299,315.13,5.35
114.9971,1725,17.4925740056,78.4115653294,490.775512695,313.51,9.77
115.0696,1726,17.4925785018,78.4115605931,490.779602051,311.13,4.97
115.1403,1727,17.4925806367,78.4115581484,490.783081055,311.19,5.86
115.2025,1728,17.4925828553,78.4115556132,490.784851074,313.85,5.47
115.267,1729,17.4925851078,78.4115532687,490.787139893,314.57,10.79
115.3335,1730,17.4925897447,78.4115485618,490.793395996,313.51,5.18
115.4022,1731,17.4925920039,78.4115461822,490.795684814,315.3,5.84
115.4648,1732,17.492594398,78.411543813,490.804290771,315.37,10.65
115.5342,1733,17.492599239,78.4115390344,490.811309814,313.27,5.78
115.5966,1734,17.4926015177,78.4115366136,490.814422607,317.22,6.15
115.659,1735,17.4926041069,78.4115342175,490.819122314,315.77,10.98
115.726,1736,17.4926089566,78.4115294958,490.825408936,313.45,4.95
115.7998,1737,17.4926112739,78.4115270499,490.830078125,314.98,5.73
115.8672,1738,17.4926137883,78.4115245338,490.833374023,314.6,11.14
115.9345,1739,17.4926186388,78.4115196148,490.840911865,313.63,6.01
115.9961,1740,17.4926209956,78.4115171429,490.84387207,312.61,5.64
116.0653,1741,17.492623433,78.411514493,490.845458984,312.88,10.98
116.1321,1742,17.4926280362,78.4115095353,490.850616455,312.23,5.65
116.199,1743,17.4926303825,78.4115069506,490.851409912,313.54,5.49
116.2674,1744,17.4926327659,78.4115044423,490.853240967,312.84,10.12
116.3399,1745,17.4926373688,78.4114994787,490.858764648,313.52,6.38
116.399,1746,17.492639762,78.4114969584,490.861877441,310.78,5.67
116.4648,1747,17.4926420129,78.4114943492,490.860717773,312.48,12.12
116.5268,1748,17.4926466947,78.4114892368,490.860900879,313.54,5.26
116.599,1749,17.4926491075,78.4114866977,490.862762451,309.2,5.86
116.6605,1750,17.4926512168,78.4114841117,490.858093262,312.5,11.08
116.7283,1751,17.4926559006,78.4114790011,490.856842041,313.55,5.63
116.7961,1752,17.4926583238,78.411476452,490.858398438,312.76,10.76
116.869,1753,17.4926632352,78.4114711416,490.857116699,308.37,6.1
116.9378,1754,17.4926656482,78.4114680939,490.853057861,313.39,6.77
116.995,1755,17.4926681011,78.4114654988,490.854125977,308.94,5.39
117.067,1756,17.4926703578,78.411462706,490.849975586,311.93,10.63
117.1409,1757,17.4926752022,78.4114573116,490.847625732,311.06,5.38
117.2147,1758,17.4926776118,78.4114545456,490.843505859,313.32,12.16
117.2789,1759,17.4926825519,78.4114493069,490.847503662,311.74,6.02
117.3427,1760,17.4926849115,78.4114466623,490.845062256,313.31,6.97
117.3988,1761,17.4926873838,78.4114440401,490.847473145,311.42,6.39
117.4605,1762,17.4926897942,78.4114413079,490.842437744,313.41,11.4
117.5286,1763,17.4926947121,78.4114361099,490.839569092,313.59,5.8
117.5962,1764,17.4926972025,78.4114334936,490.842681885,313.9,6.28
117.6586,1765,17.4926997052,78.4114308926,490.842437744,313.23,11.83
117.7247,1766,17.4927046437,78.4114256397,490.848114014,313.68,5.25
117.7994,1767,17.4927071399,78.4114230255,490.849060059,311.04,5.91
117.8663,1768,17.4927095371,78.411420272,490.85055542,312.8,11.54
117.9345,1769,17.4927144714,78.411414943,490.850189209,313.79,6.16
117.9983,1770,17.4927169784,78.4114123282,490.851745605,313.6,6.45
118.0609,1771,17.4927195452,78.4114096331,490.854156494,313.57,10.37
118.1363,1772,17.492724513,78.4114044116,490.861236572,313.7,5.72
118.2061,1773,17.4927270538,78.411401753,490.868988037,314.05,6.34
118.2683,1774,17.4927295802,78.411399141,490.870513916,313.89,12.11
118.334,1775,17.4927346654,78.4113938548,490.880828857,314.08,6.54
118.3943,1776,17.4927371954,78.4113912425,490.883392334,311.59,5.97
118.4612,1777,17.4927396447,78.4113884833,490.888458252,312.64,11.24
118.5314,1778,17.4927445744,78.411383129,490.894500732,313.8,5.81
118.5992,1779,17.4927470892,78.4113805064,490.898468018,311.5,6.42
118.6611,1780,17.4927495224,78.4113777564,490.898864746,312.48,12.22
118.725,1781,17.4927543871,78.4113724434,490.902984619,313.45,5.64
118.7948,1782,17.4927568849,78.411369807,490.906097412,311.79,5.81
118.8645,1783,17.4927593769,78.4113670192,490.906463623,313.28,11.29
118.935,1784,17.4927644084,78.4113616753,490.914031982,313.36,6.51
118.9956,1785,17.492766907,78.4113590295,490.915313721,313.15,6.08
119.063,1786,17.4927694899,78.4113562738,490.922027588,313.3,11.29
119.1329,1787,17.4927744795,78.4113509796,490.932525635,311.45,5.93
119.1997,1788,17.4927769028,78.4113482355,490.938476562,313.15,11.22
119.2701,1789,17.4927818837,78.4113429212,490.944610596,312.52,6.5
119.3304,1790,17.4927843286,78.4113402546,490.945373535,313.01,6.37
119.3924,1791,17.4927868144,78.4113375895,490.948486328,314.58,5.77
119.4627,1792,17.4927894386,78.4113349263,490.951080322,312.61,12.58
119.5267,1793,17.4927944663,78.4113294598,490.958740234,313.07,6.08
119.592,1794,17.4927969654,78.411326786,490.959320068,311.63,6.08
119.6578,1795,17.492799418,78.4113240267,490.968444824,311.71,11.31
119.727,1796,17.4928042245,78.4113186342,490.979888916,312.88,5.72
119.7962,1797,17.4928067112,78.4113159567,490.983001709,310.57,5.53
119.8671,1798,17.4928090682,78.4113132034,490.986602783,312.46,11.47
119.935,1799,17.4928139202,78.4113079018,490.994384766,312.64,6.61
119.9948,1800,17.492816392,78.4113052172,490.997497559,312.54,5.6
120.0652,1801,17.4928188533,78.4113025351,491.002807617,312.5,12.07
120.1316,1802,17.4928238506,78.4112970822,491.007965088,313.28,5.79
120.1999,1803,17.4928263523,78.4112944257,491.011230469,312.52,11.15
120.2709,1804,17.4928312877,78.4112890442,491.016418457,313.85,6.24
120.3357,1805,17.4928338705,78.4112863555,491.019500732,312.45,6.65
120.3953,1806,17.4928363378,78.4112836586,491.022613525,312.74,6.09
120.4621,1807,17.4928388833,78.4112809044,491.026123047,312.8,11.58
120.5301,1808,17.4928438191,78.4112755739,491.036376953,312.19,6.27
120.5934,1809,17.4928462785,78.4112728602,491.039489746,312.35,6.1
120.6587,1810,17.4928487536,78.4112701449,491.047393799,312.22,11.17
120.7297,1811,17.4928536715,78.4112647243,491.056976318,311.93,6.13
120.7944,1812,17.492856118,78.4112620007,491.058868408,311.78,5.67
120.8646,1813,17.4928585663,78.4112592608,491.0675354,312.42,11.67
120.9322,1814,17.4928634746,78.4112538884,491.078765869,311.71,5.8
121.0005,1815,17.4928659071,78.4112511592,491.083435059,312.69,10.77
121.0743,1816,17.4928708779,78.4112457698,491.093688965,312.3,6.24
121.1367,1817,17.4928732967,78.4112431117,491.097869873,313.25,5.23
121.2083,1818,17.4928756624,78.4112405965,491.10546875,311.76,6.67
121.2673,1819,17.4928780838,78.4112378841,491.108551025,313.05,11.76
121.3333,1820,17.4928829719,78.4112326506,491.119628906,311.94,6.14
121.3973,1821,17.4928853978,78.4112299507,491.122680664,313.31,6.08
121.4611,1822,17.4928878532,78.4112273462,491.130828857,312.14,11.44
121.53,1823,17.4928927363,78.4112219496,491.144226074,312.2,5.92
121.5964,1824,17.4928951729,78.4112192622,491.148895264,309.99,6.28
121.6589,1825,17.4928975052,78.4112164821,491.157592773,311.34,11.51
121.7266,1826,17.4929022594,78.4112110787,491.172088623,311.36,5.57
121.7961,1827,17.4929046227,78.4112083947,491.182159424,312.16,6.13
121.8602,1828,17.4929070554,78.4112057079,491.186187744,311.36,11.01
121.9317,1829,17.4929118572,78.4112002528,491.203033447,310.53,6.31
121.9942,1830,17.4929142266,78.4111974811,491.214172363,312.29,5.73
122.0628,1831,17.4929166663,78.4111947986,491.218902588,312.19,12.5
122.126,1832,17.4929215628,78.4111893958,491.236755371,311.42,5.91
122.195,1833,17.4929240525,78.4111865738,491.247833252,312.77,6.04
122.2601,1834,17.4929265166,78.4111839099,491.252563477,312.34,11.73
122.3274,1835,17.492931425,78.4111785234,491.272735596,311.89,6.09
122.3937,1836,17.492933912,78.4111757508,491.282165527,313.13,5.9
122.4604,1837,17.492936394,78.4111731008,491.288238525,312.79,11.68
122.5282,1838,17.4929413563,78.4111677404,491.310638428,311.88,6.3
122.5936,1839,17.4929438947,78.4111649089,491.321472168,313.42,5.64
122.6633,1840,17.4929463846,78.4111622775,491.330810547,312.79,11.8
122.7294,1841,17.4929512728,78.4111569968,491.342956543,313.56,6.05
122.794,1842,17.4929537558,78.4111543857,491.352294922,312.53,5.85
122.862,1843,17.4929562374,78.4111516799,491.352142334,312.14,11.69
122.928,1844,17.4929610154,78.4111463987,491.361022949,313.57,5.6
122.9959,1845,17.4929634331,78.4111438569,491.368652344,312.63,6.19
123.0619,1846,17.4929659873,78.411141082,491.374389648,313.44,11.71
123.1287,1847,17.4929709457,78.4111358457,491.384002686,311.42,5.93
123.1941,1848,17.4929733153,78.4111331597,491.388214111,313.67,5.63
123.2624,1849,17.4929757622,78.4111305962,491.394439697,311.45,11.57
123.3297,1850,17.4929805213,78.4111252074,491.406738281,313.53,5.74
123.3962,1851,17.4929829455,78.4111226555,491.411407471,310.49,5.89
123.461,1852,17.4929852366,78.4111199717,491.4168396,312.05,11.51
123.5269,1853,17.4929899273,78.4111147708,491.430664062,313.3,5.37
123.5956,1854,17.49299226,78.4111122956,491.435241699,313.06,5.81
123.6594,1855,17.4929945926,78.4111097995,491.443084717,314.21,11.21
123.7267,1856,17.4929994402,78.4111048165,491.462402344,313.39,5.59
123.7929,1857,17.4930017841,78.4111023368,491.465423584,314.73,5.68
123.8603,1858,17.493004264,78.4110998337,491.476593018,314.12,10.55
123.9299,1859,17.4930089757,78.4110949755,491.4894104,313.62,5.17
124.0002,1860,17.4930112887,78.4110925479,491.495727539,314.18,5.7
124.0642,1861,17.493013633,78.4110901356,491.503143311,312.98,11.08
124.13,1862,17.4930182197,78.4110852143,491.51361084,313.92,5.67
124.1934,1863,17.4930205173,78.4110828288,491.51852417,313.62,5.23
124.2615,1864,17.4930227826,78.4110804515,491.522949219,313.61,10.49
124.329,1865,17.4930272865,78.411075723,491.536010742,313.58,5.24
124.3962,1866,17.4930295224,78.4110733735,491.540130615,313.3,5.45
124.462,1867,17.4930317915,78.4110709653,491.546691895,314.08,10.97
124.5259,1868,17.4930362844,78.4110663255,491.557220459,313.68,5.08
124.5945,1869,17.493038504,78.4110640009,491.563446045,314.77,5.3
124.6591,1870,17.4930407234,78.4110617638,491.569274902,314.85,10.38
124.7261,1871,17.4930452402,78.411057224,491.58190918,313.8,4.96
124.7943,1872,17.4930473984,78.4110549735,491.588012695,313.9,5.29
124.8595,1873,17.493049602,78.411052684,491.59197998,314.59,10.16
124.9289,1874,17.4930541615,78.4110480589,491.603881836,313.88,4.91
124.9986,1875,17.4930563485,78.4110457847,491.605895996,313.46,4.66
125.0675,1876,17.493058383,78.4110436378,491.618103027,314.59,11.24
125.1276,1877,17.4930627496,78.4110392079,491.636138916,312.88,5.3
125.1932,1878,17.4930649332,78.4110368566,491.647827148,313.86,5.11
125.2599,1879,17.4930671118,78.4110345895,491.651397705,313.46,10.35
125.3251,1880,17.4930713905,78.4110300747,491.668548584,313.83,5.04
125.392,1881,17.4930735415,78.4110278337,491.676177979,313.52,5.1
125.4594,1882,17.4930757256,78.4110255335,491.682952881,313.77,10.12
125.5277,1883,17.4930801314,78.4110209349,491.701843262,313.96,5.13
125.5959,1884,17.4930823682,78.4110186154,491.70703125,314.28,5.15
125.6628,1885,17.4930845865,78.4110163406,491.707427979,314.41,10.97
125.7275,1886,17.4930891646,78.4110116678,491.711761475,314.26,5.32
125.7941,1887,17.4930914433,78.4110093291,491.719543457,313.94,5.28
125.8588,1888,17.493093628,78.4110070623,491.713165283,314.22,9.27
125.9359,1889,17.4930982193,78.4110023443,491.715606689,314.4,5.05
126.005,1890,17.4931004669,78.4110000489,491.721710205,314.25,10.8
126.0705,1891,17.4931050172,78.4109953782,491.722839355,313.56,5.72
126.131,1892,17.4931072175,78.4109930642,491.725250244,313.38,5.77
126.1927,1893,17.4931094718,78.4109906788,491.7265625,314.58,5.32
126.2595,1894,17.4931117695,78.410988347,491.732727051,314.26,10.01
126.3314,1895,17.4931163961,78.4109835988,491.735107422,313.96,5.07
126.3997,1896,17.493118612,78.4109813012,491.733795166,314.55,9.69
126.4723,1897,17.4931231575,78.4109766832,491.742614746,314.26,6.55
126.5272,1898,17.4931254703,78.4109743101,491.740844727,314.73,4.81
126.5982,1899,17.4931276831,78.4109720765,491.745422363,314.6,5.39
126.665,1900,17.4931300098,78.4109697167,491.741851807,314.94,10.3
126.7324,1901,17.4931345233,78.4109651936,491.745361328,314.7,4.96
126.804,1902,17.4931368238,78.4109628691,491.738616943,314.9,5.75
126.863,1903,17.4931390289,78.4109606561,491.74420166,314.98,9.11
126.9385,1904,17.4931435076,78.410956175,491.745788574,313.9,5.39
127.0004,1905,17.4931456386,78.4109539602,491.747253418,315.6,9.42
127.0714,1906,17.4931500376,78.4109496528,491.752197266,315.13,4.04
127.1519,1907,17.4931521608,78.410947539,491.75289917,312.13,6.23
127.2052,1908,17.4931542172,78.4109452657,491.75213623,315.07,4.95
127.2686,1909,17.4931562635,78.4109432246,491.751922607,314.8,10.3
127.3311,1910,17.4931604416,78.4109390177,491.753601074,314.74,4.5
127.404,1911,17.4931625677,78.4109368724,491.737426758,315.17,5.53
127.4602,1912,17.4931645966,78.4109348555,491.742095947,313.1,9.34
127.526,1913,17.4931684694,78.4109307175,491.735931396,317.85,4.49
127.5954,1914,17.4931705936,78.410928795,491.737609863,315.44,4.63
127.6603,1915,17.4931725654,78.4109268534,491.735290527,315.87,8.54
127.73,1916,17.493176495,78.4109230417,491.733154297,318.63,4.69
127.7923,1917,17.4931785098,78.4109212676,491.734924316,315.97,4.29
127.859,1918,17.4931804046,78.4109194362,491.732421875,315.8,8.08
127.9297,1919,17.4931841715,78.4109157725,491.740875244,315.56,4.19
127.9984,1920,17.4931860626,78.4109139179,491.7371521,316.07,4.22
128.0665,1921,17.4931879659,78.4109120841,491.740264893,317.26,9.16
128.1302,1922,17.4931919029,78.4109084463,491.737243652,310.29,4.18
128.1938,1923,17.4931934909,78.4109065734,491.734924316,315.93,4.07
128.2632,1924,17.4931953571,78.410904767,491.732940674,317.82,8.28
128.3309,1925,17.4931991752,78.4109013069,491.734405518,316.27,4.55
128.3921,1926,17.4932010244,78.4108995378,491.736358643,317.01,4.1
128.46,1927,17.4932028945,78.4108977946,491.729980469,316.44,8.26
128.5259,1928,17.4932065235,78.4108943438,491.726593018,316.48,4.08
128.593,1929,17.4932083476,78.4108926115,491.723052979,313.72,4.01
128.6592,1930,17.4932100397,78.4108908422,491.720733643,316.53,7.88
128.7279,1931,17.4932136525,78.4108874179,491.716674805,316.3,4.06
128.7939,1932,17.4932154365,78.4108857131,491.718231201,318.45,4.04
128.8587,1933,17.4932172346,78.4108841196,491.716400146,316.49,7.87
128.925,1934,17.4932207136,78.4108808173,491.719848633,316.55,3.75
128.9951,1935,17.4932224708,78.4108791525,491.721069336,317.17,3.8
129.0635,1936,17.493224223,78.4108775282,491.725646973,316.61,7.36
129.1346,1937,17.4932277179,78.4108742245,491.736358643,316.53,4.39
129.1919,1938,17.4932293975,78.4108726324,491.736816406,316.41,3.72
129.261,1939,17.4932311117,78.4108710007,491.74017334,314.46,7.37
129.3303,1940,17.4932344071,78.4108676424,491.743621826,316.14,3.8
129.3971,1941,17.4932360918,78.4108660234,491.748291016,315.88,4.19
129.458,1942,17.4932377762,78.4108643898,491.74822998,314.79,7.63
129.5273,1943,17.4932412085,78.4108609327,491.752380371,315.62,3.87
129.5923,1944,17.4932428647,78.4108593118,491.758605957,316.03,3.56
129.6604,1945,17.4932444708,78.4108577623,491.759429932,315.77,7.37
129.7275,1946,17.4932477311,78.4108545882,491.772521973,315.17,3.85
129.793,1947,17.4932493764,78.4108529525,491.773193359,316.3,3.93
129.8605,1948,17.4932511397,78.4108512673,491.777801514,315.49,7.07
129.9278,1949,17.4932542619,78.4108481985,491.783691406,314.94,3.64
129.9978,1950,17.4932559185,78.4108465387,491.789916992,323.53,3.72
130.0605,1951,17.4932576352,78.4108452697,491.785949707,315.9,7.1
130.1303,1952,17.4932609095,78.4108420963,491.78894043,312.45,3.9
130.1938,1953,17.4932624502,78.4108404117,491.790161133,314.6,3.53
130.2654,1954,17.4932640834,78.4108387557,491.79208374,314.11,7.21
130.3338,1955,17.493267245,78.4108354942,491.800689697,314.28,3.3
130.4126,1956,17.4932689154,78.4108337815,491.802612305,312.03,4.83
130.4623,1957,17.4932703997,78.4108321349,491.802368164,313.17,8.12
130.5247,1958,17.493273598,78.410828726,491.804840088,313.79,3.88
130.5923,1959,17.4932752711,78.410826981,491.809509277,311.46,3.89
130.6602,1960,17.4932768876,78.4108251514,491.805419922,311.32,7.87
130.7282,1961,17.4932801533,78.4108214373,491.806060791,313.0,3.91
130.7966,1962,17.493281836,78.410819633,491.810119629,312.48,4.38
130.8595,1963,17.4932835546,78.4108177563,491.804382324,311.06,7.52
130.9335,1964,17.4932869316,78.4108138795,491.807983398,312.4,4.06
131.001,1965,17.4932886378,78.4108120113,491.806030273,313.64,7.8
131.07,1966,17.4932920612,78.410808421,491.803741455,315.05,4.36
131.1346,1967,17.4932938987,78.4108065868,491.809326172,313.41,4.4
131.1936,1968,17.4932955443,78.4108048473,491.813323975,312.33,4.11
131.262,1969,17.4932972897,78.4108029314,491.811340332,313.5,8.52
131.3314,1970,17.4933010406,78.4107989794,491.812194824,311.95,4.35
131.3975,1971,17.493302813,78.4107970076,491.813751221,312.39,4.34
131.4606,1972,17.4933045184,78.410795139,491.817810059,310.12,8.85
131.5251,1973,17.4933079208,78.4107911018,491.820251465,311.52,4.4
131.5919,1974,17.4933097182,78.4107890718,491.817504883,308.83,4.12
131.6612,1975,17.4933113746,78.410787014,491.816955566,310.73,9.15
131.7257,1976,17.4933149348,78.4107828791,491.812774658,310.97,4.39
131.794,1977,17.4933167522,78.4107807862,491.814331055,312.26,4.34
131.8631,1978,17.4933186131,78.4107787379,491.809082031,311.41,9.59
131.9287,1979,17.4933224544,78.4107743816,491.802581787,310.53,4.37
131.9993,1980,17.4933243066,78.4107722152,491.802581787,311.15,8.93
132.0713,1981,17.4933282163,78.4107677415,491.801483154,309.5,5.23
132.1322,1982,17.4933300889,78.4107654696,491.802703857,311.82,4.81
132.199,1983,17.4933320674,78.4107632581,491.798126221,310.35,4.75
132.2661,1984,17.4933339758,78.4107610114,491.798126221,312.16,9.23
132.3362,1985,17.4933379829,78.4107565862,491.793579102,310.32,5.61
132.394,1986,17.4933399219,78.4107543012,491.793579102,311.63,4.98
132.4585,1987,17.493341892,78.4107520846,491.785797119,312.08,9.78
132.5258,1988,17.4933459621,78.4107475765,491.774841309,310.34,4.76
132.5944,1989,17.4933479169,78.4107452748,491.774841309,311.94,5.09
132.6603,1990,17.4933499874,78.4107429707,491.764770508,310.41,10.02
132.7257,1991,17.4933539134,78.4107383586,491.761016846,310.51,4.75
132.7949,1992,17.4933558856,78.4107360506,491.759460449,311.61,5.69
132.8584,1993,17.4933581026,78.4107335544,491.756164551,308.25,8.6
132.9393,1994,17.4933620907,78.4107284947,491.752563477,310.28,5.84
132.996,1995,17.4933640709,78.410726158,491.753997803,300.79,5.61
133.0649,1996,17.4933659133,78.4107230661,491.747894287,304.93,10.55
133.133,1997,17.4933697328,78.4107175973,491.744720459,304.69,6.02
133.1947,1998,17.4933716951,78.4107147622,491.742828369,309.14,5.23
133.2589,1999,17.4933736571,78.4107123512,491.741333008,307.9,9.39
133.3328,2000,17.4933776076,78.4107072772,491.73928833,307.5,4.78
133.4071,2001,17.4933796118,78.4107046655,491.732818604,309.69,10.88
133.4703,2002,17.4933836738,78.4106997712,491.726196289,309.17,5.8
133.5278,2003,17.4933856241,78.4106973771,491.725769043,309.35,5.33
133.5921,2004,17.493387636,78.4106949238,491.725006104,309.36,4.5
133.6659,2005,17.4933895853,78.4106925474,491.722625732,310.65,10.09
133.7317,2006,17.4933935817,78.4106878925,491.718017578,309.52,5.14
133.7956,2007,17.4933955163,78.4106855469,491.716461182,313.33,5.16
133.8598,2008,17.4933976142,78.4106833228,491.710449219,310.01,8.47
133.9322,2009,17.493401258,78.4106789821,491.710968018,309.79,4.81
133.9989,2010,17.4934031566,78.4106767026,491.707397461,311.99,4.48
134.067,2011,17.4934050407,78.4106746093,491.711395264,311.52,9.39
134.1349,2012,17.4934089425,78.4106702025,491.708740234,311.25,5.71
134.1935,2013,17.4934109809,78.4106678785,491.708404541,310.26,4.64
134.2601,2014,17.4934128259,78.4106656996,491.704956055,312.78,8.54
134.3309,2015,17.4934166152,78.4106616044,491.698577881,313.81,4.25
134.4048,2016,17.493418621,78.4106595132,491.697692871,310.73,5.21
134.4619,2017,17.4934204137,78.410657431,491.694030762,313.11,9.78
134.5256,2018,17.493424342,78.4106532343,491.694335938,315.98,4.13
134.5935,2019,17.4934261991,78.4106514394,491.69152832,311.29,4.37
134.6588,2020,17.4934279384,78.4106494591,491.69152832,314.92,8.39
134.727,2021,17.4934316591,78.4106457277,491.685272217,314.85,4.35
134.7919,2022,17.4934334939,78.4106438832,491.679016113,311.92,4.03
134.8591,2023,17.4934351646,78.4106420223,491.675018311,311.91,7.77
134.9306,2024,17.49343859,78.4106382061,491.666534424,311.88,4.39
134.9959,2025,17.4934403584,78.4106362337,491.666412354,312.0,3.81
135.0637,2026,17.4934419523,78.4106344637,491.662017822,311.89,8.23
135.1276,2027,17.4934451938,78.4106308502,491.660064697,311.13,3.96
135.1959,2028,17.4934468382,78.4106289672,491.65411377,312.08,3.45
135.2669,2029,17.493448353,78.4106272897,491.652557373,310.36,7.32
135.3336,2030,17.4934512741,78.4106238524,491.647094727,312.01,3.77
135.396,2031,17.4934527287,78.4106222372,491.64553833,307.94,3.53
135.4633,2032,17.4934540832,78.4106205,491.637481689,310.66,7.3
135.5256,2033,17.4934568219,78.4106173116,491.630279541,311.81,3.21
135.5946,2034,17.4934581837,78.4106157891,491.628723145,311.28,3.25
135.6621,2035,17.4934595189,78.410614268,491.623168945,312.49,6.47
135.7276,2036,17.4934621601,78.4106113843,491.619049072,311.87,3.05
135.7955,2037,17.493463438,78.4106099585,491.613708496,309.78,3.3
135.8607,2038,17.4934647124,78.410608428,491.6121521,311.57,5.75
135.9289,2039,17.4934671158,78.4106057181,491.603820801,311.8,2.81
135.998,2040,17.4934683106,78.4106043817,491.602264404,312.05,5.23
136.0693,2041,17.493470616,78.4106018259,491.590911865,312.23,3.05
136.1304,2042,17.4934717721,78.4106005522,491.584899902,306.87,2.68
136.1975,2043,17.4934727713,78.4105992199,491.585327148,311.64,2.69
136.2627,2044,17.4934738454,78.4105980117,491.58013916,310.84,5.5
136.3272,2045,17.4934759893,78.4105955312,491.579956055,0.0,0.0
