timestamp,image_idx,lat,lon,altitude,heading,speed
0.0,0,17.4963800642,78.4156674157,486.050811768,200.99,4.1
0.0669,1,17.4963777483,78.4156665273,486.059143066,201.35,2.11
0.1343,2,17.496376549,78.4156660585,486.063812256,202.13,2.08
0.2003,3,17.4963753973,78.4156655902,486.058349609,201.53,4.28
0.2683,4,17.4963729459,78.4156646232,486.048553467,201.74,2.08
0.3378,5,17.4963717304,78.4156641384,486.049957275,201.41,2.45
0.4037,6,17.4963703694,78.4156636048,486.040130615,201.85,4.51
0.4704,7,17.49636784,78.4156625904,486.043273926,201.21,2.32
0.5368,8,17.4963665405,78.415662086,486.047546387,202.42,2.31
0.6003,9,17.496365313,78.4156615796,486.046295166,204.56,4.63
0.6669,10,17.4963627696,78.4156604175,486.059204102,204.73,2.17
0.737,11,17.496361514,78.4156598393,486.061706543,197.96,2.42
0.8005,12,17.4963601928,78.415659411,486.070465088,205.3,4.57
0.8689,13,17.4963576262,78.4156581976,486.080200195,206.88,2.41
0.9333,14,17.4963563673,78.4156575594,486.08404541,200.13,2.36
1.001,15,17.4963550105,78.4156570621,486.092346191,206.36,4.88
1.0671,16,17.496352388,78.4156557625,486.104797363,207.44,2.29
1.1371,17,17.4963510953,78.4156550913,486.108581543,208.22,2.3
1.2028,18,17.4963498845,78.4156544414,486.111724854,208.71,5.05
1.2676,19,17.4963472725,78.415653011,486.114776611,208.01,2.49
1.3338,20,17.4963459499,78.4156523075,486.115753174,217.13,2.13
1.405,21,17.4963448451,78.415651471,486.114868164,211.54,5.12
1.4677,22,17.4963423522,78.4156499407,486.114135742,210.3,2.54
1.5338,23,17.4963410325,78.4156491695,486.118927002,210.09,2.53
1.5999,24,17.4963397146,78.4156484058,486.11315918,210.11,5.01
1.6669,25,17.4963370718,78.4156468732,486.106750488,212.25,2.6
1.7335,26,17.4963357374,78.4156460312,486.114868164,202.92,2.61
1.8047,27,17.4963341888,78.4156453764,486.101104736,210.27,5.77
1.8666,28,17.4963313799,78.4156437373,486.104888916,212.31,2.72
1.9333,29,17.4963299833,78.4156428541,486.100280762,212.24,2.65
2.0044,30,17.4963285304,78.4156419376,486.114868164,213.13,5.55
2.0699,31,17.4963257544,78.4156401257,486.12310791,213.45,2.8
2.1366,32,17.4963243315,78.4156391857,486.123535156,213.15,2.94
2.2006,33,17.4963228928,78.4156382461,486.125183105,212.77,5.62
2.2672,34,17.4963200244,78.4156363994,486.128875732,214.26,2.77
2.3372,35,17.4963185632,78.4156354042,486.132110596,210.62,3.04
2.4005,36,17.496317054,78.4156345109,486.134063721,213.45,5.69
2.4694,37,17.4963140693,78.4156325391,486.143157959,211.84,2.85
2.5392,38,17.4963125309,78.4156315839,486.147186279,214.65,3.24
2.6016,39,17.4963110143,78.4156305356,486.151000977,213.47,5.29
2.6772,40,17.496307968,78.4156285219,486.156768799,214.69,3.63
2.734,41,17.4963064191,78.4156274497,486.156768799,210.64,3.07
2.8013,42,17.4963047998,78.4156264907,486.158660889,215.87,6.0
2.8715,43,17.496301679,78.4156242339,486.169189453,214.69,2.97
2.9433,44,17.496300079,78.4156231263,486.174255371,211.98,3.47
3.0047,45,17.4962984325,78.4156220984,486.178527832,211.53,6.46
3.0716,46,17.4962950763,78.4156200392,486.188140869,214.36,3.26
3.139,47,17.4962934193,78.4156189064,486.189697266,212.74,3.31
3.201,48,17.496291844,78.4156178934,486.196014404,211.75,6.45
3.2714,49,17.4962883274,78.4156157171,486.199645996,213.77,3.3
3.3398,50,17.4962866148,78.415614572,486.201721191,212.06,6.56
3.4094,51,17.4962830856,78.4156123616,486.208953857,209.72,3.57
3.4739,52,17.4962812676,78.4156113238,486.208679199,212.04,3.41
3.5428,53,17.4962794514,78.4156101871,486.213439941,212.97,7.22
3.6081,54,17.4962758463,78.4156078482,486.216552734,209.24,3.45
3.6732,55,17.4962740617,78.415606849,486.229736328,212.7,3.76
3.7369,56,17.4962722259,78.4156056703,486.231292725,211.67,6.76
3.808,57,17.4962684974,78.4156033705,486.24710083,210.4,3.45
3.8779,58,17.4962666043,78.4156022599,486.261932373,210.67,3.39
3.9504,59,17.4962646793,78.4156011181,486.272644043,211.22,8.0
4.0122,60,17.4962608266,78.4155987828,486.289794922,211.7,4.15
4.0724,61,17.4962588882,78.4155975858,486.292907715,211.75,3.95
4.1361,62,17.4962569397,78.4155963801,486.299591064,212.59,3.86
4.2023,63,17.4962549774,78.4155951255,486.310882568,209.83,7.44
4.2704,64,17.4962509752,78.4155928306,486.327209473,211.07,4.09
4.3334,65,17.4962489628,78.4155916179,486.331878662,212.47,3.65
4.4054,66,17.4962469403,78.4155903309,486.346313477,209.86,8.0
4.4706,67,17.4962428231,78.4155879675,486.361999512,211.93,4.19
4.5346,68,17.4962407498,78.4155866754,486.36932373,210.95,4.03
4.6004,69,17.4962386761,78.415585432,486.37399292,209.95,7.79
4.669,70,17.4962344628,78.4155830048,486.388458252,210.83,4.04
4.7357,71,17.4962323569,78.415581748,486.397735596,210.14,4.06
4.8058,72,17.4962301151,78.4155804462,486.405273438,209.67,8.07
4.8725,73,17.4962258607,78.4155780225,486.420623779,211.14,3.85
4.9424,74,17.4962237611,78.4155767537,486.426727295,210.79,4.26
5.0073,75,17.4962216004,78.4155754663,486.437042236,211.67,8.9
5.0698,76,17.4962172852,78.4155728048,486.453887939,211.67,4.2
5.1363,77,17.4962151183,78.4155714683,486.460113525,210.42,7.89
5.2081,78,17.4962106715,78.4155688572,486.474334717,208.41,4.43
5.2735,79,17.4962083528,78.4155676028,486.469085693,211.02,4.61
5.3367,80,17.49620608,78.415566236,486.472198486,211.84,4.27
5.4035,81,17.4962038731,78.4155648656,486.478424072,212.67,8.76
5.4688,82,17.4961994847,78.4155620513,486.488525391,211.94,4.29
5.5352,83,17.4961972793,78.4155606765,486.496154785,212.48,4.24
5.6036,84,17.4961950473,78.4155592557,486.503295898,211.42,8.84
5.6685,85,17.4961905847,78.4155565295,486.514434814,212.46,4.26
5.7373,86,17.4961883279,78.4155550941,486.522216797,201.56,4.47
5.8032,87,17.4961858463,78.4155541137,486.515167236,206.03,9.2
5.8665,88,17.4961810968,78.4155517943,486.515716553,211.59,4.38
5.9344,89,17.4961787891,78.4155503749,486.525512695,204.17,4.65
6.0002,90,17.4961762602,78.4155492397,486.51739502,211.48,9.31
6.0663,91,17.49617148,78.4155463122,486.51940918,212.59,4.26
6.1385,92,17.4961691187,78.4155448027,486.514892578,211.54,4.59
6.2033,93,17.4961668115,78.4155433867,486.524139404,212.85,9.75
6.2682,94,17.4961619627,78.4155402559,486.530059814,214.68,4.69
6.3344,95,17.4961596332,78.4155386439,486.52722168,212.42,4.51
6.4027,96,17.4961572624,78.4155371383,486.53326416,214.09,9.68
6.4677,97,17.4961525043,78.4155339183,486.536651611,218.45,4.39
6.5373,98,17.4961503108,78.4155321766,486.534332275,213.22,4.68
6.6038,99,17.4961479375,78.4155306223,486.540557861,215.59,9.83
6.668,100,17.4961432486,78.4155272664,486.548217773,217.0,4.8
6.7338,101,17.4961409397,78.4155255264,486.555175781,214.0,4.57
6.8013,102,17.496138606,78.4155239523,486.563232422,214.61,9.48
6.868,103,17.4961338534,78.4155206721,486.578887939,215.01,4.73
6.9355,104,17.4961314646,78.415518999,486.582733154,214.21,4.65
7.0035,105,17.4961290749,78.4155173746,486.587585449,214.99,9.74
7.0681,106,17.496124366,78.4155140787,486.595916748,214.14,4.76
7.1349,107,17.4961219655,78.4155124511,486.605163574,214.78,4.43
7.2067,108,17.4961195796,78.4155107943,486.603637695,214.94,10.21
7.2693,109,17.4961147926,78.4155074495,486.610687256,214.37,4.71
7.3373,110,17.4961123799,78.4155057994,486.613800049,217.09,4.65
7.4051,111,17.496110077,78.4155040586,486.625335693,215.81,9.48
7.4732,112,17.496105294,78.4155006078,486.641937256,216.95,4.66
7.5407,113,17.4961029947,78.4154988783,486.65045166,214.7,5.15
7.6032,114,17.4961005762,78.4154972036,486.656402588,214.79,9.68
7.6703,115,17.4960957055,78.4154938197,486.670227051,214.57,4.95
7.7357,116,17.4960932692,78.4154921412,486.67755127,216.58,5.01
7.8014,117,17.4960908525,78.4154903475,486.684906006,213.63,9.73
7.8685,118,17.4960858941,78.4154870494,486.697784424,214.37,4.69
7.9381,119,17.4960834346,78.4154853673,486.703613281,213.84,4.89
8.0049,120,17.4960809569,78.4154837063,486.712249756,214.37,10.09
8.0695,121,17.4960760455,78.4154803473,486.724304199,214.46,4.91
8.1367,122,17.4960735614,78.4154786428,486.727874756,213.97,4.83
8.2049,123,17.4960710689,78.4154769635,486.732543945,213.89,10.35
8.2687,124,17.4960660657,78.4154736025,486.745178223,213.72,4.76
8.3383,125,17.4960635526,78.4154719251,486.752502441,213.06,4.79
8.4066,126,17.4960610523,78.4154702975,486.756469727,213.69,10.14
8.4725,127,17.4960559779,78.4154669144,486.768280029,213.07,5.02
8.5375,128,17.4960534843,78.4154652909,486.776306152,213.18,8.98
8.6113,129,17.4960484265,78.4154619833,486.788970947,214.16,5.07
8.6756,130,17.4960459616,78.4154603106,486.800323486,213.0,5.53
8.7364,131,17.4960433912,78.4154586413,486.804992676,215.25,4.9
8.8025,132,17.4960409762,78.4154569344,486.8152771,212.56,10.52
8.8668,133,17.4960357761,78.4154536143,486.833953857,212.74,4.97
8.9349,134,17.4960331788,78.4154519444,486.841522217,212.76,5.12
9.001,135,17.4960305812,78.4154502727,486.853240967,212.47,9.78
9.0702,136,17.4960253775,78.415446961,486.870452881,212.42,5.17
9.1362,137,17.4960227489,78.4154452918,486.87512207,211.23,4.89
9.2065,138,17.4960200719,78.4154436685,486.887756348,212.05,10.75
9.2707,139,17.4960147393,78.4154403293,486.905792236,211.93,4.91
9.341,140,17.4960120689,78.4154386651,486.910461426,210.05,5.32
9.4066,141,17.4960093203,78.4154370748,486.919128418,209.78,10.29
9.4721,142,17.4960039985,78.4154340291,486.932067871,211.22,5.29
9.5355,143,17.4960013852,78.4154324453,486.938812256,211.18,5.25
9.6016,144,17.4959986786,78.4154308073,486.945037842,210.79,10.04
9.6705,145,17.495993268,78.4154275838,486.960418701,210.94,5.25
9.7369,146,17.4959905446,78.415425951,486.966644287,205.49,5.15
9.8031,147,17.4959877532,78.4154246203,486.973236084,210.34,10.62
9.8677,148,17.4959823621,78.4154214645,486.988067627,209.58,5.05
9.9376,149,17.4959795716,78.4154198807,486.998382568,210.63,5.18
10.0048,150,17.4959768454,78.4154182665,487.004882812,211.72,10.37
10.0732,151,17.4959713487,78.4154148686,487.022796631,210.82,5.16
10.1407,152,17.4959686263,78.4154132444,487.031860352,211.47,5.34
10.2072,153,17.4959658657,78.4154115545,487.040405273,211.46,10.54
10.2743,154,17.4959603691,78.4154081908,487.061981201,211.1,5.08
10.3427,155,17.495957657,78.4154065545,487.069763184,212.34,10.26
10.4112,156,17.4959522447,78.4154031279,487.087615967,212.33,6.1
10.4714,157,17.4959494162,78.4154013378,487.103973389,212.24,5.46
10.5368,158,17.4959466624,78.4153996009,487.120697021,211.7,9.77
10.6082,159,17.4959412533,78.4153962602,487.139068604,211.11,5.7
10.6692,160,17.4959385405,78.4153946228,487.152832031,211.83,4.92
10.74,161,17.4959358459,78.4153929504,487.163665771,212.09,5.5
10.8023,162,17.4959332008,78.415391292,487.1746521,211.01,10.2
10.8704,163,17.4959277761,78.415388031,487.193359375,212.54,5.05
10.9373,164,17.495925178,78.4153863733,487.195159912,212.27,5.19
11.004,165,17.4959225117,78.4153846899,487.205352783,212.56,10.51
11.0688,166,17.4959172758,78.415381346,487.220062256,212.5,4.98
11.1367,167,17.4959146738,78.4153796886,487.229217529,213.38,4.93
11.2066,168,17.4959120476,78.4153779584,487.238891602,213.34,11.15
11.2689,169,17.4959067508,78.4153744743,487.255554199,212.95,5.32
11.3336,170,17.4959041188,78.4153727684,487.26663208,213.73,5.1
11.4022,171,17.4959014623,78.4153709949,487.270507812,212.35,10.07
11.4698,172,17.4958962215,78.4153676753,487.279754639,214.61,5.15
11.538,173,17.4958935818,78.4153658539,487.278747559,213.46,5.21
11.6037,174,17.4958909778,78.4153641332,487.289611816,215.6,9.89
11.6738,175,17.4958858285,78.4153604462,487.30065918,213.85,5.39
11.736,176,17.4958832895,78.4153587433,487.308288574,212.69,5.08
11.8048,177,17.4958806051,78.4153570204,487.312835693,213.91,10.67
11.8694,178,17.4958753859,78.4153535119,487.331542969,214.14,5.08
11.9364,179,17.4958728143,78.4153517681,487.340393066,214.02,5.16
12.002,180,17.4958702547,78.4153500402,487.348114014,213.39,10.04
12.0704,181,17.4958650241,78.415346592,487.364074707,214.27,4.92
12.1391,182,17.4958624755,78.4153448557,487.371856689,211.82,5.31
12.2048,183,17.4958597743,78.4153431793,487.37802124,213.05,10.44
12.2701,184,17.4958545613,78.4153397873,487.39251709,213.85,5.0
12.3383,185,17.4958519744,78.4153380525,487.398590088,214.37,9.44
12.4084,186,17.4958469853,78.4153346396,487.415496826,213.06,5.56
12.4686,187,17.4958444272,78.4153329746,487.425079346,213.45,4.63
12.5396,188,17.4958419269,78.4153313228,487.433929443,214.5,4.94
12.6065,189,17.4958394392,78.4153296133,487.441711426,214.47,10.71
12.668,190,17.4958344833,78.4153262104,487.457489014,212.78,4.77
12.7381,191,17.4958319184,78.4153245589,487.464202881,214.69,5.04
12.803,192,17.4958294628,78.4153228593,487.473022461,213.71,9.43
12.8724,193,17.4958244947,78.4153195453,487.491088867,214.67,5.32
12.9331,194,17.4958220702,78.4153178681,487.49887085,214.09,4.26
13.0065,195,17.4958197071,78.4153162689,487.50579834,213.67,9.98
13.0709,196,17.4958148243,78.415313016,487.521972656,211.02,5.12
13.1345,197,17.4958122826,78.4153114878,487.534759521,214.76,4.54
13.2042,198,17.4958099106,78.4153098415,487.542541504,213.25,9.37
13.2714,199,17.4958051056,78.4153066911,487.559509277,210.22,4.58
13.3389,200,17.4958026749,78.4153052752,487.570861816,214.38,4.73
13.4042,201,17.4958003478,78.4153036832,487.578796387,213.07,8.86
13.474,202,17.4957956193,78.4153006037,487.59588623,213.29,4.49
13.543,203,17.4957932544,78.4152990509,487.602874756,214.14,4.86
13.605,204,17.4957909771,78.4152975068,487.610656738,213.86,8.58
13.6741,205,17.4957864811,78.4152944904,487.624359131,211.07,4.84
13.7367,206,17.4957841151,78.4152930647,487.634063721,213.75,4.55
13.8014,207,17.4957818804,78.4152915715,487.641845703,211.64,8.3
13.8718,208,17.495777345,78.4152887773,487.660491943,213.23,4.3
13.9378,209,17.4957751772,78.4152873572,487.670318604,212.92,4.42
14.0026,210,17.4957729824,78.4152859365,487.677520752,212.47,8.04
14.0733,211,17.4957686072,78.4152831528,487.693878174,212.33,4.57
14.135,212,17.4957664369,78.4152817793,487.701660156,212.13,7.31
14.2094,213,17.4957622361,78.4152791412,487.717803955,216.81,3.95
14.2743,214,17.4957603597,78.4152777368,487.725128174,211.86,4.27
14.3383,215,17.4957582445,78.4152764223,487.73248291,216.83,3.9
14.4057,216,17.4957563197,78.4152749806,487.738739014,213.28,8.41
14.4693,217,17.4957522409,78.4152723031,487.756866455,214.16,3.95
14.5358,218,17.4957502577,78.4152709575,487.767883301,211.29,4.09
14.6016,219,17.4957481615,78.4152696837,487.775421143,212.37,7.44
14.6728,220,17.4957440842,78.4152670989,487.79397583,210.89,3.85
14.743,221,17.4957419738,78.4152658362,487.801757812,211.05,8.12
14.8087,222,17.495737809,78.4152633284,487.820648193,216.73,4.16
14.8697,223,17.4957359468,78.415261939,487.834136963,214.97,3.77
14.9363,224,17.495734068,78.4152606248,487.843994141,210.67,4.09
15.0029,225,17.4957319352,78.41525936,487.85333252,211.49,8.11
15.0695,226,17.495727741,78.4152567903,487.86831665,213.3,3.81
15.1407,227,17.4957256703,78.41525543,487.875518799,211.56,8.09
15.2084,228,17.4957214201,78.4152528195,487.890899658,210.5,4.17
15.2748,229,17.4957192493,78.415251541,487.898986816,209.68,4.18
15.3394,230,17.4957171139,78.4152503238,487.907318115,209.92,7.46
15.4124,231,17.4957128195,78.415247852,487.923126221,210.13,4.53
15.4729,232,17.4957106628,78.4152466004,487.930755615,210.95,4.35
15.5358,233,17.4957085272,78.4152453198,487.937927246,210.08,4.19
15.6028,234,17.4957063137,78.4152440376,487.945709229,211.35,8.22
15.671,235,17.4957019534,78.4152413808,487.961914062,216.61,4.26
15.7348,236,17.4956999589,78.4152398988,487.970794678,210.7,4.25
15.8016,237,17.4956977386,78.4152385807,487.979003906,215.69,7.86
15.8719,238,17.4956936375,78.4152356349,487.998474121,211.67,4.58
15.9342,239,17.4956914254,78.4152342705,488.006256104,221.91,4.01
16.0054,240,17.4956894744,78.4152325196,488.02243042,216.36,8.31
16.0735,241,17.4956853075,78.4152294516,488.045135498,218.12,4.61
16.1377,242,17.4956831771,78.41522778,488.059448242,213.57,4.49
16.2021,243,17.4956809779,78.4152263205,488.068572998,216.46,8.44
16.272,244,17.4956766375,78.4152231135,488.092193604,218.44,4.28
16.3411,245,17.4956745175,78.4152214306,488.1065979,215.06,4.43
16.4073,246,17.4956723245,78.4152198914,488.116333008,215.69,9.88
16.4685,247,17.4956678343,78.4152166657,488.137481689,213.71,4.13
16.5389,248,17.4956656298,78.4152151948,488.152282715,215.87,4.44
16.6059,249,17.4956634281,78.4152136029,488.16317749,214.43,8.98
16.6721,250,17.4956589523,78.4152105347,488.181518555,205.84,4.51
16.7378,251,17.4956565305,78.4152093618,488.195678711,216.05,4.57
16.8034,252,17.4956543161,78.4152077499,488.206573486,213.54,8.78
16.8711,253,17.4956497953,78.415204753,488.226013184,210.14,4.65
16.9348,254,17.4956474638,78.4152033991,488.235748291,216.54,4.18
17.0063,255,17.4956452661,78.4152017706,488.247161865,212.42,8.88
17.0734,256,17.4956406815,78.415198859,488.266876221,216.7,4.58
17.1385,257,17.4956384941,78.4151972288,488.279327393,207.6,4.7
17.2019,258,17.4956360944,78.4151959745,488.291717529,213.93,8.57
17.2711,259,17.495631604,78.4151929537,488.31817627,217.0,4.24
17.3396,260,17.4956294802,78.4151913534,488.329223633,210.48,4.7
17.4032,261,17.4956271364,78.4151899738,488.346496582,214.99,8.63
17.4719,262,17.4956226999,78.415186868,488.373901367,212.79,4.47
17.5376,263,17.4956204467,78.4151854163,488.385040283,217.45,4.34
17.6051,264,17.4956183169,78.4151837849,488.397338867,219.2,9.18
17.6692,265,17.495614136,78.4151803755,488.423675537,220.26,4.5
17.7361,266,17.4956120309,78.4151785925,488.435882568,218.78,4.49
17.801,267,17.4956099515,78.4151769217,488.44833374,218.43,8.49
17.8699,268,17.4956057539,78.4151735914,488.476165771,219.9,4.63
17.9341,269,17.4956036642,78.4151718443,488.495941162,219.73,4.16
18.0023,270,17.4956016641,78.4151701823,488.508148193,219.1,8.62
18.0687,271,17.4955975924,78.4151668739,488.543029785,220.91,4.62
18.1335,272,17.4955955146,78.4151650734,488.569000244,220.8,4.01
18.2049,273,17.4955935253,78.415163356,488.579284668,218.44,9.07
18.2682,274,17.4955894069,78.4151600867,488.61227417,221.24,3.9
18.3409,275,17.4955874497,78.4151583708,488.627838135,218.1,7.78
18.415,276,17.4955832976,78.4151551152,488.657897949,211.97,5.16
18.474,277,17.4955809439,78.4151536459,488.671569824,216.73,5.09
18.5342,278,17.4955786969,78.415151969,488.684173584,221.38,4.11
18.6023,279,17.4955767708,78.4151502724,488.696624756,220.26,8.42
18.6715,280,17.4955726918,78.4151468176,488.725463867,221.68,4.85
18.7339,281,17.4955706169,78.4151449702,488.741088867,222.32,4.24
18.8021,282,17.4955686513,78.4151431803,488.752807617,223.05,8.65
18.87,283,17.4955647051,78.4151394944,488.77835083,226.66,4.2
18.9334,284,17.4955630181,78.4151377067,488.790008545,223.84,4.13
19.0038,285,17.4955610884,78.4151358533,488.802459717,224.89,8.53
19.0706,286,17.495557372,78.4151321515,488.821746826,226.34,4.3
19.1378,287,17.495555533,78.4151302242,488.828674316,225.25,4.42
19.204,288,17.4955536371,78.415128312,488.841125488,226.87,8.9
19.2681,289,17.4955500388,78.415124471,488.859924316,226.33,4.41
19.3349,290,17.4955481655,78.4151225084,488.872375488,228.61,4.0
19.4066,291,17.4955464147,78.4151205216,488.878662109,228.96,9.16
19.4715,292,17.4955428096,78.4151163798,488.900360107,229.32,4.68
19.5353,293,17.4955410109,78.4151142868,488.910980225,228.22,4.47
19.6021,294,17.4955391738,78.4151122309,488.923431396,228.69,9.15
19.6672,295,17.4955355404,78.4151080969,488.945159912,229.06,4.4
19.7357,296,17.4955337165,78.4151059944,488.956207275,228.32,4.32
19.8042,297,17.4955319015,78.4151039559,488.966491699,229.61,8.59
19.874,298,17.4955283104,78.4150997346,488.98538208,229.58,4.95
19.9355,299,17.4955264876,78.4150975945,488.997833252,229.41,4.47
20.0041,300,17.4955246439,78.4150954426,489.002410889,229.55,9.52
20.0682,301,17.4955209841,78.4150911499,489.017120361,229.61,4.1
20.1406,302,17.4955192042,78.4150890578,489.02355957,230.59,9.06
20.2088,303,17.4955155738,78.4150846395,489.04309082,231.36,5.02
20.2699,304,17.4955137994,78.4150824197,489.054016113,230.99,4.73
20.3358,305,17.4955119854,78.4150801805,489.063140869,233.18,4.43
20.4052,306,17.4955102755,78.4150778964,489.073669434,232.21,9.12
20.4727,307,17.4955067827,78.4150733914,489.093597412,234.62,5.11
20.5358,308,17.4955050508,78.4150709526,489.110839844,231.81,4.48
20.6062,309,17.4955032453,78.4150686577,489.120178223,233.88,9.31
20.6728,310,17.4954998531,78.4150640098,489.13772583,232.16,4.88
20.7373,311,17.4954980645,78.4150617073,489.149688721,233.95,4.87
20.8049,312,17.4954962665,78.4150592369,489.155609131,233.24,9.51
20.8715,313,17.4954927512,78.4150545304,489.167602539,232.27,4.82
20.937,314,17.4954909631,78.4150522195,489.176849365,233.57,4.64
21.0066,315,17.4954891857,78.415049811,489.175445557,232.39,10.41
21.0672,316,17.4954856198,78.4150451817,489.187255859,232.31,4.57
21.1363,317,17.4954838333,78.4150428691,489.197875977,231.18,4.68
21.2028,318,17.4954820285,78.4150406256,489.198486328,232.81,9.29
21.2713,319,17.495478462,78.4150359251,489.20916748,232.13,4.58
21.3398,320,17.4954766802,78.4150336334,489.218505859,231.94,9.33
21.4078,321,17.4954730585,78.4150290082,489.231384277,232.79,4.87
21.4725,322,17.495471292,78.4150266814,489.238006592,232.71,4.82
21.5378,323,17.4954695259,78.4150243621,489.241882324,231.89,4.9
21.601,324,17.4954677547,78.4150221041,489.249664307,231.8,9.04
21.6692,325,17.4954642256,78.41501762,489.262878418,231.82,4.74
21.7341,326,17.4954624655,78.4150153814,489.2706604,231.08,4.67
21.8003,327,17.4954606693,78.4150131571,489.276641846,232.29,9.1
21.8682,328,17.4954571684,78.4150086292,489.289459229,231.53,4.36
21.9375,329,17.4954554285,78.4150064393,489.297668457,231.75,4.66
22.0035,330,17.4954536669,78.4150042048,489.303253174,230.82,8.77
22.0725,331,17.4954501281,78.4149998624,489.313964844,231.46,4.69
22.1354,332,17.4954484275,78.4149977277,489.318878174,230.86,7.99
22.2089,333,17.4954449962,78.4149935108,489.334533691,230.09,4.61
22.273,334,17.4954432448,78.4149914169,489.333953857,231.15,4.25
22.3381,335,17.4954416381,78.4149894223,489.343109131,230.64,8.02
22.4083,336,17.4954383352,78.4149853951,489.349029541,230.86,4.74
22.4681,337,17.4954366781,78.4149833588,489.343811035,231.06,3.93
22.5361,338,17.495435124,78.4149814354,489.351593018,230.97,4.15
22.6006,339,17.4954335623,78.414979509,489.35269165,230.6,7.26
22.6733,340,17.4954304635,78.4149757367,489.35559082,230.81,3.8
22.7395,341,17.4954289913,78.414973931,489.358276367,229.4,3.98
22.8046,342,17.4954274325,78.4149721121,489.359527588,229.17,7.67
22.8691,343,17.4954244424,78.4149686511,489.36428833,230.44,3.58
22.9345,344,17.4954230641,78.4149669829,489.370391846,229.35,3.45
23.0052,345,17.4954215962,78.4149652731,489.36730957,229.48,7.42
23.0678,346,17.4954188077,78.414962011,489.369842529,230.01,3.19
23.1385,347,17.4954174661,78.4149604118,489.376068115,228.05,3.57
23.2023,348,17.4954160588,78.4149588463,489.377593994,228.61,6.37
23.2708,349,17.4954133936,78.4149558218,489.380279541,230.46,3.22
23.3383,350,17.4954121145,78.4149542722,489.373352051,229.67,3.17
23.405,351,17.4954108484,78.4149527807,489.379577637,229.07,5.87
23.4763,352,17.4954083156,78.4149498594,489.380126953,227.46,3.12
23.542,353,17.4954070365,78.4149484655,489.38180542,229.51,3.31
23.6017,354,17.4954058495,78.4149470754,489.382232666,228.77,6.0
23.6678,355,17.4954034361,78.4149443212,489.384185791,229.5,2.97
23.7333,356,17.4954022688,78.4149429543,489.38885498,228.71,2.61
23.8048,357,17.4954011321,78.4149416599,489.38873291,228.98,5.72
23.8695,358,17.4953988872,78.4149390794,489.390472412,229.54,2.71
23.9372,359,17.4953977856,78.4149377876,489.389648438,229.49,2.79
24.0008,360,17.4953967184,78.4149365385,489.392547607,229.25,5.12
24.0709,361,17.4953945523,78.4149340245,489.391387939,229.66,2.57
24.1385,362,17.4953935134,78.4149328012,489.396057129,227.53,2.6
24.2052,363,17.4953924314,78.4149316193,489.388885498,230.59,4.83
24.2739,364,17.4953904807,78.4149292453,489.387756348,230.1,2.53
24.3387,365,17.4953895077,78.4149280815,489.392425537,224.83,2.57
24.4042,366,17.4953884076,78.4149269879,489.393035889,230.52,5.1
24.4696,367,17.495386448,78.4149246087,489.390075684,232.42,2.33
24.5359,368,17.4953855753,78.4149234746,489.38684082,230.28,2.39
24.6002,369,17.4953846682,78.4149223827,489.389953613,227.53,4.49
24.6693,370,17.4953827364,78.4149202722,489.386962891,226.95,2.33
24.7342,371,17.4953817826,78.4149192511,489.387695312,229.75,2.06
24.8038,372,17.4953809277,78.4149182411,489.385894775,232.94,4.37
24.869,373,17.4953793366,78.4149161345,489.384735107,230.55,2.05
24.9372,374,17.4953785163,78.4149151377,489.3878479,229.58,2.16
25.003,375,17.4953776656,78.4149141389,489.385772705,229.24,3.86
25.0711,376,17.4953760791,78.4149122982,489.385437012,229.79,1.9
25.1389,377,17.495375309,78.4149113871,489.386871338,233.57,2.12
25.2032,378,17.4953745599,78.4149103722,489.400665283,231.42,3.68
25.2677,379,17.4953731883,78.4149086528,489.410430908,231.03,1.77
25.3392,380,17.4953724526,78.4149077432,489.4112854,232.16,1.51
25.4054,381,17.4953718844,78.4149070118,489.399169922,228.08,3.74
25.4697,382,17.495370401,78.4149053596,489.378448486,229.85,1.85
25.5357,383,17.4953696715,78.4149044948,489.37689209,236.61,1.93
25.5999,384,17.4953690378,78.4149035333,489.368286133,226.56,3.68
25.6678,385,17.495367455,78.4149018621,489.361114502,230.51,1.79
25.7359,386,17.4953667376,78.4149009915,489.357971191,233.65,1.59
25.8054,387,17.4953661289,78.4149001645,489.364379883,231.81,3.61
25.8711,388,17.4953647707,78.4148984382,489.368225098,230.83,1.87
25.9345,389,17.4953640775,78.4148975872,489.371337891,228.21,1.69
26.002,390,17.4953633742,78.4148968003,489.372589111,229.99,3.29
26.0697,391,17.4953620513,78.4148952245,489.36807251,229.98,1.74
26.1343,392,17.4953613849,78.4148944308,489.372650146,234.73,1.53
26.2074,393,17.4953607868,78.4148935852,489.371032715,226.9,3.46
26.271,394,17.4953594013,78.4148921048,489.351165771,231.86,1.71
26.3361,395,17.4953587638,78.4148912929,489.345855713,220.14,1.79
26.4034,396,17.4953579205,78.4148905817,489.343322754,228.59,3.07
26.4766,397,17.495356547,78.4148890244,489.355072021,229.24,1.76
26.54,398,17.4953558732,78.4148882427,489.347320557,235.86,1.53
26.6011,399,17.495355386,78.4148875242,489.365478516,228.49,2.99
26.6707,400,17.4953541108,78.4148860832,489.375762939,229.15,1.64
26.7384,401,17.4953534392,78.4148853066,489.381408691,236.67,1.64
26.8042,402,17.4953528886,78.4148844694,489.383544922,226.58,3.39
26.8712,403,17.4953514496,78.4148829489,489.384338379,229.35,1.89
26.9366,404,17.4953507038,78.4148820804,489.384857178,234.5,1.71
27.0,405,17.495350119,78.4148812604,489.387176514,230.51,3.49
27.0702,406,17.4953486793,78.4148795135,489.384277344,229.2,2.08
27.134,407,17.4953478793,78.4148785866,489.38583374,236.03,2.13
27.2012,408,17.4953471357,78.4148774828,489.382110596,231.85,3.96
27.2673,409,17.4953456394,78.4148755777,489.37789917,229.82,2.11
27.3345,410,17.4953447919,78.414874574,489.381011963,232.79,1.86
27.4026,411,17.4953440828,78.4148736402,489.380432129,231.31,4.22
27.4714,412,17.4953424027,78.414871542,489.380828857,232.99,2.03
27.5335,413,17.495341701,78.4148706113,489.377990723,229.99,2.14
27.6036,414,17.4953408112,78.4148695514,489.381103516,229.07,4.59
27.67,415,17.4953389646,78.4148674217,489.383728027,229.8,2.42
27.7345,416,17.4953380346,78.4148663213,489.385803223,230.66,2.21
27.8028,417,17.4953371481,78.4148652398,489.384521484,229.11,4.67
27.8712,418,17.4953352177,78.4148630103,489.383026123,229.66,2.55
27.9338,419,17.4953342612,78.414861884,489.384643555,230.01,2.39
28.0013,420,17.4953333014,78.4148607397,489.385803223,231.01,5.13
28.0671,421,17.4953313358,78.4148583115,489.387023926,229.54,2.55
28.1333,422,17.4953303217,78.4148571223,489.386169434,227.2,2.54
28.203,423,17.4953292131,78.4148559252,489.387756348,233.98,5.06
28.2729,424,17.495327282,78.4148532696,489.388793945,229.56,2.4
28.346,425,17.4953262295,78.4148520348,489.391052246,227.1,6.17
28.4088,426,17.4953237947,78.4148494149,489.392028809,231.16,3.13
28.4732,427,17.495322624,78.414847961,489.391906738,229.08,2.92
28.5353,428,17.495321527,78.4148466953,489.393432617,228.29,2.97
28.6013,429,17.4953203219,78.414845343,489.395294189,230.05,5.8
28.6685,430,17.4953180091,78.4148425816,489.39730835,228.92,2.7
28.7399,431,17.4953168374,78.4148412373,489.395172119,230.52,3.22
28.8019,432,17.4953156632,78.4148398121,489.398956299,231.61,6.0
28.8677,433,17.4953133933,78.414836947,489.400665283,229.12,2.85
28.9383,434,17.4953121782,78.4148355433,489.40222168,232.09,3.26
29.0047,435,17.4953109471,78.4148339627,489.403076172,229.01,6.65
29.0672,436,17.49530843,78.414831066,489.406402588,228.91,2.94
29.137,437,17.4953071826,78.4148296357,489.408294678,232.63,3.01
29.2067,438,17.4953060026,78.4148280906,489.41104126,229.02,6.43
29.2738,439,17.4953033878,78.4148250803,489.411346436,228.88,3.23
29.3411,440,17.4953020679,78.4148235682,489.409515381,230.01,6.63
29.4078,441,17.4952994407,78.414820436,489.416748047,231.41,3.72
29.4706,442,17.4952980915,78.4148187452,489.418121338,234.79,3.41
29.5378,443,17.4952968658,78.4148170081,489.424804688,229.29,3.37
29.6043,444,17.4952955132,78.4148154361,489.424133301,231.42,7.1
29.6693,445,17.4952928503,78.4148120975,489.429321289,229.24,3.33
29.7378,446,17.4952914731,78.4148104995,489.43145752,231.46,3.54
29.8013,447,17.495290178,78.4148088738,489.438903809,229.45,7.13
29.8674,448,17.4952873475,78.4148055653,489.447784424,228.86,3.2
29.9399,449,17.4952859363,78.4148039498,489.448364258,228.52,3.55
30.0061,450,17.4952844995,78.4148023246,489.45324707,227.49,7.32
30.0718,451,17.4952815031,78.4147990554,489.458312988,226.58,3.6
30.1388,452,17.4952799724,78.4147974379,489.459991455,228.02,3.47
30.2066,453,17.4952785204,78.4147958243,489.460205078,228.7,7.32
30.2728,454,17.4952755649,78.4147924599,489.462493896,227.83,3.8
30.335,455,17.4952741022,78.4147908448,489.467163086,227.19,3.46
30.4049,456,17.4952725845,78.4147892064,489.474243164,227.17,7.47
30.4687,457,17.4952695974,78.4147859843,489.483032227,227.4,3.6
30.5342,458,17.4952681248,78.4147843827,489.484039307,227.38,3.79
30.6002,459,17.495266562,78.4147826843,489.491851807,228.76,7.07
30.6704,460,17.4952635404,78.4147792374,489.498138428,227.11,3.36
30.7404,461,17.4952620644,78.4147776484,489.502807617,228.71,3.74
30.8042,462,17.4952606115,78.4147759941,489.503234863,227.56,7.57
30.867,463,17.4952576521,78.4147727582,489.506134033,226.98,3.54
30.9352,464,17.4952561343,78.4147711317,489.507781982,226.99,3.41
31.0029,465,17.4952546804,78.414769573,489.513031006,226.52,7.22
31.0674,466,17.495251725,78.4147664564,489.515594482,226.88,3.36
31.1369,467,17.4952502549,78.4147648867,489.518615723,226.44,3.52
31.2017,468,17.4952488077,78.4147633651,489.521728516,227.09,7.06
31.2683,469,17.4952458562,78.41476019,489.528289795,224.88,3.32
31.338,470,17.4952443486,78.4147586887,489.532226562,226.01,3.27
31.4065,471,17.495242915,78.4147572034,489.53326416,225.93,6.87
31.4739,472,17.4952399486,78.4147541393,489.531066895,226.46,3.67
31.5368,473,17.4952384844,78.4147525986,489.53225708,225.6,3.24
31.6041,474,17.4952370795,78.4147511642,489.533813477,225.24,6.76
31.6693,475,17.4952342207,78.414748281,489.537597656,225.12,3.33
31.735,476,17.4952327984,78.4147468525,489.538269043,223.83,5.73
31.8085,477,17.4952300049,78.4147441706,489.542022705,224.82,3.42
31.8681,478,17.4952286756,78.4147428497,489.539123535,226.56,3.13
31.9368,479,17.4952273119,78.4147414095,489.542785645,225.02,2.94
32.0046,480,17.4952260138,78.4147401103,489.538452148,224.39,5.97
32.0711,481,17.4952234006,78.4147375525,489.537261963,224.98,2.91
32.138,482,17.4952221341,78.414736287,489.538818359,224.44,3.08
32.2013,483,17.4952208523,78.41473503,489.542633057,225.78,5.66
32.2694,484,17.4952183734,78.4147324828,489.543640137,225.38,2.62
32.3437,485,17.4952171153,78.414731208,489.540802002,227.46,5.47
32.4116,486,17.495214799,78.414728684,489.541229248,231.56,3.24
32.4692,487,17.4952137257,78.4147273316,489.534484863,229.71,2.9
32.5359,488,17.4952125708,78.4147259692,489.532318115,226.21,2.78
32.6055,489,17.4952113354,78.4147246806,489.527130127,226.52,6.07
32.67,490,17.4952088508,78.4147220608,489.537353516,226.37,2.86
32.7379,491,17.4952076147,78.4147207643,489.54309082,230.39,3.06
32.8016,492,17.4952064636,78.4147193732,489.564941406,226.8,5.87
32.867,493,17.4952040393,78.4147167913,489.584411621,226.83,2.85
32.9391,494,17.4952027432,78.4147154097,489.596130371,226.55,2.92
33.0055,495,17.4952015124,78.4147141105,489.597686768,226.91,6.18
33.0681,496,17.4951990749,78.4147115052,489.606933594,231.2,2.81
33.1366,497,17.4951979574,78.4147101152,489.635559082,227.07,2.86
33.2041,498,17.4951967441,78.4147088111,489.63067627,229.13,5.45
33.2712,499,17.4951945327,78.4147062555,489.646270752,227.63,2.72
33.3397,500,17.4951933721,78.4147049833,489.635498047,227.42,2.81
33.4076,501,17.4951921792,78.4147036852,489.651062012,227.03,6.24
33.4707,502,17.4951897026,78.4147010262,489.650817871,225.39,3.2
33.5338,503,17.4951883971,78.414699703,489.649658203,226.68,2.8
33.6049,504,17.495187139,78.4146983688,489.65814209,226.3,6.35
33.669,505,17.4951845487,78.4146956583,489.671173096,226.7,2.91
33.7391,506,17.4951832579,78.4146942887,489.678955078,224.75,3.49
33.8018,507,17.4951818286,78.4146928717,489.691802979,223.06,5.81
33.8685,508,17.495179224,78.4146904381,489.710266113,226.42,3.13
33.9353,509,17.4951778971,78.4146890437,489.719604492,225.75,3.01
34.0008,510,17.4951766281,78.4146877411,489.720214844,225.6,6.03
34.071,511,17.4951738984,78.4146849535,489.720336914,226.09,3.2
34.137,512,17.4951725487,78.4146835515,489.72277832,225.01,3.42
34.201,513,17.4951711224,78.4146821245,489.720123291,226.25,6.13
34.2718,514,17.4951683568,78.4146792354,489.722412109,227.39,3.27
34.3408,515,17.4951669456,78.4146777015,489.70892334,225.84,3.4
34.4064,516,17.4951655125,78.4146762256,489.715667725,225.41,6.94
34.4743,517,17.495162463,78.4146731326,489.712097168,226.41,3.97
34.5351,518,17.4951609286,78.4146715206,489.718231201,225.9,3.28
34.6064,519,17.4951594267,78.4146699707,489.721343994,225.2,7.66
34.6702,520,17.495156255,78.4146667772,489.729125977,225.81,3.5
34.7376,521,17.4951547379,78.4146652167,489.728485107,224.18,3.73
34.8044,522,17.4951530944,78.4146636196,489.737091064,225.98,6.87
34.875,523,17.4951499873,78.4146604049,489.744384766,225.48,3.77
34.9408,524,17.4951483848,78.4146587751,489.750610352,228.55,3.82
35.005,525,17.4951468853,78.4146570775,489.745635986,225.72,7.76
35.0706,526,17.4951436124,78.4146537209,489.744262695,225.64,4.0
35.1347,527,17.495141962,78.4146520332,489.748931885,225.45,3.82
35.2053,528,17.4951402187,78.414650262,489.746063232,225.95,8.08
35.2711,529,17.4951368114,78.4146467398,489.746826172,225.73,4.03
35.3368,530,17.4951351093,78.4146449937,489.747741699,225.86,4.07
35.4026,531,17.49513339,78.4146432219,489.748565674,226.67,7.39
35.4766,532,17.4951299278,78.4146395513,489.748138428,225.03,4.4
35.5378,533,17.4951281747,78.4146377962,489.750335693,225.8,4.06
35.6054,534,17.4951264127,78.4146359842,489.751068115,225.33,7.96
35.6742,535,17.4951228685,78.4146323994,489.753692627,225.76,4.3
35.7391,536,17.4951210748,78.4146305572,489.758361816,227.73,4.38
35.804,537,17.4951193107,78.4146286163,489.756408691,226.69,9.14
35.8678,538,17.4951156211,78.4146247026,489.750396729,225.89,4.09
35.9377,539,17.4951137857,78.4146228092,489.750305176,228.64,4.53
36.0026,540,17.4951119931,78.4146207728,489.744445801,226.03,7.99
36.077,541,17.4951081916,78.4146168318,489.740478516,226.22,4.9
36.1368,542,17.4951063238,78.4146148824,489.743591309,226.3,4.62
36.2027,543,17.4951043856,78.4146128541,489.738952637,227.44,8.87
36.2704,544,17.4951006381,78.4146087732,489.733154297,226.24,4.22
36.3408,545,17.4950987419,78.4146067932,489.733520508,228.4,4.76
36.4041,546,17.4950968939,78.4146047117,489.731201172,226.73,8.69
36.473,547,17.4950931076,78.4146006899,489.728546143,230.16,4.82
36.5348,548,17.4950913427,78.4145985745,489.726104736,226.89,4.34
36.604,549,17.4950894483,78.4145965507,489.726409912,226.17,8.77
36.6728,550,17.4950855979,78.4145925397,489.723510742,226.8,4.44
36.7412,551,17.4950836807,78.414590498,489.723510742,227.59,4.87
36.8048,552,17.4950817539,78.4145883884,489.724609375,228.07,9.34
36.87,553,17.4950779959,78.4145842046,489.720550537,226.99,4.52
36.938,554,17.4950760608,78.4145821304,489.718811035,226.27,4.69
37.0037,555,17.4950740982,78.4145800789,489.71697998,224.85,9.73
37.0681,556,17.49507001,78.4145760122,489.714355469,226.64,4.64
37.1351,557,17.495068042,78.4145739281,489.711547852,230.21,4.54
37.2031,558,17.4950662164,78.4145717363,489.710632324,225.88,9.26
37.2711,559,17.4950621779,78.4145675718,489.710418701,226.49,4.9
37.3353,560,17.4950601795,78.4145654669,489.70690918,225.12,8.74
37.4084,561,17.4950560287,78.4145612983,489.706634521,228.71,4.94
37.4729,562,17.4950540868,78.4145590874,489.71005249,226.27,4.89
37.5376,563,17.4950520718,78.4145569812,489.714202881,226.27,4.94
37.6022,564,17.4950500378,78.4145548548,489.712799072,225.92,8.92
37.6757,565,17.4950458358,78.4145505157,489.713653564,226.68,4.84
37.7417,566,17.4950438127,78.4145483707,489.717315674,225.84,9.72
37.8077,567,17.4950396934,78.4145441283,489.720275879,226.0,5.09
37.8712,568,17.4950376225,78.4145419836,489.717041016,226.64,5.15
37.935,569,17.4950355404,78.4145397788,489.717254639,225.92,4.77
38.0029,570,17.495033462,78.4145376327,489.716247559,225.76,9.74
38.0707,571,17.4950292169,78.4145332742,489.717498779,225.83,4.82
38.1382,572,17.4950271302,78.414531126,489.720611572,226.33,5.21
38.2029,573,17.4950249843,78.414528878,489.722076416,223.18,9.31
38.274,574,17.4950205468,78.4145247139,489.725067139,225.54,4.59
38.3449,575,17.4950184461,78.4145225733,489.723968506,222.38,9.07
38.4191,576,17.4950138801,78.4145184064,489.719848633,225.21,5.69
38.4753,577,17.4950118046,78.4145163155,489.71987915,224.57,5.36
38.5364,578,17.4950096576,78.4145142004,489.716827393,225.11,4.96
38.6021,579,17.4950075401,78.4145120748,489.71661377,225.24,9.57
38.6711,580,17.4950032572,78.4145077554,489.715545654,226.05,4.97
38.7389,581,17.4950011034,78.4145055213,489.721374512,225.14,4.86
38.806,582,17.4949989834,78.4145033911,489.721679688,225.43,10.6
38.8683,583,17.494994714,78.4144990564,489.727905273,229.26,4.67
38.9385,584,17.4949927375,78.4144967617,489.727386475,225.33,4.88
39.0051,585,17.4949906321,78.4144946322,489.728942871,227.58,10.18
39.0688,586,17.494986594,78.4144902127,489.733825684,225.5,4.81
39.1361,587,17.4949845018,78.414488084,489.736938477,227.36,8.95
39.2087,588,17.4949804405,78.4144836737,489.741607666,232.02,4.95
39.2733,589,17.4949786174,78.4144813388,489.740905762,226.04,4.57
39.3437,590,17.4949765607,78.4144792063,489.743347168,230.94,5.13
39.4069,591,17.4949746704,78.4144768773,489.748046875,227.6,9.9
39.473,592,17.4949705995,78.4144724188,489.755096436,230.97,5.11
39.5379,593,17.4949686672,78.4144700355,489.757232666,226.66,4.79
39.6046,594,17.494966646,78.4144678938,489.761901855,229.13,9.3
39.6742,595,17.4949627324,78.4144633708,489.767150879,226.93,4.74
39.7398,596,17.4949607749,78.4144612768,489.76940918,229.27,9.32
39.8095,597,17.4949568583,78.4144567284,489.771484375,227.17,5.29
39.8689,598,17.4949548865,78.4144546015,489.771209717,225.82,4.89
39.9345,599,17.4949528261,78.4144524811,489.767364502,227.08,4.44
40.0049,600,17.4949508608,78.4144503677,489.772033691,226.64,10.04
40.0672,601,17.4949468995,78.4144461726,489.770446777,227.11,4.61
40.1346,602,17.4949449472,78.4144440711,489.767791748,223.3,4.81
40.2013,603,17.4949428011,78.414442049,489.775177002,226.35,9.04
40.2703,604,17.4949388311,78.4144378868,489.780426025,226.77,4.51
40.3374,605,17.4949369193,78.4144358532,489.781951904,226.61,4.38
40.4072,606,17.4949349825,78.4144338046,489.784729004,227.35,9.66
40.4711,607,17.4949311221,78.4144296145,489.7862854,226.61,4.54
40.5391,608,17.494929168,78.4144275476,489.788879395,226.85,4.83
40.6024,609,17.4949272394,78.41442549,489.790863037,227.41,9.06
40.67,610,17.4949234172,78.4144213318,489.791503906,226.88,4.69
40.735,611,17.4949214973,78.4144192813,489.789154053,227.58,4.42
40.8038,612,17.4949196062,78.4144172118,489.793273926,226.81,9.65
40.8675,613,17.4949157243,78.4144130767,489.7940979,226.75,4.46
40.9361,614,17.4949137897,78.4144110198,489.79574585,227.22,4.41
41.0038,615,17.4949119183,78.4144089972,489.796905518,226.28,9.71
41.0678,616,17.4949079572,78.4144048557,489.798797607,226.77,4.63
41.1351,617,17.4949059889,78.4144027616,489.800354004,228.6,4.53
41.2032,618,17.494904106,78.4144006262,489.804962158,226.55,9.28
41.2705,619,17.4949001469,78.4143964468,489.803070068,226.66,4.45
41.3415,620,17.4948981459,78.4143943267,489.802612305,226.51,9.09
41.4112,621,17.4948941251,78.4143900886,489.807861328,226.34,5.23
41.4716,622,17.4948921151,78.4143879821,489.803009033,225.81,5.05
41.5351,623,17.4948900541,78.4143858622,489.80456543,226.34,4.65
41.603,624,17.4948880434,78.414383755,489.804595947,226.58,9.3
41.6727,625,17.4948839338,78.4143794115,489.813201904,226.35,4.9
41.7391,626,17.4948818646,78.4143772424,489.817962646,227.69,4.8
41.8054,627,17.4948798886,78.4143750717,489.818664551,225.55,10.65
41.8667,628,17.4948756767,78.4143707778,489.818389893,226.02,4.91
41.9336,629,17.4948735738,78.4143685988,489.822540283,222.71,4.87
42.0024,630,17.4948713127,78.4143665113,489.819915771,225.01,10.02
42.0685,631,17.4948670032,78.4143621996,489.821166992,225.67,4.91
42.1358,632,17.4948648747,78.4143600211,489.825286865,225.21,4.94
42.2016,633,17.4948627671,78.4143578978,489.82522583,225.1,9.24
42.2737,634,17.4948584381,78.4143535541,489.827056885,225.51,5.01
42.3397,635,17.494856302,78.4143513796,489.831726074,225.04,4.92
42.4074,636,17.4948541365,78.414349211,489.832946777,226.39,10.61
42.4696,637,17.4948499415,78.4143448072,489.837158203,225.7,5.07
42.5352,638,17.494847803,78.4143426155,489.842193604,225.45,4.91
42.6025,639,17.4948456666,78.4143404454,489.846374512,226.2,9.61
42.6709,640,17.4948414713,78.4143360708,489.855072021,225.34,5.1
42.7356,641,17.4948393341,78.4143339084,489.858184814,229.68,4.8
42.8023,642,17.4948374203,78.4143316537,489.861694336,225.55,9.65
42.8703,643,17.4948331851,78.4143273362,489.865875244,225.49,5.0
42.9359,644,17.4948310678,78.4143251821,489.868988037,223.01,5.1
43.0035,645,17.4948287484,78.4143230184,489.869934082,224.24,9.96
43.0697,646,17.4948244034,78.4143187865,489.870819092,225.03,4.64
43.1402,647,17.4948222734,78.4143166542,489.869781494,228.01,5.51
43.2008,648,17.4948202128,78.414314365,489.870422363,224.7,9.37
43.2723,649,17.4948158302,78.4143100287,489.869445801,225.0,4.78
43.3406,650,17.4948137059,78.4143079047,489.869445801,222.45,5.34
43.4044,651,17.4948113964,78.4143057921,489.865325928,224.8,9.7
43.4703,652,17.4948072185,78.4143016429,489.862915039,224.67,4.93
43.5385,653,17.4948050192,78.4142994691,489.861968994,224.68,4.86
43.6052,654,17.4948028973,78.4142973707,489.861968994,223.04,10.12
43.6703,655,17.4947984702,78.4142932369,489.860595703,224.42,4.53
43.7413,656,17.4947963548,78.4142911637,489.857025146,224.36,5.03
43.8038,657,17.4947942871,78.4142891417,489.860412598,223.94,9.82
43.8691,658,17.4947900382,78.4142850474,489.861236572,224.2,4.81
43.9351,659,17.4947879427,78.4142830094,489.861236572,225.09,4.68
44.001,660,17.4947859398,78.4142809999,489.862792969,224.44,9.33
44.0671,661,17.4947818853,78.414277024,489.863708496,221.62,4.48
44.1388,662,17.4947796799,78.4142750649,489.866088867,224.17,4.73
44.2044,663,17.4947776307,78.4142730745,489.867645264,224.76,9.72
44.2678,664,17.4947736038,78.4142690806,489.869506836,224.59,4.62
44.3362,665,17.4947715314,78.4142670377,489.87008667,224.11,4.54
44.403,666,17.4947695281,78.4142650956,489.871643066,224.04,8.61
44.4733,667,17.4947655256,78.4142612254,489.873046875,225.98,4.89
44.5359,668,17.4947635637,78.4142591955,489.879577637,224.29,4.39
44.6031,669,17.4947616205,78.4142573002,489.876556396,225.17,9.04
44.6676,670,17.4947578332,78.4142534898,489.87677002,224.32,4.33
44.734,671,17.4947559409,78.4142516421,489.879882812,227.45,4.1
44.8015,672,17.494754214,78.4142497606,489.880584717,225.0,8.55
44.8678,673,17.494750521,78.4142460682,489.879241943,224.57,4.0
44.9368,674,17.4947487091,78.4142442831,489.877227783,226.37,4.65
45.0006,675,17.4947468235,78.414242305,489.877868652,226.3,8.3
45.0667,676,17.4947433308,78.4142386496,489.875671387,225.01,3.8
45.1368,677,17.494741597,78.4142369149,489.877227783,224.6,4.26
45.2004,678,17.4947398202,78.4142351628,489.874298096,225.34,7.51
45.2705,679,17.4947364112,78.4142317132,489.874542236,225.46,3.82
45.3373,680,17.4947347639,78.4142300393,489.875915527,225.3,4.07
45.3997,681,17.4947331167,78.4142283748,489.87902832,222.98,7.22
45.4703,682,17.4947296868,78.4142251781,489.877563477,221.29,3.79
45.5413,683,17.4947278304,78.4142235477,489.872467041,224.95,4.03
45.6027,684,17.4947262194,78.4142219395,489.874023438,224.52,7.46
45.6696,685,17.4947229426,78.4142187177,489.869506836,224.95,3.6
45.7366,686,17.4947213719,78.4142171497,489.871063232,225.51,3.61
45.8012,687,17.4947198671,78.4142156179,489.863342285,226.49,6.96
45.8711,688,17.4947167801,78.4142123655,489.859130859,225.37,3.34
45.9391,689,17.4947153126,78.4142108787,489.860656738,226.72,6.55
46.0088,690,17.4947124246,78.4142078119,489.85559082,225.67,3.33
46.0752,691,17.4947110018,78.4142063556,489.857147217,225.68,3.49
46.1375,692,17.4947096036,78.4142049237,489.851959229,219.98,3.72
46.203,693,17.4947078931,78.4142034892,489.858306885,223.07,6.12
46.2735,694,17.4947049969,78.4142007816,489.858428955,225.43,3.13
46.3387,695,17.4947036793,78.4141994443,489.859985352,225.04,3.07
46.407,696,17.4947023128,78.414198076,489.859375,223.93,6.37
46.4685,697,17.4946997173,78.4141955757,489.861816406,223.96,2.83
46.5368,698,17.4946984394,78.4141943435,489.870788574,225.39,2.67
46.6065,699,17.4946972335,78.414193121,489.872344971,227.39,5.28
46.6764,700,17.4946949277,78.4141906143,489.872802734,228.42,3.05
46.7342,701,17.494693847,78.4141893962,489.872283936,226.01,2.45
46.8043,702,17.4946927465,78.4141882562,489.875396729,230.81,4.97
46.8684,703,17.4946908849,78.4141859728,489.876739502,226.71,2.33
46.9372,704,17.494689872,78.4141848974,489.878295898,232.12,4.43
47.0081,705,17.4946880874,78.4141826035,489.879364014,227.46,2.25
47.0745,706,17.4946871565,78.414181589,489.875427246,227.6,2.36
47.1361,707,17.4946862518,78.4141805981,489.878540039,229.43,1.93
47.2043,708,17.4946854627,78.4141796764,489.882720947,231.55,4.02
47.2698,709,17.4946839473,78.4141777679,489.881347656,228.59,1.76
47.3419,710,17.4946831742,78.4141768914,489.877227783,230.77,2.01
47.4058,711,17.4946824219,78.4141759701,489.879119873,227.45,3.59
47.471,712,17.4946809615,78.4141743789,489.874603271,227.94,1.76
47.5339,713,17.4946802772,78.4141736204,489.875854492,229.89,1.44
47.6057,714,17.494679662,78.41417289,489.870361328,226.31,3.03
47.6725,715,17.4946783743,78.4141715421,489.868011475,230.43,1.39
47.7379,716,17.4946778383,78.4141708935,489.87210083,212.38,1.47
47.8014,717,17.4946771212,78.4141704388,489.874603271,225.72,2.46
47.8702,718,17.4946760344,78.4141693243,489.875213623,229.31,1.26
47.9381,719,17.4946755179,78.4141687235,489.870178223,219.37,1.93
48.0081,720,17.4946745595,78.414167937,489.886016846,227.93,1.33
48.0722,721,17.4946740306,78.414167351,489.881469727,220.28,0.87
48.1374,722,17.4946736325,78.4141670136,489.887329102,227.1,1.29
48.2037,723,17.4946730968,78.4141664371,489.883300781,225.34,1.99
48.2733,724,17.4946722018,78.4141655313,489.879425049,227.17,1.27
48.3405,725,17.4946716655,78.4141649527,489.882537842,211.27,1.03
48.406,726,17.4946711418,78.4141646347,489.882232666,218.9,2.45
48.4674,727,17.4946700694,78.4141637693,489.877197266,217.87,1.04
48.5333,728,17.4946695743,78.4141633843,489.867462158,225.17,1.21
48.6033,729,17.4946690253,78.414162832,489.869018555,224.58,2.27
48.6706,730,17.4946680229,78.4141618443,489.867492676,225.85,1.2
48.7341,731,17.4946675324,78.4141613391,489.875915527,210.63,1.1
48.8064,732,17.4946669121,78.4141609718,489.884643555,226.66,2.57
48.8673,733,17.4946659214,78.4141599219,489.912078857,223.42,1.05
48.9357,734,17.4946654401,78.4141594665,489.920562744,242.32,0.97
49.0034,735,17.4946651558,78.4141589245,489.938293457,234.52,1.89
49.0708,736,17.4946644702,78.4141579627,489.933074951,224.06,1.02
49.1407,737,17.4946639973,78.4141575051,489.923278809,239.35,0.92
49.2033,738,17.4946637242,78.4141570443,489.907836914,229.45,1.9
49.2736,739,17.4946629214,78.4141561059,489.877716064,227.2,1.09
49.3436,740,17.4946624416,78.4141555877,489.876190186,221.75,1.17
49.4015,741,17.4946619765,78.4141551726,489.857330322,226.97,2.4
49.4708,742,17.4946609303,78.4141540519,489.858337402,225.06,1.18
49.5382,743,17.4946604114,78.4141535319,489.866882324,225.24,1.23
49.6031,744,17.4946598938,78.4141530099,489.874664307,227.71,2.35
49.6716,745,17.4946588944,78.414151911,489.883087158,224.33,1.21
49.7373,746,17.4946583716,78.4141514002,489.880615234,230.82,1.18
49.8035,747,17.4946579148,78.4141508398,489.882537842,228.4,2.24
49.8718,748,17.4946569762,78.4141497825,489.875274658,225.97,1.16
49.9403,749,17.4946564688,78.4141492577,489.875274658,221.43,1.29
50.0049,750,17.4946558958,78.414148752,489.865844727,229.07,2.38
50.0727,751,17.4946549194,78.414147626,489.856811523,224.55,1.23
50.1411,752,17.4946543693,78.4141470844,489.863067627,225.88,1.31
50.2039,753,17.4946538403,78.4141465389,489.863067627,224.16,2.31
50.2755,754,17.4946527506,78.4141454808,489.870391846,224.94,1.27
50.3364,755,17.4946522479,78.4141449792,489.8565979,225.59,1.22
50.4025,756,17.4946517271,78.4141444476,489.87310791,222.93,2.53
50.4685,757,17.4946506034,78.4141434024,489.847320557,237.46,1.38
50.5376,758,17.4946501268,78.4141426554,489.826568604,224.16,1.43
50.6041,759,17.4946495008,78.4141420474,489.821990967,227.77,3.34
50.6684,760,17.4946481697,78.4141405809,489.815155029,223.89,1.64
50.7344,761,17.4946474541,78.4141398925,489.798309326,233.24,1.62
50.8041,762,17.4946468292,78.414139056,489.845306396,223.94,3.16
50.8698,763,17.4946454532,78.4141377298,489.877105713,215.2,1.36
50.9347,764,17.4946447937,78.4141372646,489.877624512,225.51,1.71
51.0009,765,17.4946440611,78.4141365188,489.890441895,224.08,3.29
51.0676,766,17.4946426102,78.414135114,489.8699646,223.98,1.79
51.1354,767,17.4946418082,78.41413434,489.878601074,225.49,3.44
51.208,768,17.4946401938,78.4141326978,489.854217529,229.53,1.92
51.2761,769,17.4946394092,78.4141317783,489.843963623,223.97,2.0
51.3413,770,17.4946385466,78.4141309463,489.8409729,223.17,2.36
51.4022,771,17.4946375841,78.4141300435,489.847808838,223.35,4.12
51.4673,772,17.4946357905,78.4141283506,489.850982666,227.29,1.91
51.5354,773,17.4946349785,78.414127471,489.848846436,224.36,2.09
51.6025,774,17.4946340574,78.4141265702,489.851959229,223.19,4.21
51.6691,775,17.4946321757,78.414124804,489.848937988,223.79,2.29
51.7331,776,17.4946312014,78.41412387,489.852050781,219.07,2.16
51.8014,777,17.4946301524,78.4141230184,489.842559814,223.02,4.68
51.8671,778,17.4946280844,78.4141210886,489.834899902,223.15,2.27
51.9348,779,17.4946270531,78.414120122,489.836456299,222.91,2.43
52.0005,780,17.4946259762,78.4141191209,489.835479736,223.91,4.76
52.0676,781,17.4946238583,78.4141170823,489.828460693,223.14,2.31
52.1356,782,17.4946228049,78.4141160951,489.82421875,226.63,2.29
52.2072,783,17.4946217646,78.414114994,489.823425293,224.41,4.98
52.2757,784,17.4946195239,78.4141127989,489.817199707,226.65,2.48
52.3462,785,17.4946184157,78.414111625,489.816192627,223.35,2.95
52.4038,786,17.4946172779,78.4141105509,489.810882568,220.59,5.65
52.4678,787,17.4946147567,78.414108391,489.805908203,225.17,2.62
52.535,788,17.4946136136,78.4141072412,489.80947876,223.02,2.51
52.6062,789,17.4946124102,78.4141061183,489.811035156,223.23,5.75
52.6699,790,17.4946099566,78.4141038115,489.804718018,222.98,2.87
52.7344,791,17.4946087126,78.4141026524,489.800445557,224.57,2.75
52.8027,792,17.4946074825,78.4141014405,489.799499512,223.38,5.8
52.8689,793,17.4946049145,78.4140990141,489.794891357,222.94,2.77
52.9388,794,17.4946036112,78.4140978012,489.794891357,225.71,3.24
53.0012,795,17.4946023091,78.4140964666,489.790344238,223.63,6.08
53.0668,796,17.4945996519,78.4140939337,489.786193848,223.0,2.7
53.1421,797,17.4945982868,78.4140926607,489.786193848,223.57,3.2
53.2048,798,17.4945969509,78.4140913899,489.791229248,223.91,6.02
53.275,799,17.4945941512,78.4140886945,489.788635254,222.9,3.07
53.3442,800,17.4945927203,78.414087365,489.785919189,228.46,3.54
53.4018,801,17.4945914723,78.4140859562,489.788848877,225.7,6.19
53.472,802,17.4945886763,78.4140830911,489.787994385,228.77,3.29
53.5367,803,17.4945873815,78.4140816135,489.790893555,223.64,3.4
53.6023,804,17.4945858963,78.4140801974,489.786895752,228.76,6.81
53.6684,805,17.494583154,78.4140770696,489.78338623,238.25,3.49
53.7339,806,17.4945820351,78.4140752613,489.7840271,224.71,3.36
53.8029,807,17.4945805173,78.4140737586,489.7840271,231.99,7.08
53.8688,808,17.4945778557,78.4140703532,489.78024292,225.36,3.39
53.9396,809,17.4945763026,78.4140687805,489.775054932,232.56,3.84
54.002,810,17.4945749515,78.4140670161,489.775360107,227.65,7.2
54.0701,811,17.4945719046,78.414063674,489.773101807,225.72,3.65
54.1383,812,17.4945703025,78.414062031,489.773773193,226.5,7.18
54.2077,813,17.4945671401,78.4140586984,489.768768311,224.33,4.01
54.2747,814,17.494565371,78.4140569699,489.766448975,225.68,3.93
54.3407,815,17.4945637001,78.4140552586,489.764892578,224.03,3.9
54.4051,816,17.4945620367,78.4140536505,489.774597168,225.34,7.78
54.4721,817,17.4945586638,78.414050237,489.776000977,223.57,4.11
54.5374,818,17.4945568732,78.4140485337,489.776977539,225.25,3.93
54.6063,819,17.494555118,78.4140467632,489.77835083,223.53,8.03
54.6761,820,17.4945513813,78.4140432135,489.775817871,225.08,4.6
54.7367,821,17.4945495695,78.4140413966,489.775817871,223.33,4.15
54.8051,822,17.4945476718,78.4140396063,489.776580811,224.6,8.91
54.8692,823,17.4945439294,78.4140359158,489.779693604,224.82,4.17
54.9378,824,17.4945420611,78.414034059,489.779083252,224.88,4.93
55.0005,825,17.4945400455,78.4140320518,489.78704834,224.09,8.69
55.0679,826,17.494536175,78.4140283018,489.786956787,224.67,4.15
55.1383,827,17.4945342606,78.4140264092,489.783294678,224.06,4.53
55.2058,828,17.4945322372,78.4140244511,489.784423828,225.11,8.59
55.2754,829,17.4945283532,78.4140205516,489.780761719,224.6,4.41
55.3428,830,17.4945264066,78.4140186321,489.781524658,224.41,4.82
55.4064,831,17.4945243913,78.4140166578,489.776947021,225.1,8.98
55.475,832,17.4945203859,78.4140126389,489.773284912,224.32,4.69
55.5414,833,17.4945183346,78.4140106358,489.773620605,224.56,8.6
55.612,834,17.4945143511,78.4140067124,489.771087646,224.82,5.15
55.675,835,17.4945122329,78.4140046074,489.766174316,224.51,4.76
55.7396,836,17.4945102155,78.4140026242,489.761260986,226.3,5.02
55.8044,837,17.4945081448,78.4140004577,489.760223389,225.32,8.89
55.875,838,17.4945040823,78.4139963491,489.754638672,224.58,4.84
55.9398,839,17.494502028,78.4139943244,489.755249023,225.32,4.91
56.0049,840,17.4944999598,78.4139922327,489.750701904,224.77,9.93
56.0688,841,17.4944958136,78.4139881199,489.747711182,224.69,4.83
56.1348,842,17.4944937289,78.4139860575,489.749267578,225.3,4.74
56.2025,843,17.4944916499,78.4139839567,489.75100708,224.96,9.34
56.2718,844,17.494487434,78.4139797468,489.746643066,224.79,4.63
56.3415,845,17.4944853266,78.413977655,489.741485596,224.95,5.67
56.4004,846,17.4944831511,78.4139754831,489.742584229,227.34,9.67
56.4693,847,17.4944789848,78.4139709619,489.73526001,231.42,4.54
56.5428,848,17.494477059,78.4139685476,489.73425293,225.5,9.87
56.6095,849,17.4944728071,78.4139642204,489.733123779,226.14,5.17
56.6765,850,17.4944705963,78.41396192,489.727478027,225.53,5.28
56.7394,851,17.494468453,78.413959737,489.730285645,235.49,5.12
56.8064,852,17.4944666483,78.4139571124,489.737670898,231.8,10.43
56.869,853,17.4944629106,78.4139523624,489.74307251,226.77,4.73
56.9396,854,17.4944608005,78.4139501176,489.741699219,236.2,5.03
57.0038,855,17.4944591304,78.4139476232,489.748718262,230.83,10.31
57.0689,856,17.4944552068,78.4139428069,489.754486084,227.91,4.87
57.1365,857,17.4944531701,78.4139405521,489.759735107,230.14,9.4
57.2092,858,17.4944491184,78.4139356992,489.767364502,227.53,4.86
57.2779,859,17.4944470379,78.4139334267,489.76651001,228.13,5.37
57.3409,860,17.4944449513,78.4139310991,489.771392822,225.51,5.3
57.406,861,17.4944427255,78.4139288332,489.777404785,225.92,10.32
57.4725,862,17.4944383247,78.4139242888,489.781280518,227.91,5.15
57.5389,863,17.4944362099,78.4139219473,489.781188965,224.82,5.47
57.6041,864,17.4944338791,78.4139196311,489.781158447,227.18,10.0
57.6736,865,17.4944295199,78.4139149269,489.782440186,224.96,5.48
57.7358,866,17.4944272998,78.4139127102,489.780456543,227.48,5.32
57.8009,867,17.4944251381,78.413910353,489.778564453,226.68,10.07
57.8711,868,17.4944206661,78.4139056106,489.776123047,227.39,4.88
57.9426,869,17.4944184844,78.4139032392,489.780792236,226.57,6.14
58.0007,870,17.4944162243,78.4139008519,489.779724121,226.49,10.41
58.0688,871,17.4944117237,78.4138961113,489.78036499,227.29,5.42
58.1339,872,17.4944095162,78.4138937197,489.778747559,226.54,5.17
58.2034,873,17.4944072375,78.4138913149,489.778808594,226.16,10.48
58.2716,874,17.4944026758,78.4138865647,489.777374268,224.97,5.4
58.3379,875,17.4944003412,78.4138842329,489.776855469,227.0,5.58
58.4005,876,17.4943981418,78.4138818747,489.774383545,226.46,10.13
58.4717,877,17.4943935607,78.4138770539,489.77053833,226.96,5.47
58.5373,878,17.4943913017,78.4138746346,489.77520752,221.87,5.66
58.6024,879,17.4943887823,78.4138723762,489.77230835,227.29,10.3
58.6731,880,17.4943842262,78.4138674399,489.771636963,226.71,5.89
58.7346,881,17.4943819363,78.4138650088,489.769592285,224.87,5.15
58.8044,882,17.4943795928,78.4138626759,489.774749756,225.94,11.11
58.8704,883,17.4943748933,78.4138578201,489.77911377,226.64,5.42
58.9377,884,17.4943725846,78.4138553756,489.783325195,223.5,5.47
59.0045,885,17.4943701469,78.4138530622,489.783905029,226.11,11.37
59.0687,886,17.4943654842,78.4138482146,489.784820557,226.37,5.62
59.1373,887,17.4943630329,78.413845643,489.779632568,226.25,5.3
59.2067,888,17.4943606869,78.413843192,489.784301758,225.9,10.97
59.2749,889,17.4943558867,78.4138382392,489.775024414,226.32,5.71
59.3398,890,17.494353527,78.4138357685,489.773406982,223.28,5.99
59.4044,891,17.494350938,78.4138333304,489.771850586,226.06,11.2
59.4722,892,17.4943460836,78.4138282925,489.771759033,226.08,5.78
59.537,893,17.4943436898,78.4138258065,489.775268555,225.6,5.82
59.6024,894,17.4943412358,78.4138233005,489.776855469,225.75,10.83
59.6718,895,17.4943364027,78.4138183398,489.776489258,226.04,5.39
59.7415,896,17.4943340003,78.4138158487,489.785827637,224.46,6.09
59.8016,897,17.4943315975,78.413813491,489.77444458,225.2,10.6
59.874,898,17.4943266159,78.4138084739,489.771087646,225.92,5.64
59.9408,899,17.4943241988,78.4138059781,489.771026611,225.55,6.33
60.0014,900,17.4943217226,78.4138034538,489.766265869,225.27,10.99
60.0706,901,17.4943167926,78.4137984777,489.762176514,225.84,5.15
60.144,902,17.4943143662,78.4137959789,489.7684021,225.84,10.52
60.215,903,17.4943095694,78.41379104,489.759307861,224.37,5.58
60.2828,904,17.4943070799,78.4137886048,489.745758057,225.8,6.05
60.3455,905,17.4943046443,78.4137860998,489.74887085,227.35,6.34
60.407,906,17.4943022083,78.4137834555,489.7449646,227.24,12.53
60.4688,907,17.4942973587,78.4137782103,489.742584229,226.77,5.46
60.5392,908,17.494294932,78.4137756285,489.737457275,226.12,11.02
60.6085,909,17.4942900531,78.4137705554,489.742797852,225.88,5.7
60.6743,910,17.4942876453,78.4137680721,489.737060547,226.1,6.19
60.736,911,17.4942852057,78.4137655366,489.74017334,226.79,10.66
60.8083,912,17.494280341,78.4137603579,489.734008789,223.18,5.89
60.8745,913,17.4942777289,78.4137579068,489.720825195,225.91,6.01
60.9384,914,17.4942752658,78.4137553645,489.722290039,226.95,6.15
61.0024,915,17.4942727875,78.4137527116,489.717926025,226.0,12.2
61.0665,916,17.4942677818,78.4137475281,489.702423096,226.04,5.5
61.1369,917,17.4942653044,78.4137449594,489.694488525,226.23,6.28
61.2008,918,17.4942627465,78.4137422897,489.684204102,226.3,11.04
61.2714,919,17.494257783,78.4137370963,489.675598145,225.94,5.68
61.3403,920,17.4942552733,78.4137345033,489.669555664,225.09,5.84
61.4051,921,17.4942528133,78.4137320358,489.671569824,225.96,11.81
61.4699,922,17.4942479088,78.4137269642,489.675415039,226.44,5.82
61.5352,923,17.4942454924,78.4137244233,489.676025391,226.2,10.18
61.6122,924,17.4942404931,78.41371921,489.670684814,226.15,5.51
61.6836,925,17.4942379829,78.4137165972,489.660614014,226.15,6.26
61.7464,926,17.494235473,78.4137139848,489.653930664,227.07,7.01
61.8029,927,17.4942329835,78.4137113087,489.644439697,226.63,11.31
61.8731,928,17.4942279564,78.4137059868,489.631652832,226.27,6.05
61.9385,929,17.4942254362,78.4137033519,489.628540039,225.62,6.57
62.0001,930,17.4942228267,78.4137006851,489.623809814,225.51,11.41
62.0702,931,17.4942176612,78.4136954263,489.617645264,226.31,5.77
62.1391,932,17.4942151277,78.413692774,489.615570068,226.74,6.38
62.201,933,17.4942126329,78.413690123,489.617004395,226.9,12.07
62.2679,934,17.4942075454,78.4136846865,489.609313965,226.35,5.1
62.346,935,17.4942050108,78.4136820291,489.604309082,223.62,7.3
62.4013,936,17.4942023242,78.413679469,489.597686768,226.81,11.93
62.4689,937,17.4941972347,78.4136740477,489.585876465,227.29,5.89
62.5376,938,17.4941947037,78.4136713056,489.578369141,226.31,5.96
62.6046,939,17.4941921623,78.4136686452,489.571166992,226.51,12.44
62.6692,940,17.4941870619,78.413663268,489.557617188,226.45,5.79
62.7367,941,17.4941845783,78.4136606555,489.557617188,226.86,6.11
62.8016,942,17.4941820776,78.4136579865,489.548248291,226.42,11.59
62.8717,943,17.4941769144,78.4136525608,489.539855957,226.47,6.04
62.9375,944,17.4941743912,78.4136499047,489.535888672,226.29,6.24
63.0013,945,17.4941718558,78.4136472528,489.538482666,226.89,11.51
63.0701,946,17.4941668662,78.4136419219,489.539367676,226.55,5.31
63.1439,947,17.4941643825,78.4136392997,489.541656494,227.77,6.78
63.2044,948,17.4941618371,78.4136364953,489.537780762,227.45,11.3
63.2746,949,17.4941568859,78.413631101,489.531799316,227.91,6.23
63.3362,950,17.4941545122,78.4136284732,489.526062012,226.92,5.6
63.4051,951,17.4941520804,78.4136258723,489.527618408,226.83,11.8
63.471,952,17.4941471762,78.4136206442,489.52130127,227.21,5.57
63.5393,953,17.4941447914,78.413618068,489.509124756,227.11,10.37
63.6123,954,17.494140041,78.4136129535,489.510681152,226.75,6.58
63.6728,955,17.494137527,78.4136102815,489.495544434,227.08,5.6
63.7398,956,17.4941351692,78.4136077459,489.493988037,227.47,10.43
63.8092,957,17.4941306539,78.4136028235,489.478179932,227.61,5.68
63.876,958,17.4941282943,78.4136002389,489.467163086,227.25,5.8
63.938,959,17.4941260431,78.4135978032,489.464111328,228.69,5.79
64.0017,960,17.4941237926,78.413595242,489.460662842,228.13,10.81
64.069,961,17.4941193081,78.4135902394,489.452453613,227.58,5.33
64.1364,962,17.4941170724,78.4135877923,489.44317627,226.28,5.5
64.2027,963,17.4941147475,78.4135853613,489.444396973,227.25,9.77
64.2766,964,17.4941102257,78.4135804692,489.436218262,227.63,5.7
64.3382,965,17.4941080403,78.4135780732,489.433319092,226.34,5.35
64.4044,966,17.4941057849,78.4135757101,489.430603027,228.02,10.58
64.4712,967,17.4941014224,78.4135708625,489.42880249,227.77,4.97
64.5402,968,17.4940992954,78.413568519,489.427185059,227.16,5.07
64.607,969,17.4940971731,78.4135662303,489.431152344,227.61,10.11
64.6743,970,17.4940929396,78.4135615926,489.425354004,227.64,5.07
64.7408,971,17.4940908452,78.4135592958,489.419555664,225.2,5.12
64.8052,972,17.4940887035,78.4135571393,489.423156738,227.67,10.3
64.8702,973,17.4940845444,78.4135525738,489.417755127,227.78,5.15
64.9347,974,17.494082483,78.413550302,489.417755127,225.97,9.05
65.0081,975,17.494078229,78.4135459008,489.417907715,227.71,5.52
65.068,976,17.4940761763,78.4135436444,489.425842285,227.4,4.69
65.1379,977,17.4940741303,78.4135414191,489.426483154,228.05,9.24
65.2079,978,17.4940701375,78.4135369769,489.434387207,225.64,4.58
65.28,979,17.4940680088,78.4135348,489.44229126,227.52,5.54
65.3381,980,17.4940660025,78.413532609,489.439575195,225.89,4.97
65.4002,981,17.4940640215,78.4135305655,489.445495605,226.96,8.66
65.474,982,17.4940600004,78.4135262599,489.445373535,227.34,4.64
65.5423,983,17.4940580173,78.4135241077,489.448699951,226.61,9.3
65.6119,984,17.4940539194,78.4135197731,489.447174072,227.29,5.66
65.6674,985,17.4940519551,78.4135176455,489.447814941,227.1,4.68
65.7344,986,17.4940499861,78.4135155267,489.449798584,227.31,4.66
65.8044,987,17.4940479452,78.4135133145,489.457580566,226.62,8.9
65.8736,988,17.4940440431,78.4135091853,489.456207275,227.07,4.7
65.9395,989,17.4940420955,78.4135070915,489.453826904,226.03,4.84
66.0044,990,17.4940400872,78.4135050097,489.453186035,226.76,9.76
66.0682,991,17.4940361535,78.4135008265,489.455566406,226.89,4.59
66.1352,992,17.4940342156,78.4134987566,489.458679199,224.92,4.49
66.2063,993,17.4940321349,78.413496682,489.458862305,226.54,9.41
66.2719,994,17.4940282211,78.4134925517,489.461120605,226.5,4.85
66.3357,995,17.4940262571,78.413490482,489.464080811,225.4,4.49
66.4041,996,17.4940242697,78.4134884667,489.468505859,225.88,9.03
66.4724,997,17.4940203144,78.4134843882,489.471832275,225.51,4.32
66.5439,998,17.4940183195,78.4134823573,489.470275879,226.18,9.75
66.6082,999,17.4940143167,78.4134781863,489.476501465,226.83,5.04
66.6712,1000,17.4940123128,78.4134760501,489.473999023,226.17,4.87
66.7361,1001,17.4940102962,78.4134739491,489.477111816,224.44,4.61
66.8068,1002,17.4940081556,78.4134718503,489.4765625,226.6,9.95
66.871,1003,17.4940041095,78.4134675721,489.480316162,225.83,4.67
66.9393,1004,17.4940020598,78.4134654622,489.484069824,223.86,9.36
67.0082,1005,17.493997781,78.413461351,489.47958374,225.67,4.91
67.0722,1006,17.4939957595,78.4134592815,489.481109619,225.6,4.85
67.1383,1007,17.4939936938,78.4134571722,489.478881836,224.74,4.87
67.2051,1008,17.4939915664,78.413455064,489.468597412,224.47,9.48
67.2733,1009,17.4939873176,78.4134508935,489.45300293,225.18,4.86
67.3394,1010,17.4939852337,78.4134487965,489.452850342,225.64,5.23
67.4029,1011,17.4939830954,78.4134466101,489.440979004,224.89,8.95
67.4757,1012,17.4939788469,78.4134423785,489.438934326,226.32,5.27
67.5387,1013,17.4939767322,78.4134401638,489.451019287,225.47,5.0
67.6032,1014,17.4939746473,78.4134380442,489.447906494,225.88,8.98
67.6739,1015,17.4939705725,78.4134338422,489.45715332,225.31,4.85
67.7399,1016,17.4939684988,78.4134317462,489.453277588,225.63,9.23
67.809,1017,17.4939643885,78.4134275441,489.463775635,226.77,5.21
67.8712,1018,17.493962343,78.4134253679,489.462463379,225.28,4.97
67.935,1019,17.4939602877,78.4134232922,489.464019775,225.77,4.73
68.0039,1020,17.4939581946,78.413421142,489.466064453,226.2,9.22
68.0728,1021,17.4939541397,78.4134169135,489.46975708,225.4,4.89
68.1371,1022,17.4939521062,78.4134148517,489.471801758,225.66,4.68
68.2055,1023,17.4939500468,78.4134127442,489.475860596,225.43,9.43
68.2713,1024,17.4939460358,78.4134086724,489.474487305,225.33,4.6
68.3391,1025,17.4939440179,78.4134066309,489.47354126,226.17,4.79
68.4062,1026,17.4939419653,78.413404493,489.473815918,225.25,9.33
68.4739,1027,17.4939378703,78.4134003617,489.471069336,223.13,4.71
68.541,1028,17.4939357503,78.4133983759,489.473175049,225.17,4.95
68.6034,1029,17.4939337449,78.4133963589,489.471008301,223.36,9.22
68.6689,1030,17.4939297083,78.4133925474,489.473205566,224.9,4.44
68.7375,1031,17.4939277217,78.4133905675,489.476013184,224.21,4.32
68.8067,1032,17.4939257497,78.4133886493,489.479187012,224.97,9.06
68.8742,1033,17.4939217674,78.4133846705,489.485168457,224.53,4.06
68.9466,1034,17.4939198401,78.4133827748,489.484130859,223.9,9.86
69.0093,1035,17.4939157433,78.4133788322,489.499267578,224.91,4.72
69.072,1036,17.4939138118,78.4133769069,489.498596191,224.69,4.42
69.1388,1037,17.4939118806,78.4133749967,489.501708984,225.01,8.29
69.2104,1038,17.493908017,78.4133711316,489.502563477,224.45,4.54
69.2766,1039,17.4939060428,78.4133691949,489.500213623,224.51,4.88
69.3357,1040,17.4939041482,78.4133673325,489.503692627,225.84,4.12
69.406,1041,17.4939022877,78.4133654167,489.499664307,225.37,8.23
69.4755,1042,17.4938985858,78.4133616669,489.49118042,225.17,4.68
69.5394,1043,17.493896643,78.4133597128,489.49041748,224.93,4.2
69.6068,1044,17.4938947962,78.4133578702,489.491973877,227.8,8.33
69.6739,1045,17.4938913287,78.4133540466,489.493133545,225.07,4.61
69.7347,1046,17.4938895073,78.4133522209,489.493133545,232.35,3.92
69.8068,1047,17.4938879069,78.4133501464,489.497558594,226.78,8.37
69.8741,1048,17.4938843503,78.4133463619,489.499389648,225.65,4.18
69.9398,1049,17.4938825833,78.4133445545,489.500946045,227.28,4.7
70.0014,1050,17.4938807716,78.4133425927,489.50201416,223.6,8.21
70.0683,1051,17.4938771128,78.4133391085,489.501953125,225.29,3.94
70.1389,1052,17.4938753083,78.4133372859,489.501922607,225.6,3.97
70.2057,1053,17.4938736009,78.4133355421,489.502227783,223.37,8.2
70.2703,1054,17.4938700578,78.4133321949,489.504394531,222.85,4.1
70.3383,1055,17.4938681768,78.4133304503,489.507080078,225.12,4.09
70.4033,1056,17.4938664482,78.4133287143,489.503875732,225.2,7.73
70.4713,1057,17.493863039,78.4133252814,489.505523682,226.58,3.97
70.5406,1058,17.4938612958,78.4133234395,489.5105896,225.4,4.03
70.6053,1059,17.4938596086,78.4133217284,489.512145996,225.02,8.19
70.6694,1060,17.4938561927,78.4133183102,489.516143799,225.34,3.62
70.7405,1061,17.4938545245,78.4133166218,489.513366699,225.64,7.25
70.8097,1062,17.4938512943,78.4133133183,489.521087646,226.95,4.11
70.8759,1063,17.4938495814,78.4133114845,489.522766113,225.52,3.66
70.9452,1064,17.4938479426,78.4133098154,489.525878906,224.92,4.15
71.0021,1065,17.4938464019,78.413308279,489.528289795,226.27,7.63
71.0691,1066,17.4938431437,78.4133048727,489.531738281,225.65,3.48
71.1388,1067,17.4938415824,78.4133032753,489.538757324,225.47,3.64
71.207,1068,17.4938399787,78.413301645,489.541870117,226.32,7.99
71.2701,1069,17.4938367683,78.4132982833,489.54864502,226.34,3.6
71.3406,1070,17.4938351548,78.4132965927,489.552856445,225.83,4.07
71.4007,1071,17.4938335855,78.4132949773,489.557098389,225.3,6.5
71.4757,1072,17.4938304273,78.4132917856,489.567565918,227.94,3.66
71.543,1073,17.4938289035,78.4132900969,489.580047607,225.88,6.72
71.6139,1074,17.4938258454,78.4132869433,489.58303833,225.16,4.16
71.6742,1075,17.493824215,78.4132853037,489.589569092,225.84,3.64
71.7383,1076,17.4938227162,78.4132837605,489.595794678,225.88,3.54
71.8034,1077,17.4938212384,78.4132822368,489.608520508,225.47,6.32
71.8762,1078,17.4938182665,78.4132792156,489.620452881,226.04,3.86
71.9339,1079,17.4938168429,78.4132777396,489.619934082,222.3,3.31
72.001,1080,17.4938153315,78.4132763642,489.635803223,226.24,5.74
72.0756,1081,17.4938125996,78.4132735117,489.650543213,226.16,3.27
72.14,1082,17.4938112561,78.4132721127,489.658325195,223.79,3.42
72.2015,1083,17.4938098591,78.4132707737,489.665679932,223.78,5.85
72.2713,1084,17.4938071494,78.4132681768,489.680786133,225.98,2.92
72.3392,1085,17.4938058797,78.413266863,489.688659668,226.09,3.1
72.406,1086,17.4938045547,78.4132654865,489.706726074,224.55,5.53
72.4753,1087,17.4938020392,78.4132630102,489.724334717,222.48,2.93
72.5414,1088,17.4938007265,78.4132618081,489.732299805,225.67,3.11
72.6024,1089,17.4937995043,78.4132605568,489.741638184,224.87,5.63
72.6699,1090,17.4937970245,78.4132580884,489.755981445,225.57,2.9
72.7342,1091,17.4937958202,78.4132568599,489.766662598,220.97,2.6
72.804,1092,17.4937945643,78.4132557693,489.768737793,224.56,5.19
72.8755,1093,17.4937921292,78.4132533709,489.781951904,226.29,2.95
72.935,1094,17.49379101,78.4132522003,489.79107666,225.39,2.69
73.0008,1095,17.4937898633,78.4132510377,489.801971436,219.25,5.2
73.0678,1096,17.4937873908,78.4132490174,489.812255859,224.73,2.43
73.1378,1097,17.4937862762,78.4132479132,489.813293457,219.7,2.63
73.2013,1098,17.4937850984,78.4132469352,489.824584961,223.62,4.74
73.272,1099,17.4937828691,78.4132448111,489.837158203,224.54,2.61
73.3343,1100,17.4937818037,78.4132437625,489.844970703,222.83,2.33
73.403,1101,17.493780724,78.4132427617,489.843414307,226.47,4.53
73.4731,1102,17.4937787077,78.4132406389,489.847259521,230.96,2.57
73.536,1103,17.4937777657,78.4132394772,489.854675293,224.77,2.33
73.6015,1104,17.4937767693,78.4132384888,489.864013672,230.2,4.61
73.6688,1105,17.4937749346,78.4132362865,489.872070312,225.33,2.08
73.7391,1106,17.4937739887,78.4132353296,489.871185303,229.46,4.15
73.8116,1107,17.4937721811,78.4132332165,489.890594482,231.32,2.32
73.8762,1108,17.4937713136,78.4132321328,489.889831543,226.45,2.1
73.9418,1109,17.4937704378,78.4132312115,489.899169922,225.28,2.41
74.0031,1110,17.4937694784,78.4132302427,489.899871826,224.69,4.12
74.0692,1111,17.4937676978,78.4132284813,489.90447998,226.57,1.87
74.1391,1112,17.4937668704,78.4132276073,489.909942627,218.66,2.28
74.204,1113,17.4937658129,78.4132267613,489.926086426,230.27,4.01
74.2695,1114,17.4937642598,78.4132248924,489.934967041,235.2,1.93
74.3354,1115,17.4937635873,78.4132239247,489.933990479,226.72,1.75
74.4028,1116,17.4937628436,78.4132231349,489.944061279,231.23,3.49
74.4764,1117,17.4937613556,78.4132212825,489.957763672,218.94,1.95
74.5392,1118,17.493760483,78.4132205774,489.973449707,227.99,1.71
74.606,1119,17.4937597757,78.4132197921,489.969696045,226.4,3.54
74.6696,1120,17.4937583441,78.4132182887,489.96194458,227.15,1.62
74.739,1121,17.493757639,78.4132175287,489.965057373,223.98,1.6
74.8045,1122,17.4937569448,78.4132168589,489.957458496,231.63,3.34
74.8684,1123,17.4937557194,78.4132153113,489.949554443,227.1,1.64
74.9358,1124,17.4937550256,78.4132145646,489.945587158,228.93,1.65
75.0016,1125,17.4937543667,78.4132138084,489.946350098,228.74,3.5
75.0668,1126,17.493752978,78.4132122253,489.948364258,227.67,1.49
75.1389,1127,17.4937523086,78.4132114904,489.955993652,221.71,1.65
75.2054,1128,17.493751558,78.4132108215,489.949737549,228.22,3.37
75.2701,1129,17.4937502164,78.41320932,489.948120117,227.56,1.67
75.3349,1130,17.4937495411,78.4132085815,489.954345703,227.03,1.64
75.401,1131,17.4937488581,78.4132078482,489.956176758,227.78,2.79
75.4755,1132,17.4937475703,78.4132064289,489.950164795,226.73,1.56
75.5417,1133,17.4937469187,78.4132057368,489.949005127,238.6,1.64
75.6071,1134,17.4937463992,78.4132048856,489.942321777,225.81,3.4
75.6679,1135,17.4937450699,78.413203518,489.919586182,208.28,1.65
75.7373,1136,17.4937441522,78.4132030243,489.922607422,227.04,1.55
75.8043,1137,17.4937434981,78.4132023218,489.907592773,234.13,3.38
75.8698,1138,17.4937422939,78.4132006564,489.921691895,227.52,1.58
75.936,1139,17.4937416402,78.4131999426,489.92098999,240.31,1.55
76.0042,1140,17.4937411508,78.4131990843,489.948974609,224.69,3.07
76.0698,1141,17.4937398312,78.4131977791,489.950927734,227.06,1.51
76.1373,1142,17.4937391906,78.4131970907,489.951019287,230.22,1.33
76.201,1143,17.4937386898,78.4131964891,489.939086914,234.09,2.8
76.2708,1144,17.4937376267,78.4131950208,489.932159424,228.52,1.56
76.3379,1145,17.4937369876,78.4131942978,489.937408447,226.42,1.45
76.4063,1146,17.4937363575,78.4131936357,489.92880249,230.44,3.23
76.4689,1147,17.4937351649,78.4131921921,489.929016113,228.21,1.61
76.536,1148,17.4937345011,78.4131914495,489.935241699,224.37,1.78
76.6008,1149,17.4937337411,78.4131907061,489.93081665,225.37,3.17
76.6725,1150,17.4937322721,78.4131892181,489.915313721,227.04,1.83
76.7342,1151,17.4937315613,78.4131884548,489.909393311,226.62,1.62
76.8026,1152,17.4937308584,78.4131877111,489.90814209,227.01,3.41
76.8689,1153,17.4937294367,78.4131861859,489.900543213,227.23,1.74
76.9362,1154,17.4937287042,78.413185394,489.906768799,227.49,1.91
77.0012,1155,17.4937279301,78.4131845496,489.893463135,229.92,3.47
77.0699,1156,17.4937265122,78.4131828648,489.884643555,227.09,2.01
77.1399,1157,17.4937256282,78.4131819137,489.884521484,227.08,1.9
77.2048,1158,17.4937248546,78.4131810819,489.889984131,227.98,3.9
77.2668,1159,17.4937233624,78.4131794257,489.883605957,227.0,1.72
77.339,1160,17.4937225832,78.41317859,489.877380371,226.51,2.16
77.4024,1161,17.4937217131,78.4131776729,489.876647949,227.05,3.39
77.4751,1162,17.4937201626,78.4131760075,489.873474121,233.54,2.06
77.5389,1163,17.4937194383,78.4131750273,489.881439209,227.81,1.77
77.6073,1164,17.4937186859,78.4131741972,489.878356934,227.99,4.0
77.6671,1165,17.4937172082,78.4131725569,489.883514404,227.53,1.73
77.736,1166,17.4937164659,78.413171746,489.88973999,224.14,1.88
77.8035,1167,17.4937156296,78.4131709345,489.89453125,228.13,3.95
77.8678,1168,17.4937140657,78.4131691894,489.889831543,227.62,1.77
77.934,1169,17.4937133351,78.4131683888,489.882507324,227.08,1.76
78.0039,1170,17.4937125603,78.4131675555,489.880889893,225.05,3.81
78.0677,1171,17.493710978,78.4131659707,489.874328613,223.45,1.72
78.1394,1172,17.4937101558,78.4131651918,489.878845215,227.65,1.86
78.2007,1173,17.4937094453,78.4131644123,489.873687744,232.77,3.27
78.2718,1174,17.4937081435,78.4131626991,489.867553711,227.48,1.79
78.3344,1175,17.4937074439,78.4131619361,489.8722229,227.76,1.74
78.4057,1176,17.4937066732,78.4131610874,489.877258301,225.03,3.55
78.4707,1177,17.4937051704,78.4131595832,489.87020874,222.92,1.67
78.54,1178,17.4937043928,78.4131588602,489.850128174,227.61,1.61
78.6063,1179,17.4937037282,78.413158132,489.859344482,225.86,3.21
78.6724,1180,17.4937023665,78.4131567289,489.842315674,227.08,1.58
78.7336,1181,17.4937017585,78.4131560751,489.85748291,225.81,1.76
78.8004,1182,17.4937010032,78.4131552981,489.855834961,224.55,3.15
78.8694,1183,17.4936995769,78.413153894,489.884796143,227.14,1.45
78.9348,1184,17.4936989803,78.413153251,489.890289307,225.14,1.14
79.0028,1185,17.4936984749,78.4131527432,489.90222168,234.08,2.44
79.07,1186,17.4936975828,78.4131515117,489.868743896,227.48,1.38
79.137,1187,17.4936970074,78.4131508843,489.848480225,236.49,2.23
79.2089,1188,17.4936961855,78.413149643,489.797027588,235.34,1.43
79.2747,1189,17.4936956888,78.4131489247,489.75100708,230.34,1.37
79.3434,1190,17.4936951328,78.413148254,489.754821777,218.61,1.97
79.4043,1191,17.4936942729,78.4131475672,489.738250732,230.6,3.5
79.4702,1192,17.4936929188,78.4131459187,489.75579834,230.72,1.66
79.5363,1193,17.4936922765,78.4131451333,489.766784668,228.12,1.35
79.6068,1194,17.4936916909,78.4131444802,489.771514893,229.68,2.83
79.6731,1195,17.4936905705,78.4131431598,489.75390625,229.24,1.38
79.7398,1196,17.4936900143,78.4131425146,489.740356445,239.58,1.34
79.8025,1197,17.4936896186,78.4131418406,489.724731445,228.07,2.75
79.8734,1198,17.4936884139,78.4131404992,489.700897217,229.91,1.29
79.9402,1199,17.4936879025,78.4131398916,489.702362061,223.32,1.3
80.0055,1200,17.4936873335,78.4131393551,489.686706543,232.87,2.51
80.0732,1201,17.493686383,78.4131380997,489.665771484,230.39,1.2
80.1361,1202,17.4936859392,78.4131375635,489.68182373,231.19,1.54
80.2026,1203,17.4936853471,78.4131368273,489.639007568,219.76,2.69
80.2715,1204,17.4936840391,78.4131357392,489.616668701,229.3,1.32
80.3364,1205,17.4936835231,78.4131351392,489.595397949,216.82,1.69
80.4052,1206,17.4936826716,78.4131345018,489.613098145,225.18,2.83
80.4746,1207,17.4936813949,78.4131332172,489.627288818,229.86,1.33
80.5371,1208,17.4936809004,78.4131326308,489.691040039,227.91,1.45
80.604,1209,17.4936802993,78.4131319654,489.665893555,226.96,2.47
80.6699,1210,17.4936792763,78.41313087,489.693908691,227.9,1.3
80.7414,1211,17.4936787014,78.4131302338,489.708190918,231.3,2.45
80.8087,1212,17.4936777489,78.413129045,489.678497314,238.88,1.59
80.8706,1213,17.4936772745,78.4131282591,489.641204834,227.96,1.54
80.9371,1214,17.4936766431,78.4131275589,489.635345459,224.11,3.18
81.0103,1215,17.4936751076,78.4131260702,489.632995605,226.88,1.73
81.0742,1216,17.49367441,78.4131253252,489.619110107,226.8,1.77
81.1387,1217,17.4936736913,78.4131245598,489.613464355,225.13,1.79
81.204,1218,17.493672932,78.4131237971,489.617706299,225.62,3.37
81.2724,1219,17.4936714466,78.4131222793,489.621917725,226.54,1.36
81.3445,1220,17.493670826,78.4131216245,489.624938965,226.43,3.52
81.4185,1221,17.49366917,78.4131198836,489.627380371,226.67,2.1
81.4771,1222,17.4936683929,78.4131190597,489.626495361,218.1,1.7
81.5495,1223,17.4936675037,78.4131183625,489.621734619,225.77,2.58
81.6054,1224,17.4936665778,78.4131174115,489.62399292,225.47,4.55
81.6695,1225,17.4936646944,78.4131154969,489.625976562,225.28,2.18
81.7408,1226,17.4936636854,78.413114478,489.625976562,231.01,2.29
81.8046,1227,17.4936628347,78.4131134272,489.627685547,221.54,4.78
81.8707,1228,17.493660664,78.4131115039,489.631896973,225.03,2.46
81.9386,1229,17.4936595747,78.4131104136,489.635009766,230.03,2.34
82.0065,1230,17.4936586317,78.4131092885,489.638275146,226.44,5.54
82.0721,1231,17.493656323,78.4131068607,489.643554688,225.51,2.55
82.142,1232,17.4936551715,78.4131056885,489.640594482,222.37,5.57
82.2079,1233,17.4936526795,78.4131034155,489.652130127,225.72,3.03
82.2728,1234,17.493651414,78.4131021179,489.649810791,224.98,2.96
82.3367,1235,17.4936501827,78.4131008876,489.652923584,226.53,5.19
82.4094,1236,17.4936477875,78.413098361,489.653411865,229.63,3.18
82.4751,1237,17.4936465354,78.413096888,489.657165527,227.11,3.08
82.5407,1238,17.4936452663,78.4130955216,489.662414551,225.15,2.98
82.6061,1239,17.4936439985,78.4130942471,489.665466309,225.99,6.09
82.6758,1240,17.4936412788,78.4130914317,489.668273926,223.86,3.43
82.74,1241,17.4936398164,78.4130900263,489.668426514,225.47,3.16
82.8061,1242,17.4936384681,78.4130886556,489.671539307,226.59,6.3
82.8752,1243,17.4936357083,78.4130857386,489.673309326,225.34,3.41
82.9385,1244,17.4936343088,78.4130843226,489.674865723,231.49,3.76
83.0052,1245,17.4936328634,78.4130825062,489.671264648,228.61,6.98
83.0721,1246,17.4936300126,78.4130792715,489.669586182,225.81,3.33
83.1405,1247,17.4936285494,78.4130777664,489.671142578,229.18,4.1
83.2023,1248,17.4936270199,78.413075996,489.667419434,227.49,6.76
83.2731,1249,17.4936240336,78.4130727386,489.663818359,226.16,3.67
83.3382,1250,17.4936225082,78.4130711502,489.662078857,227.0,3.69
83.4072,1251,17.4936209063,78.4130694322,489.660949707,224.44,7.2
83.4764,1252,17.4936176333,78.413066223,489.655548096,225.38,3.72
83.5404,1253,17.4936160945,78.4130646637,489.651794434,225.68,4.13
83.6013,1254,17.4936144775,78.4130630076,489.64944458,224.63,6.7
83.6755,1255,17.4936112216,78.4130597937,489.64465332,225.72,4.0
83.7395,1256,17.4936095762,78.4130581063,489.64932251,225.14,3.93
83.8059,1257,17.4936078794,78.4130564012,489.647949219,225.71,8.01
83.8694,1258,17.4936046077,78.4130530469,489.648071289,225.78,3.96
83.9347,1259,17.4936029473,78.4130513407,489.646728516,228.14,6.94
84.0077,1260,17.493599826,78.4130478567,489.654418945,225.86,4.02
84.072,1261,17.493598168,78.4130461479,489.653533936,225.93,3.98
84.1371,1262,17.4935965076,78.4130444326,489.658111572,227.39,4.22
84.2011,1263,17.4935948211,78.4130425991,489.658294678,226.49,7.44
84.2711,1264,17.4935915164,78.4130391173,489.657745361,226.15,3.84
84.3387,1265,17.4935898591,78.4130373923,489.662902832,228.27,7.29
84.4132,1266,17.4935865219,78.413033651,489.659637451,219.94,4.63
84.4788,1267,17.4935843851,78.4130318621,489.651733398,223.23,4.34
84.5448,1268,17.4935824644,78.4130300564,489.6434021,226.01,4.38
84.605,1269,17.4935807756,78.413028307,489.646087646,226.87,8.06
84.6722,1270,17.493577359,78.41302466,489.64364624,225.95,3.81
84.7417,1271,17.4935756603,78.4130229042,489.645202637,227.56,7.55
84.8132,1272,17.4935722976,78.4130192263,489.647399902,225.8,4.88
84.8709,1273,17.4935704875,78.413017365,489.644348145,226.22,3.8
84.9412,1274,17.4935687844,78.4130155879,489.646789551,227.23,4.43
85.0041,1275,17.4935670403,78.4130137022,489.651306152,224.16,7.61
85.0763,1276,17.4935634148,78.4130101819,489.654296875,226.22,4.54
85.1359,1277,17.4935616905,78.4130083823,489.650512695,222.4,4.0
85.2059,1278,17.4935597893,78.4130066462,489.658813477,225.24,8.09
85.2727,1279,17.4935562862,78.4130031131,489.662414551,228.43,4.08
85.3424,1280,17.4935545441,78.4130011488,489.673736572,227.45,7.9
85.414,1281,17.4935510159,78.4129973053,489.681549072,226.16,3.91
85.4845,1282,17.4935492541,78.4129954706,489.678436279,225.63,4.85
85.5433,1283,17.4935474179,78.4129935937,489.686431885,226.3,4.63
85.603,1284,17.4935456568,78.4129917508,489.689544678,227.5,8.15
85.6735,1285,17.4935420753,78.4129878425,489.6953125,226.39,4.02
85.7409,1286,17.4935403531,78.4129860345,489.692108154,228.26,8.26
85.8095,1287,17.4935368718,78.4129821326,489.703887939,230.64,4.27
85.8757,1288,17.4935352117,78.412980109,489.703674316,226.81,4.61
85.9353,1289,17.4935334767,78.4129782606,489.708343506,228.4,4.06
86.0054,1290,17.4935317325,78.4129762963,489.709411621,226.29,8.35
86.0707,1291,17.4935282588,78.4129726631,489.714233398,227.02,4.16
86.1363,1292,17.4935265439,78.4129708229,489.718902588,221.41,3.72
86.207,1293,17.4935247305,78.4129692236,489.725708008,222.71,8.45
86.269,1294,17.4935211943,78.4129659593,489.72845459,226.63,3.71
86.34,1295,17.4935195248,78.412964192,489.726501465,217.36,3.86
86.405,1296,17.4935177013,78.4129628,489.73223877,223.81,7.06
86.4773,1297,17.4935143121,78.4129595485,489.737518311,221.74,3.73
86.5407,1298,17.4935126913,78.4129581022,489.741455078,226.09,4.33
86.6018,1299,17.4935110006,78.4129563461,489.73916626,223.51,7.01
86.6733,1300,17.4935076576,78.4129531722,489.740264893,214.38,3.63
86.7451,1301,17.493505692,78.4129518272,489.738983154,225.45,4.63
86.8022,1302,17.4935039855,78.4129500934,489.745178223,219.26,7.39
86.8703,1303,17.4935004134,78.4129471737,489.735412598,224.98,3.61
86.9419,1304,17.4934987304,78.4129454918,489.734741211,224.63,4.46
87.0066,1305,17.4934968415,78.4129436272,489.719451904,223.28,8.36
87.0708,1306,17.4934932502,78.4129402454,489.698364258,224.72,3.92
87.1388,1307,17.4934915069,78.412938519,489.701477051,223.04,4.58
87.201,1308,17.4934895934,78.4129367319,489.674591064,226.29,8.42
87.2677,1309,17.493486017,78.4129329903,489.651367188,224.91,3.88
87.3373,1310,17.4934842576,78.4129312363,489.656036377,226.35,8.08
87.4078,1311,17.4934806334,78.4129274365,489.633972168,235.59,4.36
87.4715,1312,17.4934791759,78.4129253083,489.627410889,233.09,3.99
87.5396,1313,17.493477662,78.4129232925,489.62399292,225.55,4.28
87.6024,1314,17.4934759299,78.4129215268,489.624542236,229.09,8.12
87.6708,1315,17.4934725702,78.4129176503,489.625152588,226.01,3.95
87.7405,1316,17.4934708074,78.4129158244,489.628265381,231.7,6.9
87.8175,1317,17.4934677594,78.4129119644,489.613342285,228.94,4.2
87.8837,1318,17.4934660707,78.4129100258,489.597869873,226.58,5.52
87.9338,1319,17.493464317,78.4129081728,489.59942627,229.53,3.87
88.0061,1320,17.4934626374,78.4129062043,489.590911865,228.88,8.15
88.0743,1321,17.4934592591,78.4129023339,489.582458496,230.93,4.27
88.1389,1322,17.4934576512,78.4129003536,489.576385498,227.02,4.02
88.207,1323,17.4934559279,78.4128985043,489.576385498,228.57,8.23
88.2764,1324,17.4934524387,78.4128945503,489.57623291,227.1,4.03
88.3463,1325,17.4934506694,78.4128926463,489.57623291,226.37,9.06
88.4103,1326,17.4934469795,78.412888776,489.576568604,228.1,4.37
88.4718,1327,17.4934453229,78.4128869297,489.576171875,222.78,4.13
88.5369,1328,17.4934435098,78.4128852518,489.581665039,226.79,4.25
88.6037,1329,17.4934417194,78.4128833458,489.583221436,227.5,8.73
88.6696,1330,17.4934381341,78.4128794326,489.596618652,226.88,4.07
88.7398,1331,17.4934363336,78.4128775096,489.595275879,227.17,5.28
88.8024,1332,17.4934342596,78.4128752721,489.611846924,227.07,8.96
88.8674,1333,17.4934305992,78.4128713378,489.632781982,226.87,4.29
88.935,1334,17.4934287701,78.4128693855,489.634338379,226.44,7.99
89.0102,1335,17.4934249511,78.4128653692,489.682312012,226.8,4.67
89.0728,1336,17.4934231055,78.4128634039,489.683044434,226.8,4.8
89.1338,1337,17.4934212565,78.4128614346,489.687561035,224.67,4.6
89.2014,1338,17.4934192212,78.4128594229,489.712554932,225.73,8.87
89.2687,1339,17.4934153803,78.4128554825,489.731994629,226.41,4.04
89.342,1340,17.4934134983,78.4128535053,489.732452393,227.07,4.78
89.4059,1341,17.4934115788,78.4128514415,489.75012207,228.21,8.6
89.4766,1342,17.4934078391,78.4128472572,489.767974854,227.32,4.93
89.5418,1343,17.4934058291,78.4128450776,489.796936035,226.42,4.83
89.6041,1344,17.4934039151,78.4128430662,489.80090332,226.73,9.79
89.668,1345,17.4933999628,78.412838867,489.837280273,226.29,4.44
89.7365,1346,17.4933980263,78.4128368413,489.843505859,228.12,4.53
89.8049,1347,17.4933961166,78.4128347117,489.880706787,227.19,9.64
89.87,1348,17.4933921839,78.4128304658,489.920196533,226.23,4.73
89.9349,1349,17.4933902248,78.4128284205,489.924835205,226.8,4.64
90.0065,1350,17.4933881266,78.4128261862,489.961212158,225.98,9.34
90.0727,1351,17.4933841657,78.4128220874,490.002929688,226.06,5.09
90.1339,1352,17.4933821729,78.4128200198,490.012268066,229.97,4.86
90.2012,1353,17.4933802263,78.412817702,490.039550781,226.68,9.7
90.2676,1354,17.4933761512,78.4128133799,490.075866699,226.13,4.3
90.341,1355,17.4933741372,78.4128112852,490.086761475,227.11,9.35
90.4098,1356,17.4933700981,78.4128069376,490.133178711,226.1,4.43
90.4815,1357,17.4933680669,78.412804827,490.145080566,223.73,5.19
90.5449,1358,17.4933658783,78.4128027337,490.165557861,225.92,5.56
90.6025,1359,17.4933638269,78.4128006154,490.176483154,226.31,8.61
90.6768,1360,17.4933597541,78.4127963524,490.204620361,226.07,4.54
90.7478,1361,17.4933576918,78.4127942118,490.215515137,229.03,9.52
90.8141,1362,17.4933538686,78.4127898096,490.249481201,227.04,5.24
90.8795,1363,17.4933517133,78.4127874949,490.267700195,226.61,5.47
90.939,1364,17.4933496505,78.4127853131,490.280151367,224.97,5.45
91.0031,1365,17.4933473742,78.4127830393,490.302642822,226.22,9.3
91.0763,1366,17.4933430334,78.4127785099,490.330688477,226.75,5.28
91.139,1367,17.4933409421,78.4127762865,490.338256836,226.26,5.47
91.2055,1368,17.4933386221,78.4127738624,490.359954834,227.28,10.74
91.268,1369,17.4933344215,78.4127693129,490.386016846,226.95,4.52
91.3423,1370,17.4933323055,78.412767048,490.401580811,228.62,5.46
91.4072,1371,17.4933301418,78.4127645922,490.413818359,228.79,9.5
91.4787,1372,17.4933260076,78.4127598711,490.436920166,228.37,5.58
91.5414,1373,17.4933238624,78.4127574577,490.450958252,227.27,5.46
91.6041,1374,17.49332172,78.4127551384,490.46496582,228.61,10.08
91.6743,1375,17.493317398,78.4127502351,490.490264893,227.52,5.02
91.7432,1376,17.4933152419,78.4127478804,490.499328613,230.56,5.74
91.8067,1377,17.4933130997,78.4127452764,490.516876221,228.05,10.55
91.8727,1378,17.4933088008,78.4127404944,490.542053223,227.8,5.55
91.9346,1379,17.4933066696,78.4127381437,490.557312012,225.88,5.11
92.0028,1380,17.4933044352,78.4127358397,490.566497803,226.82,10.37
92.0703,1381,17.4933000174,78.4127311321,490.5909729,227.87,5.38
92.1362,1382,17.4932978236,78.4127287066,490.606536865,225.65,5.07
92.202,1383,17.4932956735,78.4127265072,490.62399292,227.09,9.92
92.2711,1384,17.493291368,78.4127218751,490.651794434,224.86,4.76
92.3418,1385,17.4932891699,78.4127196875,490.664794922,227.76,10.75
92.4081,1386,17.493284747,78.4127148159,490.698791504,227.97,5.17
92.475,1387,17.4932826101,78.4127124448,490.712249756,223.66,4.78
92.5424,1388,17.4932804669,78.4127103999,490.730377197,227.74,5.87
92.6033,1389,17.4932782465,78.412707956,490.740112305,227.72,10.18
92.6739,1390,17.4932737839,78.4127030488,490.764099121,227.81,5.72
92.7369,1391,17.4932715484,78.4127005827,490.779663086,226.9,5.64
92.8014,1392,17.4932692555,78.4126981328,490.796447754,226.95,10.49
92.8691,1393,17.4932647834,78.4126933448,490.820526123,227.87,5.11
92.9403,1394,17.4932625306,78.4126908539,490.826934814,225.35,5.85
93.0063,1395,17.4932600302,78.4126883229,490.843139648,227.24,11.99
93.0685,1396,17.49325536,78.4126832716,490.870819092,227.73,5.57
93.1347,1397,17.4932530693,78.4126807511,490.88482666,227.75,5.53
93.2024,1398,17.4932507454,78.412678193,490.899261475,228.31,11.17
93.2691,1399,17.4932461706,78.4126730565,490.929931641,227.91,5.61
93.3379,1400,17.4932437808,78.4126704109,490.953887939,227.73,5.58
93.405,1401,17.493241457,78.4126678541,490.969451904,227.99,10.9
93.4743,1402,17.4932367895,78.4126626716,490.996185303,223.89,5.71
93.5383,1403,17.4932343657,78.4126603402,491.005523682,227.59,6.03
93.6008,1404,17.4932320195,78.4126577719,491.021240234,226.21,10.04
93.6742,1405,17.4932273184,78.4126528676,491.047241211,227.86,4.73
93.7515,1406,17.4932250519,78.4126503626,491.064178467,227.54,10.58
93.8222,1407,17.4932203928,78.412645271,491.08770752,227.06,5.84
93.8879,1408,17.4932179808,78.4126426794,491.093444824,227.61,8.04
93.935,1409,17.493215626,78.4126400998,491.112121582,225.61,5.44
94.0031,1410,17.4932132379,78.41263766,491.125671387,225.73,10.9
94.0714,1411,17.4932084473,78.4126327465,491.146789551,227.48,5.64
94.1384,1412,17.4932060892,78.4126301752,491.154388428,222.55,5.53
94.2026,1413,17.4932036847,78.4126279684,491.167633057,224.0,11.29
94.267,1414,17.4931988725,78.4126233218,491.186523438,227.13,5.29
94.338,1415,17.4931965155,78.4126207824,491.205566406,223.79,10.37
94.4078,1416,17.4931917107,78.412616177,491.222961426,218.03,5.56
94.4734,1417,17.4931890796,78.4126141189,491.221191406,219.57,5.96
94.5341,1418,17.4931865227,78.412612006,491.232818604,226.5,5.64
94.6003,1419,17.4931841525,78.4126095085,491.250366211,225.51,10.21
94.6724,1420,17.4931793999,78.4126046709,491.265563965,226.34,5.61
94.7388,1421,17.493177028,78.412602185,491.2706604,225.52,5.77
94.802,1422,17.4931746761,78.41259979,491.277587891,225.49,11.42
94.8675,1423,17.4931698471,78.4125948772,491.292053223,226.33,5.57
94.9343,1424,17.4931674772,78.4125923944,491.307617188,225.69,6.05
95.0012,1425,17.4931648702,78.4125897239,491.310974121,226.93,10.87
95.0712,1426,17.4931600772,78.4125845958,491.337005615,226.35,5.52
95.1387,1427,17.4931577053,78.4125821093,491.35256958,228.85,6.29
95.2031,1428,17.4931552438,78.4125792926,491.383453369,227.95,12.53
95.2679,1429,17.4931502223,78.4125737251,491.420135498,226.6,4.99
95.3429,1430,17.4931478503,78.4125712168,491.425811768,227.01,12.08
95.4098,1431,17.4931427691,78.4125657653,491.471099854,226.78,6.33
95.4752,1432,17.4931401548,78.4125629836,491.482299805,223.52,6.23
95.5391,1433,17.4931374984,78.4125604614,491.507995605,226.64,5.89
95.6028,1434,17.4931351221,78.4125579446,491.512817383,225.32,11.0
95.6747,1435,17.4931300021,78.4125527672,491.538665771,226.64,5.58
95.7419,1436,17.493127627,78.4125502524,491.557342529,225.85,11.83
95.8097,1437,17.4931224776,78.4125449488,491.582641602,227.38,6.58
95.8727,1438,17.4931198874,78.4125421343,491.603881836,226.63,6.06
95.9346,1439,17.4931175133,78.4125396214,491.606567383,229.04,5.51
96.006,1440,17.4931151312,78.4125368771,491.62310791,226.96,11.53
96.0722,1441,17.4931103248,78.4125317298,491.643127441,226.76,5.87
96.1357,1442,17.4931079697,78.412529225,491.660247803,228.42,5.67
96.2026,1443,17.4931056466,78.4125266065,491.661590576,229.72,10.96
96.2709,1444,17.4931011739,78.4125213283,491.676818848,226.77,5.71
96.3355,1445,17.493098845,78.412518851,491.692382812,236.27,6.22
96.4028,1446,17.4930966841,78.412515615,491.689117432,229.56,11.42
96.471,1447,17.4930920124,78.4125101339,491.686309814,229.2,5.89
96.5365,1448,17.4930896822,78.4125074348,491.672088623,227.06,5.23
96.6065,1449,17.4930873832,78.4125049643,491.687652588,227.02,10.78
96.6739,1450,17.4930828151,78.4125000627,491.69039917,226.84,5.6
96.7387,1451,17.4930805265,78.4124976223,491.704681396,229.15,5.8
96.8009,1452,17.4930783475,78.4124951024,491.69342041,229.38,10.49
96.8694,1453,17.4930740224,78.4124900602,491.69934082,226.57,5.28
96.9371,1454,17.4930717582,78.4124876685,491.713989258,235.0,4.93
97.0001,1455,17.4930701028,78.4124853042,491.72366333,232.58,9.88
97.0677,1456,17.4930663427,78.412480389,491.73336792,226.69,5.32
97.1339,1457,17.4930641167,78.4124780274,491.732421875,238.01,4.73
97.2003,1458,17.4930625687,78.4124755493,491.742095947,229.61,9.52
97.2715,1459,17.4930585083,78.4124707771,491.752716064,226.69,5.47
97.3355,1460,17.4930562923,78.4124684263,491.768280029,229.17,5.16
97.4016,1461,17.4930542302,78.4124660398,491.757537842,225.2,10.78
97.4694,1462,17.4930494863,78.4124612625,491.77935791,223.45,5.3
97.5383,1463,17.493047046,78.4124589511,491.801330566,226.21,10.26
97.6076,1464,17.4930425116,78.4124542211,491.819458008,222.83,6.12
97.6676,1465,17.4930400383,78.4124519282,491.841339111,225.89,4.83
97.7414,1466,17.49303775,78.4124495677,491.844177246,223.25,5.6
97.8071,1467,17.4930352866,78.4124472506,491.861877441,223.83,9.81
97.8789,1468,17.493030611,78.4124427625,491.876251221,225.75,5.78
97.9411,1469,17.4930283014,78.4124403914,491.89276123,220.64,5.46
98.0071,1470,17.4930257941,78.4124382392,491.88482666,220.22,11.21
98.0732,1471,17.4930206044,78.4124338499,491.887084961,225.71,5.34
98.1399,1472,17.493018312,78.4124315001,491.899291992,214.6,6.54
98.2049,1473,17.4930151166,78.4124292958,491.907897949,219.26,10.68
98.274,1474,17.4930098771,78.4124250135,491.922515869,225.37,5.5
98.3411,1475,17.4930074912,78.4124225962,491.924072266,221.81,10.6
98.4107,1476,17.493002441,78.4124180794,491.959197998,222.39,5.87
98.474,1477,17.4929999179,78.4124157761,491.967193604,222.64,5.42
98.5436,1478,17.4929973676,78.412413428,491.991577148,225.55,5.87
98.607,1479,17.4929949685,78.4124109822,491.994995117,225.32,10.72
98.676,1480,17.4929901768,78.4124061362,492.017730713,225.74,5.41
98.7437,1481,17.492987823,78.4124037206,492.035095215,224.49,10.18
98.817,1482,17.4929829209,78.4123989056,492.048309326,224.22,5.94
98.8831,1483,17.4929803307,78.412396385,492.067687988,226.08,6.14
98.9446,1484,17.4929779185,78.4123938797,492.068817139,222.57,6.23
99.0063,1485,17.4929753152,78.4123914885,492.09161377,224.91,11.97
99.0706,1486,17.4929702974,78.4123864864,492.120422363,226.38,5.41
99.1409,1487,17.4929678776,78.412383947,492.135986328,225.04,6.17
99.2067,1488,17.492965237,78.4123813023,492.145294189,224.86,12.0
99.2706,1489,17.4929602338,78.412376324,492.166564941,226.62,5.7
99.3378,1490,17.492957806,78.412373755,492.182617188,222.39,10.54
99.4078,1491,17.4929527971,78.4123691827,492.215301514,221.99,5.54
99.4756,1492,17.492950232,78.412366874,492.249420166,220.27,6.51
99.5408,1493,17.4929472633,78.4123643591,492.273742676,226.47,5.95
99.6056,1494,17.4929448154,78.4123617825,492.290649414,224.55,11.29
99.6742,1495,17.4929397345,78.4123567814,492.328369141,226.71,5.67
99.7422,1496,17.492937297,78.4123541938,492.347045898,225.65,12.02
99.808,1497,17.4929322016,78.4123489806,492.375305176,230.06,5.87
99.8739,1498,17.4929299054,78.4123462383,492.385620117,227.0,6.05
99.9379,1499,17.4929274681,78.4123436248,492.401184082,232.92,6.17
100.0007,1500,17.4929253026,78.4123407591,492.432983398,228.89,11.14
100.0705,1501,17.4929205817,78.4123353494,492.463806152,227.47,5.91
100.1362,1502,17.4929181604,78.4123327097,492.466400146,233.39,5.99
100.2026,1503,17.4929159613,78.4123297498,492.488525391,231.44,11.82
100.2684,1504,17.4929114729,78.4123241192,492.516937256,227.94,5.43
100.3399,1505,17.4929090716,78.4123214576,492.534057617,232.72,6.02
100.4072,1506,17.492906797,78.4123184697,492.537689209,229.21,10.61
100.482,1507,17.4929020072,78.412312918,492.562530518,226.24,6.75
100.5452,1508,17.4928992868,78.4123100771,492.592895508,228.01,6.62
100.6043,1509,17.4928968697,78.4123073919,492.610015869,228.17,12.56
100.6675,1510,17.4928919823,78.4123019314,492.639282227,227.89,5.41
100.7399,1511,17.4928895578,78.4122992491,492.64151001,228.62,5.97
100.8074,1512,17.4928870993,78.4122964581,492.665771484,226.3,12.67
100.8711,1513,17.4928819584,78.4122910793,492.682495117,227.58,5.72
100.9397,1514,17.4928795166,78.4122884072,492.701171875,227.99,6.27
101.0037,1515,17.4928770378,78.4122856554,492.692626953,227.22,12.22
101.0692,1516,17.4928720228,78.4122802359,492.702484131,227.14,5.69
101.1382,1517,17.4928695601,78.412277582,492.719665527,226.34,6.19
101.2048,1518,17.4928669355,78.4122748315,492.723449707,226.32,11.84
101.2718,1519,17.4928618843,78.4122695418,492.728149414,226.72,5.91
101.3384,1520,17.4928593976,78.412266901,492.727630615,229.4,5.96
101.4054,1521,17.4928569969,78.4122641001,492.733917236,226.97,12.43
101.4699,1522,17.4928519489,78.4122586933,492.737457275,227.34,5.57
101.5411,1523,17.4928494675,78.4122560003,492.744781494,226.58,6.53
101.6012,1524,17.4928469786,78.4122533702,492.744293213,226.16,11.42
101.6724,1525,17.4928417875,78.4122479641,492.750488281,226.21,6.4
101.734,1526,17.4928392749,78.4122453427,492.766052246,226.7,5.64
101.8058,1527,17.4928367125,78.4122426231,492.778961182,227.11,11.52
101.8751,1528,17.4928317006,78.4122372272,492.802185059,227.47,6.09
101.9421,1529,17.4928291567,78.4122344539,492.801635742,226.27,6.13
102.0063,1530,17.4928266485,78.4122318323,492.819854736,226.16,11.71
102.0737,1531,17.4928216085,78.4122265831,492.829437256,226.03,5.84
102.141,1532,17.4928190936,78.4122239761,492.846557617,225.94,11.78
102.2091,1533,17.4928139507,78.4122186614,492.85168457,226.25,6.87
102.2683,1534,17.4928113595,78.4122159549,492.849822998,225.87,5.9
102.335,1535,17.4928088339,78.4122133516,492.863983154,226.09,10.26
102.4126,1536,17.4928037438,78.4122080644,492.879089355,225.06,5.98
102.4802,1537,17.4928011153,78.4122054302,492.893981934,226.33,6.77
102.5393,1538,17.4927985702,78.4122027643,492.8934021,225.71,6.4
102.6009,1539,17.4927960317,78.4122001625,492.908172607,226.21,12.19
102.667,1540,17.4927908912,78.4121947995,492.921386719,225.65,4.99
102.7462,1541,17.4927883464,78.4121921959,492.935394287,225.66,12.56
102.8105,1542,17.4927831441,78.4121868729,492.9503479,226.04,6.02
102.8763,1543,17.4927806081,78.4121842434,492.946655273,225.63,6.43
102.9378,1544,17.4927780613,78.41218164,492.962219238,224.03,6.41
103.0034,1545,17.4927752795,78.4121789511,492.968902588,225.99,11.92
103.0707,1546,17.4927701429,78.4121736343,492.979125977,225.49,5.08
103.1488,1547,17.4927675798,78.4121710267,492.97756958,223.49,6.91
103.2072,1548,17.4927648868,78.4121684716,492.989440918,225.85,11.36
103.276,1549,17.4927598718,78.412163305,493.002197266,224.47,6.53
103.3365,1550,17.4927572775,78.4121607585,493.015014648,225.37,5.79
103.4046,1551,17.4927547244,78.4121581726,493.016265869,229.25,10.05
103.4826,1552,17.492749994,78.4121526825,493.027313232,234.41,6.01
103.5437,1553,17.4927480118,78.4121499127,493.047241211,226.2,6.15
103.6074,1554,17.4927455138,78.4121473076,493.064758301,228.16,11.34
103.6755,1555,17.4927407569,78.4121419939,493.090209961,226.34,5.92
103.7401,1556,17.4927383214,78.4121394417,493.089813232,227.44,10.55
103.8133,1557,17.4927335003,78.4121341915,493.136260986,226.67,5.69
103.8804,1558,17.492731083,78.4121316288,493.143707275,226.51,6.73
103.938,1559,17.4927286217,78.4121290346,493.162384033,225.16,5.87
104.0035,1560,17.492726126,78.4121265252,493.164031982,225.9,11.97
104.0685,1561,17.4927211356,78.412121376,493.183929443,226.49,5.77
104.1356,1562,17.49271868,78.4121187894,493.202606201,225.64,5.84
104.2029,1563,17.49271615,78.4121162018,493.219665527,225.05,11.5
104.2707,1564,17.4927110778,78.4121111206,493.237823486,226.35,5.97
104.3342,1565,17.4927086649,78.4121085909,493.238220215,225.41,10.05
104.4106,1566,17.4927036982,78.4121035532,493.272094727,224.87,5.3
104.4856,1567,17.4927011064,78.4121009735,493.275604248,223.64,6.84
104.5459,1568,17.4926983597,78.412098354,493.29574585,226.15,6.33
104.6071,1569,17.4926958863,78.4120957792,493.298339844,225.29,11.83
104.6735,1570,17.4926907955,78.4120906359,493.315979004,226.07,5.9
104.7391,1571,17.4926883185,78.4120880649,493.334655762,222.8,6.53
104.8021,1572,17.4926855425,78.4120854944,493.35168457,224.76,11.47
104.8707,1573,17.4926804008,78.4120803958,493.36819458,225.8,5.6
104.9401,1574,17.4926779046,78.4120778287,493.369567871,223.57,5.84
105.0053,1575,17.4926753657,78.4120754135,493.386901855,224.87,11.62
105.0721,1576,17.4926703003,78.4120703703,493.403686523,225.61,5.94
105.1374,1577,17.4926678011,78.412067817,493.422363281,226.19,5.91
105.2025,1578,17.492665346,78.4120652576,493.418884277,226.13,11.83
105.2677,1579,17.4926604171,78.4120601309,493.440093994,225.86,5.65
105.3361,1580,17.4926579356,78.4120575738,493.458770752,227.7,5.0
105.4065,1581,17.4926557491,78.4120551705,493.478790283,228.11,11.01
105.475,1582,17.4926510991,78.4120499869,493.502502441,229.86,5.86
105.537,1583,17.4926489352,78.4120474205,493.507324219,226.51,5.49
105.6049,1584,17.4926465685,78.4120449256,493.525634766,225.01,11.68
105.6698,1585,17.4926416318,78.4120399873,493.546020508,226.34,5.28
105.7415,1586,17.4926392218,78.4120374615,493.564605713,224.7,6.09
105.8062,1587,17.4926366422,78.4120349092,493.563293457,225.06,11.1
105.8761,1588,17.4926315944,78.4120298505,493.581420898,226.23,6.09
105.9381,1589,17.4926291858,78.4120273365,493.598999023,224.37,6.23
106.0019,1590,17.4926265705,78.4120247784,493.614440918,224.7,11.47
106.0703,1591,17.4926214383,78.4120197,493.628753662,225.98,5.44
106.1394,1592,17.4926190301,78.4120172076,493.627227783,222.85,5.79
106.2067,1593,17.4926164043,78.4120147716,493.647613525,224.14,11.56
106.272,1594,17.4926114181,78.4120099326,493.662811279,225.78,5.4
106.3408,1595,17.4926090291,78.4120074775,493.681060791,223.19,6.08
106.4066,1596,17.4926063463,78.4120049589,493.675292969,224.2,10.48
106.4786,1597,17.4926013667,78.4120001162,493.685882568,224.75,6.87
106.535,1598,17.4925988319,78.4119976038,493.698486328,225.74,5.34
106.6039,1599,17.4925964652,78.4119951748,493.715606689,224.86,11.15
106.6716,1600,17.4925915399,78.4119902737,493.723266602,225.8,5.2
106.7418,1601,17.4925891955,78.4119878633,493.720245361,225.71,10.53
106.8129,1602,17.4925843786,78.4119829254,493.74407959,224.24,6.23
106.8739,1603,17.4925818724,78.4119804844,493.732116699,225.82,5.37
106.941,1604,17.492579558,78.4119781029,493.746124268,225.2,6.37
107.0003,1605,17.4925771081,78.411975636,493.732727051,225.38,10.36
107.0708,1606,17.4925723831,78.4119708471,493.738433838,225.84,5.25
107.1386,1607,17.4925700986,78.4119684944,493.75088501,224.08,5.56
107.2062,1608,17.492567614,78.4119660884,493.763916016,224.88,11.23
107.271,1609,17.4925628661,78.4119613611,493.76776123,226.05,5.3
107.3371,1610,17.4925606238,78.411959035,493.759246826,221.34,5.56
107.4034,1611,17.4925580813,78.4119567984,493.773956299,223.8,10.36
107.4715,1612,17.4925533953,78.4119523053,493.780487061,224.41,5.42
107.5404,1613,17.4925509416,78.4119499018,493.795013428,225.43,5.22
107.6065,1614,17.4925487115,78.411947638,493.788116455,223.35,10.82
107.672,1615,17.4925439738,78.4119431656,493.804748535,225.63,5.28
107.7367,1616,17.4925417746,78.4119409178,493.817840576,222.2,5.04
107.8028,1617,17.4925395064,78.4119388614,493.839355469,225.53,9.65
107.874,1618,17.4925350709,78.4119343423,493.842254639,225.55,4.69
107.945,1619,17.4925329225,78.4119321523,493.837402344,224.47,5.29
108.0071,1620,17.4925307653,78.4119300346,493.841888428,225.48,10.91
108.0695,1621,17.4925263673,78.4119255618,493.841674805,225.53,4.87
108.1364,1622,17.4925242654,78.4119234206,493.854370117,218.1,4.75
108.2056,1623,17.4925218972,78.4119215636,493.846038818,224.27,9.18
108.2749,1624,17.4925177027,78.411917475,493.850006104,225.43,5.03
108.3369,1625,17.4925156851,78.4119154271,493.862731934,223.95,4.79
108.4066,1626,17.4925134739,78.4119132957,493.869506836,226.11,8.83
108.4774,1627,17.4925094793,78.4119091428,493.875,225.53,4.89
108.5381,1628,17.4925075628,78.4119071903,493.867736816,225.45,7.74
108.6137,1629,17.4925037811,78.4119033488,493.8878479,227.72,5.41
108.6695,1630,17.4925019053,78.4119012856,493.87689209,225.86,3.83
108.743,1631,17.4925001003,78.4118994258,493.889343262,225.99,8.62
108.8094,1632,17.4924964348,78.4118956311,493.885437012,226.13,4.02
108.8763,1633,17.4924947153,78.4118938427,493.877105713,226.56,4.54
108.9409,1634,17.4924928562,78.4118918795,493.884307861,226.43,4.13
109.0045,1635,17.4924911879,78.4118901256,493.895355225,227.34,8.1
109.0691,1636,17.4924879185,78.4118865773,493.893249512,226.91,3.58
109.1393,1637,17.4924863349,78.4118848846,493.883239746,225.76,4.29
109.2018,1638,17.4924846101,78.4118831132,493.896270752,227.32,7.13
109.2693,1639,17.4924815999,78.411879849,493.895904541,227.81,3.33
109.3391,1640,17.4924801572,78.4118782573,493.908111572,224.25,4.0
109.4013,1641,17.4924785177,78.4118766602,493.898101807,227.36,6.49
109.4716,1642,17.4924756654,78.4118735629,493.890716553,227.51,3.36
109.5383,1643,17.4924742698,78.4118720391,493.900054932,226.13,6.12
109.611,1644,17.4924714292,78.4118690843,493.882171631,228.2,3.48
109.6691,1645,17.4924701856,78.4118676934,493.878601074,227.73,3.04
109.7382,1646,17.4924688835,78.4118662608,493.868041992,226.86,5.87
109.8082,1647,17.4924662942,78.4118634976,493.878082275,225.0,2.75
109.8844,1648,17.492464928,78.4118621316,493.862121582,228.3,2.96
109.9496,1649,17.4924637439,78.4118608024,493.872802734,227.07,3.26
110.0073,1650,17.4924625622,78.4118595319,493.858947754,227.94,6.13
110.0706,1651,17.4924601611,78.4118568709,493.856018066,227.92,2.77
110.1371,1652,17.4924590208,78.4118556082,493.862243652,232.34,2.89
110.2024,1653,17.492457953,78.4118542248,493.876647949,226.56,5.55
110.2664,1654,17.4924557014,78.4118518475,493.878234863,228.71,2.39
110.3379,1655,17.4924546578,78.4118506593,493.86505127,224.73,2.45
110.4052,1656,17.4924535783,78.4118495899,493.875366211,230.05,4.98
110.4709,1657,17.492451635,78.4118472695,493.870300293,223.86,2.21
110.5432,1658,17.4924505738,78.4118462497,493.874206543,228.48,2.34
110.6071,1659,17.4924496581,78.4118452153,493.863708496,225.43,4.66
110.6702,1660,17.4924477593,78.4118432877,493.859741211,228.56,2.19
110.7347,1661,17.4924468968,78.4118423109,493.867523193,220.33,2.0
110.8045,1662,17.4924459202,78.4118414819,493.876342773,227.27,3.9
110.8733,1663,17.4924442384,78.4118396614,493.871246338,228.14,1.77
110.9437,1664,17.4924434725,78.4118388066,493.858581543,222.67,3.82
111.0082,1665,17.4924418073,78.4118372715,493.870697021,214.39,1.84
111.0704,1666,17.4924409454,78.4118366816,493.853668213,226.9,1.6
111.1374,1667,17.4924402701,78.41183596,493.859893799,221.18,1.67
111.204,1668,17.4924395023,78.4118352884,493.844177246,225.18,3.27
111.2711,1669,17.4924380795,78.4118338568,493.835357666,226.03,1.47
111.3356,1670,17.492437474,78.4118332292,493.840179443,226.86,1.34
111.4073,1671,17.4924368659,78.4118325803,493.84552002,226.13,2.77
111.4756,1672,17.4924356554,78.4118313213,493.83972168,219.14,1.33
111.542,1673,17.4924350259,78.4118308089,493.827087402,225.23,2.72
111.6076,1674,17.4924338704,78.4118296439,493.830474854,225.49,1.4
111.6689,1675,17.4924333148,78.4118290787,493.817749023,225.38,1.23
111.7379,1676,17.492432765,78.4118285215,493.822418213,223.6,1.31
111.8015,1677,17.4924322089,78.4118279919,493.799072266,226.45,2.44
111.8715,1678,17.4924311235,78.4118268503,493.784332275,225.39,1.22
111.9371,1679,17.4924306078,78.4118263275,493.789001465,229.92,1.15
112.0035,1680,17.4924301535,78.4118257876,493.787567139,219.8,2.25
112.0722,1681,17.4924290631,78.4118248791,493.776580811,224.93,1.12
112.1376,1682,17.4924285849,78.411824402,493.762023926,223.73,1.14
112.201,1683,17.4924281047,78.4118239426,493.764160156,226.1,2.17
112.267,1684,17.4924271876,78.4118229897,493.750366211,224.58,1.0
112.3349,1685,17.4924267443,78.4118225529,493.753479004,218.34,1.86
112.4082,1686,17.4924257654,78.4118217786,493.739959717,229.68,0.95
112.4754,1687,17.4924253837,78.4118213289,493.722564697,223.91,0.79
112.5537,1688,17.4924249725,78.4118209331,493.72567749,231.1,2.2
112.6117,1689,17.4924242297,78.4118200126,493.714874268,211.17,0.89
112.6715,1690,17.4924238138,78.411819761,493.719696045,223.98,0.88
112.7357,1691,17.4924234411,78.4118194014,493.705444336,209.41,0.73
112.8021,1692,17.4924230556,78.4118191841,493.714599609,225.54,1.49
112.8755,1693,17.4924223478,78.4118184628,493.708892822,223.06,0.77
112.941,1694,17.4924220096,78.4118181468,493.712005615,231.31,0.97
113.0035,1695,17.4924216583,78.4118177082,493.702026367,226.2,1.43
113.0708,1696,17.4924210455,78.4118170691,493.694244385,224.22,0.71
113.1355,1697,17.4924207446,78.4118167763,493.697357178,229.88,0.83
113.202,1698,17.4924204161,78.4118163865,493.706298828,223.47,1.43
113.2709,1699,17.4924197577,78.4118157623,493.699157715,224.58,0.66
113.3348,1700,17.4924194825,78.4118154911,493.68572998,229.76,0.68
113.403,1701,17.492419207,78.4118151655,493.692962646,222.45,1.27
113.4715,1702,17.4924186161,78.411814625,493.689605713,224.43,0.57
113.5436,1703,17.4924183455,78.4118143597,493.694274902,225.99,1.51
113.6078,1704,17.4924177247,78.4118137171,493.690032959,229.65,0.72
113.6732,1705,17.4924174424,78.4118133848,493.67868042,225.19,0.66
113.7377,1706,17.492417167,78.4118131076,493.683349609,219.67,0.94
113.8003,1707,17.4924167507,78.4118127624,493.687286377,223.68,1.42
113.8677,1708,17.492416113,78.4118121534,493.680053711,224.64,0.68
113.9337,1709,17.4924158203,78.4118118644,493.668212891,233.75,0.67
114.0003,1710,17.4924155771,78.4118115327,493.669799805,225.0,1.46
114.0712,1711,17.4924149016,78.4118108573,493.664306641,226.26,0.76
114.1339,1712,17.4924145997,78.4118105418,493.66897583,227.9,0.91
114.1999,1713,17.492414228,78.4118101305,493.659088135,221.46,1.44
114.2709,1714,17.4924135244,78.4118095088,493.650695801,218.03,0.87
114.3346,1715,17.4924131238,78.4118091955,493.661712646,227.04,0.71
114.4054,1716,17.4924128091,78.4118088575,493.666381836,238.47,1.52
114.4693,1717,17.4924123372,78.4118080882,493.665771484,229.16,0.75
114.5383,1718,17.4924120258,78.411807728,493.655059814,235.4,0.99
114.601,1719,17.4924116979,78.4118072526,493.659881592,233.01,1.72
114.6688,1720,17.4924110473,78.411806389,493.656036377,232.16,0.83
114.7338,1721,17.4924107414,78.4118059952,493.660705566,240.72,0.97
114.8002,1722,17.4924104486,78.411805473,493.653961182,239.32,1.81
114.8712,1723,17.4924098389,78.4118044453,493.653930664,236.92,0.89
114.9343,1724,17.4924095555,78.4118040102,493.658721924,238.38,0.97
115.0028,1725,17.4924092296,78.4118034809,493.668731689,241.83,1.97
115.0694,1726,17.4924086528,78.4118024039,493.667510986,238.32,0.89
115.1367,1727,17.4924083614,78.4118019317,493.656768799,242.9,1.05
115.2009,1728,17.4924080736,78.4118013694,493.665039062,237.87,1.89
115.2696,1729,17.4924074317,78.4118003473,493.665222168,241.1,0.9
115.3383,1730,17.4924071534,78.4117998432,493.671447754,252.65,0.96
115.4063,1731,17.4924069698,78.4117992557,493.669494629,249.04,2.13
115.4729,1732,17.4924064933,78.4117980118,493.671142578,245.94,0.91
115.5407,1733,17.4924062585,78.4117974859,493.677246094,247.09,1.6
115.6119,1734,17.4924058422,78.4117965007,493.685913086,241.32,0.89
115.6722,1735,17.4924056031,78.4117960637,493.710144043,248.9,0.91
115.7394,1736,17.4924053974,78.4117955305,493.702423096,234.23,0.49
115.8035,1737,17.4924052261,78.4117952927,493.733703613,246.68,1.79
115.8719,1738,17.4924047736,78.4117942431,493.753967285,251.58,0.96
115.934,1739,17.4924045971,78.4117937132,493.763305664,253.89,1.01
115.9999,1740,17.4924044242,78.4117931144,493.771240234,248.55,1.87
116.0693,1741,17.4924039793,78.4117919822,493.792419434,253.95,1.01
116.1336,1742,17.4924038111,78.4117913977,493.803100586,252.58,1.04
116.2022,1743,17.4924036105,78.4117907583,493.830322266,258.95,2.21
116.2698,1744,17.4924033406,78.4117893767,493.853179932,257.2,1.15
116.3352,1745,17.4924031833,78.4117886846,493.851379395,247.66,1.16
116.4034,1746,17.4924029018,78.4117879997,493.874969482,258.58,2.44
116.4703,1747,17.4924025974,78.411786493,493.896514893,259.73,1.26
116.5365,1748,17.4924024575,78.4117857211,493.908966064,267.0,1.38
116.6032,1749,17.4924024121,78.4117848541,493.918304443,263.56,2.32
116.6804,1750,17.4924022226,78.4117831764,493.938598633,264.71,1.27
116.7515,1751,17.4924021442,78.4117823296,493.952606201,264.81,1.94
116.803,1752,17.4924020588,78.4117813903,493.974182129,265.4,2.99
116.8706,1753,17.4924019062,78.4117794918,493.995697021,268.91,1.54
116.934,1754,17.4924018886,78.4117785686,493.994934082,263.81,1.61
117.002,1755,17.4924017774,78.4117775437,494.018707275,273.94,3.23
117.0687,1756,17.492401917,78.4117755157,494.040588379,260.07,1.61
117.1352,1757,17.4924017435,78.411774525,494.06036377,274.31,1.61
117.2006,1758,17.4924018182,78.4117735336,494.060119629,274.64,3.19
117.273,1759,17.4924019942,78.4117713638,494.076660156,277.81,1.79
117.3339,1760,17.4924021335,78.4117703478,494.092224121,276.26,1.75
117.4047,1761,17.492402261,78.4117691856,494.109771729,277.27,3.56
117.47,1762,17.4924025382,78.4117670128,494.123809814,282.19,1.64
117.5376,1763,17.4924027587,78.4117659918,494.122375488,278.8,1.71
117.604,1764,17.4924029222,78.4117649359,494.137481689,283.01,3.05
117.6773,1765,17.4924033962,78.4117628838,494.151306152,287.64,1.77
117.7386,1766,17.4924037043,78.4117619147,494.166870117,284.61,1.65
117.8057,1767,17.4924039675,78.4117609047,494.164581299,287.73,3.17
117.8765,1768,17.4924046086,78.4117588997,494.178161621,291.66,1.65
117.9408,1769,17.4924049761,78.4117579741,494.193725586,290.65,1.72
118.0046,1770,17.4924053398,78.4117570091,494.212036133,291.06,3.13
118.0713,1771,17.4924060426,78.4117551843,494.229553223,296.23,1.61
118.1367,1772,17.492406477,78.4117543025,494.229644775,286.43,1.37
118.2047,1773,17.492406724,78.4117534649,494.244598389,291.51,2.98
118.2691,1774,17.4924073842,78.4117517895,494.258789062,300.63,1.42
118.3412,1775,17.4924078706,78.411750968,494.274353027,297.88,2.86
118.4096,1776,17.4924087254,78.4117493523,494.282562256,295.49,1.69
118.4742,1777,17.492409164,78.4117484323,494.272155762,302.96,1.53
118.5391,1778,17.4924096669,78.4117476567,494.289276123,292.12,1.54
118.606,1779,17.4924100293,78.4117467653,494.300262451,299.61,2.78
118.6709,1780,17.4924108612,78.4117453017,494.308746338,307.74,1.5
118.7366,1781,17.4924114205,78.4117445791,494.30645752,287.91,1.07
118.802,1782,17.4924116217,78.4117439566,494.308807373,297.4,2.49
118.87,1783,17.4924123494,78.4117425526,494.312438965,310.77,1.35
118.9407,1784,17.4924129239,78.4117418864,494.326446533,308.41,1.43
119.0026,1785,17.4924134314,78.4117412463,494.3175354,313.99,2.49
119.0726,1786,17.4924145469,78.4117400906,494.315429688,309.47,1.43
119.1379,1787,17.4924150957,78.4117394242,494.329437256,309.49,1.13
119.2041,1788,17.4924155349,78.4117388913,494.322174072,300.33,2.62
119.2735,1789,17.49241639,78.4117374295,494.314605713,315.92,1.35
119.3418,1790,17.4924169983,78.4117368405,494.311798096,306.03,2.42
119.4182,1791,17.4924180053,78.4117354561,494.327087402,291.22,1.46
119.4796,1792,17.4924183092,78.4117346733,494.310913086,316.03,1.62
119.5382,1793,17.4924189363,78.4117340683,494.323364258,301.34,1.42
119.6046,1794,17.4924193915,78.4117333208,494.313323975,314.21,2.7
119.6727,1795,17.4924205743,78.4117321049,494.313690186,315.27,1.38
119.7464,1796,17.4924212388,78.4117314467,494.324676514,310.43,2.74
119.8155,1797,17.4924223745,78.4117301135,494.331176758,319.27,1.41
119.8709,1798,17.4924229166,78.4117296468,494.327178955,317.03,1.61
119.9366,1799,17.4924236279,78.4117289842,494.326934814,299.51,1.17
120.0043,1800,17.4924239906,78.4117283434,494.31854248,308.59,2.88
120.0713,1801,17.4924251037,78.4117269484,494.306610107,319.93,1.79
120.136,1802,17.4924259176,78.4117262637,494.311157227,297.18,1.62
120.2034,1803,17.4924263839,78.4117253555,494.305450439,316.77,3.49
120.2721,1804,17.4924279882,78.4117238476,494.311065674,316.63,1.67
120.3456,1805,17.4924288109,78.4117230705,494.316833496,314.41,1.84
120.4045,1806,17.4924295093,78.4117223576,494.329376221,311.64,3.31
120.474,1807,17.4924309199,78.4117207712,494.329956055,317.87,2.02
120.5384,1808,17.4924318057,78.4117199701,494.328216553,311.15,1.56
120.6012,1809,17.4924324012,78.4117192886,494.324188232,313.11,3.51
120.6738,1810,17.4924340059,78.4117175744,494.320007324,318.92,2.22
120.7353,1811,17.4924349524,78.4117167492,494.327789307,306.92,1.56
120.8021,1812,17.4924355345,78.4117159745,494.320007324,313.64,4.0
120.869,1813,17.492437237,78.4117141889,494.318817139,317.58,2.14
120.9359,1814,17.4924382086,78.4117133011,494.326599121,312.03,3.73
121.0088,1815,17.492439891,78.4117114347,494.326965332,300.47,2.26
121.0673,1816,17.4924405148,78.4117103743,494.335632324,316.74,2.34
121.1333,1817,17.4924415481,78.4117094019,494.32824707,314.4,1.89
121.2035,1818,17.4924424017,78.4117085301,494.342681885,312.64,4.5
121.2702,1819,17.4924442787,78.411706492,494.349945068,316.74,2.49
121.3399,1820,17.4924454389,78.4117054001,494.359100342,315.73,4.66
121.4088,1821,17.4924475551,78.4117033368,494.364349365,306.34,2.71
121.4725,1822,17.4924485046,78.4117020461,494.360626221,315.99,2.9
121.5374,1823,17.4924497496,78.4117008434,494.3699646,312.34,2.68
121.6071,1824,17.4924509109,78.4116995691,494.371337891,309.39,6.07
121.6727,1825,17.4924532483,78.4116967229,494.37020874,315.35,3.03
121.7387,1826,17.4924545565,78.4116954305,494.363586426,305.77,3.34
121.8025,1827,17.4924557132,78.4116938248,494.364776611,309.37,6.27
121.8713,1828,17.4924582466,78.4116907375,494.364013672,314.67,3.24
121.9386,1829,17.4924596579,78.4116893096,494.372558594,305.95,3.5
122.0065,1830,17.492460954,78.4116875226,494.364837646,313.6,7.06
122.0716,1831,17.4924638774,78.4116844522,494.363983154,314.49,3.55
122.1366,1832,17.4924653675,78.4116829354,494.373321533,309.23,3.59
122.2005,1833,17.4924667096,78.4116812918,494.375640869,311.0,7.1
122.2694,1834,17.4924696741,78.4116778814,494.374053955,314.58,3.75
122.3345,1835,17.4924712523,78.4116762798,494.367340088,312.48,6.72
122.4084,1836,17.4924743465,78.4116729009,494.383209229,310.86,3.84
122.4733,1837,17.4924758525,78.41167116,494.374267578,314.9,4.18
122.535,1838,17.4924775278,78.4116694791,494.383605957,312.39,4.0
122.6033,1839,17.4924792268,78.411667618,494.374237061,313.09,7.43
122.675,1840,17.4924825826,78.4116640306,494.371734619,312.41,4.41
122.7389,1841,17.4924843353,78.4116621119,494.376708984,315.41,4.16
122.8054,1842,17.4924861469,78.4116603258,494.384490967,313.05,8.5
122.8725,1843,17.4924897369,78.4116564824,494.383605957,315.6,4.24
122.9391,1844,17.4924915939,78.4116546641,494.379272461,314.23,4.84
123.0003,1845,17.4924934965,78.4116527094,494.381195068,316.38,8.25
123.0699,1846,17.4924973204,78.4116490654,494.372650146,316.09,4.27
123.137,1847,17.49249922,78.411647237,494.380432129,315.0,4.64
123.2028,1848,17.4925012076,78.4116452494,494.370391846,314.08,8.66
123.2728,1849,17.4925050926,78.4116412375,494.373168945,316.28,4.38
123.3396,1850,17.4925070384,78.411639377,494.38092041,313.47,4.33
123.4065,1851,17.4925088758,78.4116374385,494.391571045,315.38,9.53
123.4694,1852,17.4925128026,78.4116335637,494.394683838,316.34,4.45
123.5356,1853,17.4925147612,78.4116316948,494.389678955,311.81,4.92
123.5999,1854,17.4925167083,78.4116295179,494.397338867,314.13,8.22
123.6719,1855,17.4925205068,78.4116256017,494.396514893,316.09,4.43
123.7389,1856,17.4925224753,78.4116237066,494.404296875,315.54,4.71
123.8072,1857,17.492524587,78.411621634,494.398651123,313.65,9.24
123.8716,1858,17.4925283744,78.4116176631,494.402252197,316.13,4.56
123.9373,1859,17.4925303604,78.4116157539,494.411590576,312.4,8.61
124.0083,1860,17.4925341631,78.4116115899,494.417449951,316.01,4.43
124.0762,1861,17.4925361552,78.4116096665,494.427581787,316.06,4.86
124.1382,1862,17.4925381525,78.4116077419,494.422149658,312.28,4.98
124.2008,1863,17.4925400899,78.4116056116,494.428405762,313.5,8.75
124.2712,1864,17.4925440001,78.411601491,494.433502197,315.82,4.54
124.3383,1865,17.4925460116,78.4115995364,494.443634033,314.89,8.62
124.4086,1866,17.4925499499,78.4115955829,494.440185547,312.07,4.82
124.4728,1867,17.4925518627,78.4115934638,494.43069458,315.72,4.98
124.5347,1868,17.4925538953,78.4115914817,494.440032959,312.81,4.39
124.6071,1869,17.4925558864,78.4115893324,494.447906494,314.01,9.3
124.6725,1870,17.4925597827,78.4115852992,494.449493408,315.62,4.8
124.7378,1871,17.4925618434,78.4115832823,494.44329834,312.05,4.67
124.8044,1872,17.492563767,78.4115811493,494.450042725,314.29,9.32
124.8697,1873,17.4925676843,78.4115771335,494.45135498,315.55,4.78
124.9362,1874,17.4925697736,78.4115750838,494.459136963,311.21,4.62
125.001,1875,17.4925715935,78.4115730054,494.453216553,314.47,9.43
125.0681,1876,17.492575677,78.4115688459,494.452514648,315.32,4.88
125.1342,1877,17.4925777874,78.4115667591,494.459136963,313.25,4.94
125.2005,1878,17.4925798565,78.4115645596,494.466064453,314.67,9.66
125.2688,1879,17.4925841301,78.4115602363,494.468048096,315.35,4.52
125.3414,1880,17.4925862799,78.4115581126,494.461242676,314.5,5.12
125.4064,1881,17.4925884271,78.4115559278,494.468566895,314.23,9.93
125.472,1882,17.4925926133,78.4115516275,494.46661377,312.72,5.25
125.5347,1883,17.4925946753,78.4115493946,494.473083496,315.26,4.69
125.6057,1884,17.4925968526,78.411547237,494.46685791,314.34,9.61
125.6748,1885,17.4926011301,78.4115428604,494.465698242,315.15,4.99
125.742,1886,17.4926033211,78.4115406812,494.473480225,314.43,10.17
125.8098,1887,17.492607766,78.4115361466,494.472412109,312.4,5.37
125.8728,1888,17.4926098714,78.4115338405,494.480926514,315.05,5.36
125.9362,1889,17.4926120866,78.411531629,494.474334717,317.06,4.99
126.0072,1890,17.4926144686,78.4115294127,494.47958374,312.27,10.6
126.0729,1891,17.4926187934,78.4115246541,494.472259521,314.93,5.51
126.1355,1892,17.4926210373,78.4115224046,494.48059082,312.57,4.83
126.2051,1893,17.4926231346,78.4115201217,494.467956543,313.53,10.43
126.2728,1894,17.4926276182,78.4115154023,494.465362549,314.59,5.68
126.3341,1895,17.4926298708,78.4115131175,494.473144531,314.73,5.37
126.4023,1896,17.4926322465,78.4115107193,494.468109131,310.95,10.08
126.4735,1897,17.4926365934,78.4115057092,494.457519531,314.32,5.71
126.5353,1898,17.4926388649,78.4115033829,494.451446533,309.28,5.33
126.6017,1899,17.4926409385,78.4115008475,494.451263428,312.1,9.92
126.6735,1900,17.4926453468,78.4114959695,494.441314697,313.93,5.18
126.7405,1901,17.4926475676,78.4114936644,494.447418213,310.92,10.31
126.8088,1902,17.4926518304,78.4114887459,494.431762695,313.68,5.73
126.8707,1903,17.4926540866,78.4114863831,494.423583984,313.68,5.02
126.9413,1904,17.4926563426,78.4114840207,494.4296875,311.68,10.19
127.0122,1905,17.4926607782,78.4114790387,494.42300415,310.11,5.57
127.0757,1906,17.4926628862,78.4114765361,494.416625977,313.31,5.71
127.1384,1907,17.4926651486,78.4114741358,494.407104492,315.79,5.64
127.2012,1908,17.4926674837,78.4114718643,494.417144775,314.37,10.33
127.2702,1909,17.4926720742,78.4114671714,494.41897583,313.8,5.15
127.3391,1910,17.4926743376,78.4114648112,494.423431396,313.63,5.27
127.4073,1911,17.4926766256,78.4114624114,494.416534424,313.95,10.33
127.4765,1912,17.4926811998,78.4114576665,494.418518066,314.03,6.23
127.5352,1913,17.4926835404,78.411455245,494.423187256,312.92,9.77
127.61,1914,17.4926881326,78.411450307,494.422546387,313.27,5.65
127.6726,1915,17.492690369,78.4114479313,494.430877686,314.03,5.13
127.7445,1916,17.4926927322,78.4114454867,494.425201416,312.77,6.0
127.8063,1917,17.4926950544,78.4114429766,494.427734375,313.0,10.73
127.8752,1918,17.4926997055,78.4114379892,494.42590332,313.99,5.97
127.9362,1919,17.4927020373,78.4114355734,494.432006836,310.97,5.56
128.0031,1920,17.4927042918,78.4114329769,494.417114258,313.4,10.78
128.0727,1921,17.4927090445,78.4114279504,494.409332275,311.77,5.73
128.1375,1922,17.4927113288,78.4114253932,494.406097412,313.98,5.83
128.2014,1923,17.4927137148,78.4114229209,494.412322998,312.99,11.19
128.2687,1924,17.4927184493,78.4114178413,494.406860352,313.86,5.44
128.3374,1925,17.4927208348,78.4114153588,494.400085449,312.94,10.42
128.4095,1926,17.4927255555,78.4114102857,494.405578613,310.47,6.12
128.4702,1927,17.4927277852,78.4114076725,494.393341064,313.82,5.39
128.5395,1928,17.4927301684,78.4114051888,494.398071289,313.1,9.9
128.6147,1929,17.4927348594,78.4114001761,494.390197754,311.66,6.07
128.6768,1930,17.4927371736,78.4113975749,494.381011963,313.72,5.44
128.7456,1931,17.4927395584,78.4113950811,494.385681152,312.71,12.1
128.8081,1932,17.4927442922,78.4113899529,494.384460449,311.7,5.72
128.8731,1933,17.4927465774,78.4113873882,494.393280029,313.65,5.62
128.9401,1934,17.4927489722,78.4113848774,494.386352539,313.55,5.76
129.0052,1935,17.4927513536,78.4113823727,494.395446777,312.28,11.42
129.0708,1936,17.4927560049,78.4113772581,494.398742676,313.48,5.69
129.1373,1937,17.4927584042,78.4113747276,494.404968262,310.18,5.83
129.2006,1938,17.4927606052,78.4113721209,494.392211914,311.48,11.35
129.2674,1939,17.4927652431,78.4113668745,494.381958008,307.29,5.33
129.3396,1940,17.4927674039,78.4113640366,494.378753662,312.6,5.77
129.4058,1941,17.4927697891,78.4113614425,494.383422852,310.53,11.67
129.4716,1942,17.4927744008,78.4113560493,494.37322998,310.63,5.93
129.5376,1943,17.4927767551,78.4113533055,494.364685059,312.32,5.53
129.6073,1944,17.4927791511,78.4113506744,494.369354248,311.32,11.27
129.6763,1945,17.4927838953,78.4113452783,494.360321045,312.16,5.9
129.7421,1946,17.492786299,78.4113426236,494.363739014,312.04,11.66
129.8084,1947,17.492791077,78.4113373244,494.355560303,310.82,6.57
129.8671,1948,17.4927934051,78.4113346293,494.343811035,312.12,5.66
129.9361,1949,17.4927958213,78.411331957,494.346923828,312.57,5.4
130.0067,1950,17.4927982001,78.4113293675,494.34286499,312.7,12.23
130.0702,1951,17.4928030591,78.4113241022,494.333862305,312.36,5.87
130.1369,1952,17.4928054944,78.4113214314,494.325042725,312.9,6.01
130.2012,1953,17.4928079209,78.4113188199,494.326629639,313.14,11.59
130.269,1954,17.4928128771,78.4113135319,494.321105957,312.65,5.86
130.3361,1955,17.4928153355,78.4113108631,494.32321167,312.67,5.93
130.4018,1956,17.4928177715,78.4113082204,494.316619873,312.68,11.06
130.4723,1957,17.4928226479,78.4113029314,494.312713623,312.73,6.28
130.5348,1958,17.4928251055,78.411300271,494.312866211,312.88,5.66
130.6045,1959,17.4928275838,78.4112976021,494.314422607,312.27,10.68
130.6787,1960,17.4928325052,78.4112921888,494.305969238,312.87,6.41
130.7404,1961,17.4928349873,78.4112895149,494.299835205,310.57,6.51
130.8017,1962,17.4928373839,78.4112867153,494.29486084,311.87,11.5
130.8705,1963,17.492842261,78.4112812736,494.284790039,312.69,6.06
130.9359,1964,17.4928447412,78.4112785853,494.286346436,310.97,6.12
131.0017,1965,17.4928471801,78.4112757765,494.276428223,311.25,11.96
131.0677,1966,17.4928519868,78.4112702964,494.267944336,312.55,5.96
131.1345,1967,17.4928544692,78.4112675917,494.269500732,311.16,5.82
131.2031,1968,17.4928568978,78.4112648136,494.269317627,310.8,11.61
131.2717,1969,17.4928617076,78.4112592409,494.262359619,312.45,6.28
131.3352,1970,17.4928641904,78.4112565267,494.2550354,310.82,5.92
131.4019,1971,17.4928665765,78.4112537643,494.258056641,312.67,11.72
131.4691,1972,17.4928715021,78.4112484211,494.253997803,312.46,6.07
131.5346,1973,17.49287398,78.4112457132,494.255554199,311.99,5.64
131.6039,1974,17.4928763955,78.4112430295,494.252105713,311.82,11.29
131.6724,1975,17.4928811546,78.4112377104,494.245544434,312.61,6.12
131.7371,1976,17.4928836297,78.4112350197,494.24710083,310.05,5.96
131.8037,1977,17.49288599,78.4112322122,494.251068115,311.38,11.8
131.8705,1978,17.4928908029,78.4112267491,494.247070312,312.52,5.87
131.9379,1979,17.4928932702,78.4112240586,494.241851807,310.16,6.08
132.0024,1980,17.4928956092,78.4112212869,494.241149902,311.11,11.66
132.0706,1981,17.4929004381,78.4112157529,494.235961914,312.36,5.91
132.1375,1982,17.4929028975,78.4112130555,494.237518311,311.73,5.91
132.2041,1983,17.4929053151,78.4112103446,494.230773926,312.39,12.0
132.2708,1984,17.4929102949,78.411204889,494.225250244,312.43,5.86
132.338,1985,17.492912746,78.4112022074,494.228820801,312.57,6.35
132.4004,1986,17.4929152195,78.4111995149,494.230377197,312.51,11.22
132.4712,1987,17.4929201726,78.4111941115,494.226959229,312.6,5.65
132.5414,1988,17.4929226483,78.4111914189,494.220367432,312.35,10.53
132.6167,1989,17.492927578,78.4111860108,494.226898193,313.05,6.64
132.6754,1990,17.4929300304,78.4111833856,494.221740723,312.76,6.7
132.7345,1991,17.4929325103,78.4111807038,494.223297119,313.87,10.46
132.8088,1992,17.4929374765,78.4111755381,494.222625732,317.43,5.57
132.8777,1993,17.4929400729,78.4111731532,494.218933105,313.37,5.58
132.9469,1994,17.4929425191,78.4111705634,494.221984863,314.33,11.91
133.0119,1995,17.4929475025,78.4111654625,494.221832275,311.58,6.91
133.0688,1996,17.4929499138,78.4111627448,494.229034424,313.55,5.79
133.1366,1997,17.492952409,78.4111601196,494.225860596,312.48,5.56
133.206,1998,17.4929548136,78.4111574939,494.233093262,313.52,12.62
133.2682,1999,17.492959796,78.4111522466,494.238128662,313.64,5.78
133.336,2000,17.4929622896,78.4111496315,494.242797852,313.36,5.66
133.4033,2001,17.4929647005,78.4111470786,494.239807129,313.39,11.43
133.4706,2002,17.4929695713,78.4111419265,494.2394104,313.77,5.31
133.5427,2003,17.4929720113,78.4111393794,494.243988037,313.09,11.58
133.6096,2004,17.4929768936,78.4111341602,494.243682861,313.63,5.88
133.6772,2005,17.4929794227,78.4111315074,494.247558594,313.83,6.78
133.7349,2006,17.4929819182,78.4111289082,494.244049072,313.53,5.55
133.8047,2007,17.4929843759,78.4111263208,494.247894287,313.63,12.46
133.868,2008,17.4929893945,78.4111210565,494.247711182,313.95,5.61
133.9379,2009,17.4929919008,78.4111184563,494.249267578,315.01,6.02
134.0031,2010,17.4929944587,78.4111158991,494.249603271,313.73,12.15
134.067,2011,17.4929994054,78.4111107286,494.254699707,314.04,5.47
134.1387,2012,17.4930019185,78.4111081301,494.256500244,312.68,5.88
134.2034,2013,17.4930042976,78.4111055505,494.269042969,313.77,12.07
134.2688,2014,17.493009331,78.4111002958,494.276519775,313.96,5.7
134.3377,2015,17.493011844,78.4110976897,494.272491455,312.15,5.86
134.4047,2016,17.4930142777,78.4110950008,494.280853271,313.66,11.97
134.4706,2017,17.4930192963,78.4110897414,494.284210205,313.82,5.91
134.5371,2018,17.4930218061,78.4110871261,494.288787842,313.04,11.04
134.6079,2019,17.4930267274,78.4110818555,494.294403076,313.66,5.76
134.6761,2020,17.4930292254,78.4110792375,494.293518066,314.56,6.19
134.7386,2021,17.4930317275,78.411076697,494.298675537,313.77,5.71
134.806,2022,17.4930341822,78.4110741344,494.303161621,314.11,12.59
134.8681,2023,17.4930391981,78.4110689596,494.305541992,315.44,5.48
134.9383,2024,17.4930417226,78.4110664737,494.300415039,315.07,10.91
135.009,2025,17.4930467507,78.4110614577,494.302886963,313.99,6.53
135.069,2026,17.4930492573,78.4110588608,494.299346924,313.99,5.43
135.1412,2027,17.4930517644,78.4110562636,494.302459717,315.25,11.65
135.2075,2028,17.4930568163,78.4110512559,494.297729492,314.29,5.97
135.2714,2029,17.4930592698,78.411048741,494.294494629,314.12,5.56
135.3417,2030,17.4930617766,78.4110461562,494.297607422,312.73,6.48
135.4025,2031,17.4930642437,78.4110434856,494.301330566,313.25,10.98
135.474,2032,17.4930692022,78.4110382152,494.299407959,313.08,5.47
135.5475,2033,17.4930717325,78.4110355089,494.294403076,313.86,12.4
135.6107,2034,17.4930767364,78.4110303019,494.300628662,310.75,5.68
135.6815,2035,17.4930791622,78.411027487,494.299468994,313.61,6.44
135.7424,2036,17.4930816551,78.41102487,494.30267334,311.84,6.26
135.8055,2037,17.4930840872,78.4110221532,494.303741455,312.82,11.1
135.8764,2038,17.4930890221,78.4110168279,494.310577393,313.52,6.37
135.9379,2039,17.4930915084,78.4110142096,494.315246582,310.31,6.04
136.0039,2040,17.4930938918,78.4110113997,494.315979004,312.78,11.62
136.0716,2041,17.4930988217,78.4110060727,494.314788818,313.38,6.04
136.1366,2042,17.4931013064,78.4110034435,494.31137085,311.66,10.75
136.2104,2043,17.493106178,78.4109979681,494.31539917,311.16,6.21
136.2753,2044,17.4931086289,78.4109951642,494.31652832,313.2,6.31
136.3377,2045,17.4931111139,78.4109925182,494.318084717,312.11,5.82
136.4048,2046,17.4931135311,78.4109898444,494.327026367,312.7,11.33
136.4747,2047,17.4931184837,78.4109844764,494.337463379,311.5,6.04
136.5445,2048,17.4931210655,78.4109815581,494.346099854,312.52,11.86
136.6108,2049,17.4931259702,78.4109762095,494.348297119,313.18,5.86
136.6769,2050,17.4931284163,78.4109736024,494.351348877,312.24,5.94
136.7449,2051,17.4931309227,78.410970842,494.352264404,312.47,12.3
136.8094,2052,17.4931358668,78.4109654413,494.36328125,313.1,5.81
136.8776,2053,17.4931383621,78.4109627749,494.361175537,308.69,5.35
136.9487,2054,17.4931405621,78.4109600279,494.368652344,311.86,11.61
137.0153,2055,17.4931453266,78.4109547099,494.374847412,312.9,6.22
137.0786,2056,17.4931477996,78.4109520485,494.373504639,312.8,6.37
137.1404,2057,17.493150269,78.4109493821,494.378173828,311.62,11.24
137.2096,2058,17.4931550383,78.4109440136,494.385253906,314.69,5.74
137.2768,2059,17.4931575383,78.4109414867,494.401916504,312.93,6.15
137.3407,2060,17.4931600083,78.4109388313,494.400787354,313.51,6.04
137.405,2061,17.4931624741,78.410936234,494.420959473,311.61,10.91
137.477,2062,17.4931672927,78.410930809,494.427246094,311.09,6.11
137.5433,2063,17.4931697515,78.4109279892,494.430419922,312.83,6.12
137.6075,2064,17.4931722161,78.4109253304,494.430450439,311.26,11.6
137.6737,2065,17.4931768936,78.4109199989,494.437896729,312.83,5.48
137.7454,2066,17.4931793565,78.4109173423,494.441009521,310.28,6.77
137.8058,2067,17.4931818005,78.410914458,494.456695557,311.39,11.12
137.876,2068,17.4931865665,78.4109090492,494.472473145,312.64,5.85
137.9433,2069,17.493189029,78.4109063748,494.469970703,311.8,11.76
138.0098,2070,17.4931938412,78.4109009918,494.5027771,312.56,5.97
138.0757,2071,17.4931962965,78.4108983181,494.50378418,312.52,5.86
138.1428,2072,17.4931987489,78.4108956441,494.511566162,311.56,9.66
138.2235,2073,17.4932035234,78.4108902596,494.530090332,314.66,6.5
138.2844,2074,17.4932060861,78.410887666,494.533782959,312.63,6.42
138.3455,2075,17.4932085387,78.4108850017,494.540130615,313.11,6.38
138.4066,2076,17.493210996,78.4108823768,494.543884277,310.85,11.61
138.4751,2077,17.4932158023,78.4108768175,494.545501709,312.58,5.45
138.5458,2078,17.4932182076,78.4108741995,494.544647217,311.47,11.31
138.6163,2079,17.4932230822,78.4108686833,494.560791016,312.68,6.49
138.6788,2080,17.4932256199,78.4108659312,494.570800781,312.62,5.95
138.7451,2081,17.493228086,78.4108632516,494.578582764,312.11,6.94
138.8021,2082,17.493230533,78.410860544,494.594451904,312.67,10.89
138.8749,2083,17.4932354916,78.4108551642,494.620849609,312.56,5.59
138.9453,2084,17.4932379459,78.4108524914,494.634460449,313.92,11.94
139.0115,2085,17.4932429976,78.4108472457,494.641845703,312.83,6.58
139.0711,2086,17.4932454557,78.4108445942,494.657409668,312.77,5.7
139.1384,2087,17.4932478597,78.4108419953,494.665039062,311.37,5.85
139.2052,2088,17.4932502451,78.4108392866,494.665557861,312.96,11.37
139.2738,2089,17.4932551494,78.4108340195,494.67364502,312.78,5.93
139.3395,2090,17.4932575908,78.4108313811,494.687652588,313.71,5.93
139.4042,2091,17.4932600331,78.4108288266,494.678466797,313.63,12.15
139.4685,2092,17.4932650012,78.4108236151,494.680969238,317.15,5.42
139.5409,2093,17.4932676441,78.4108211636,494.678985596,313.02,10.25
139.6167,2094,17.4932725348,78.4108159227,494.695129395,312.8,5.61
139.6835,2095,17.4932748847,78.4108133852,494.690032959,312.97,6.38
139.7442,2096,17.4932773199,78.4108107712,494.693084717,309.25,5.98
139.8053,2097,17.4932794604,78.4108081518,494.687469482,311.4,11.18
139.874,2098,17.493284152,78.4108028294,494.683013916,312.87,5.75
139.9412,2099,17.4932865768,78.4108002176,494.690582275,311.63,11.73
140.0089,2100,17.4932914469,78.4107947376,494.68081665,311.41,6.07
140.0742,2101,17.4932938688,78.4107919914,494.672943115,312.84,5.97
140.1395,2102,17.493296313,78.410789356,494.676055908,311.85,11.37
140.2083,2103,17.4933011303,78.410783978,494.674926758,309.88,5.47
140.2784,2104,17.4933034025,78.4107812584,494.678070068,312.6,6.52
140.3383,2105,17.4933058415,78.4107786064,494.675140381,312.3,10.63
140.4109,2106,17.493310634,78.4107733387,494.679840088,312.55,6.65
140.4694,2107,17.4933130619,78.4107706933,494.674499512,313.17,5.22
140.5428,2108,17.4933154818,78.4107681141,494.67666626,312.74,10.44
140.6177,2109,17.4933203763,78.4107628175,494.67590332,312.45,6.56
140.6769,2110,17.4933227937,78.4107601744,494.669830322,312.68,6.03
140.7417,2111,17.4933252388,78.4107575224,494.671386719,312.66,6.36
140.8016,2112,17.4933276195,78.4107549387,494.672546387,312.71,10.99
140.8728,2113,17.4933325179,78.4107496316,494.670501709,312.82,5.81
140.94,2114,17.4933349673,78.4107469884,494.667633057,311.33,5.89
141.0068,2115,17.4933373659,78.4107442607,494.672058105,313.3,11.75
141.0717,2116,17.4933421878,78.4107391444,494.671173096,312.85,5.83
141.1385,2117,17.4933446301,78.4107365113,494.67300415,316.14,5.93
141.2071,2118,17.4933473284,78.4107339182,494.670715332,314.01,12.41
141.2704,2119,17.4933523577,78.4107287122,494.674804688,313.06,6.06
141.3345,2120,17.4933548027,78.4107260954,494.67791748,314.44,10.59
141.4076,2121,17.493359796,78.4107210029,494.683013916,317.76,5.78
141.4735,2122,17.4933623872,78.4107186501,494.689819336,313.29,5.28
141.5462,2123,17.4933648155,78.4107160719,494.687347412,314.98,10.99
141.6139,2124,17.4933696575,78.4107112263,494.700073242,318.35,6.04
141.677,2125,17.4933722739,78.4107088994,494.699676514,313.49,5.96
141.7406,2126,17.4933746795,78.4107063638,494.704345703,318.08,5.44
141.8059,2127,17.4933771092,78.410704182,494.707489014,316.14,10.47
141.8777,2128,17.4933820944,78.410699392,494.716796875,313.36,6.17
141.9364,2129,17.493384388,78.4106969633,494.726531982,313.73,5.72
142.0012,2130,17.4933867491,78.4106944953,494.731201172,313.13,10.89
142.0703,2131,17.4933914944,78.410689429,494.734588623,313.54,5.45
142.1378,2132,17.4933938289,78.4106869728,494.731140137,312.35,10.12
142.2106,2133,17.4933984085,78.4106819493,494.740356445,314.08,6.36
142.2719,2134,17.4934009079,78.4106793684,494.737945557,313.16,5.4
142.339,2135,17.4934031939,78.4106769305,494.74105835,311.97,6.14
142.4025,2136,17.4934055991,78.4106742568,494.737792969,311.08,11.23
142.4674,2137,17.4934100226,78.410669183,494.742584229,308.91,5.03
142.5416,2138,17.4934121903,78.4106664974,494.747283936,312.17,5.42
142.6072,2139,17.4934143942,78.4106640647,494.750396729,312.11,10.35
142.6754,2140,17.4934187621,78.4106592327,494.747528076,311.92,4.85
142.7475,2141,17.4934209181,78.4106568312,494.743988037,311.36,6.41
142.8032,2142,17.4934230968,78.4106543568,494.740081787,310.91,9.77
142.8754,2143,17.4934273654,78.4106494315,494.732879639,311.51,5.01
142.9439,2144,17.4934294642,78.4106470601,494.737518311,310.08,10.83
143.0082,2145,17.493433611,78.4106421314,494.736083984,307.32,5.78
143.0701,2146,17.4934356219,78.4106394939,494.733734131,310.87,5.13
143.1356,2147,17.4934376531,78.4106371466,494.73815918,309.53,5.31
143.2038,2148,17.4934397871,78.4106345606,494.748962402,311.38,9.43
143.2753,2149,17.4934439033,78.410629888,494.749603271,309.48,5.62
143.3338,2150,17.4934458378,78.4106275399,494.74609375,310.74,4.74
143.4026,2151,17.4934478061,78.4106252546,494.750488281,310.26,9.56
143.4694,2152,17.4934516192,78.4106207515,494.754516602,310.63,4.69
143.5375,2153,17.4934535402,78.4106185123,494.758789062,311.38,8.59
143.6121,2154,17.493457453,78.4106140717,494.762908936,309.96,5.01
143.6733,2155,17.4934592746,78.4106118978,494.760864258,310.72,4.94
143.7358,2156,17.4934611354,78.4106097357,494.763977051,310.22,4.6
143.8072,2157,17.4934630945,78.4106074189,494.773010254,310.87,9.56
143.8712,2158,17.4934667944,78.4106031433,494.776428223,310.97,4.36
143.9397,2159,17.4934686036,78.4106010602,494.772155762,310.5,4.45
144.0069,2160,17.493470397,78.4105989601,494.778411865,312.35,8.72
144.0733,2161,17.4934739975,78.4105950101,494.78112793,311.34,4.42
144.1368,2162,17.4934757101,78.4105930634,494.785705566,313.15,4.24
144.2028,2163,17.4934774732,78.4105911829,494.784301758,313.25,8.4
144.2701,2164,17.4934810442,78.4105873865,494.788208008,311.81,4.04
144.3376,2165,17.4934827236,78.4105855087,494.792877197,0.0,0.0
